-- phpMyAdmin SQL Dump
-- version 5.2.1
-- https://www.phpmyadmin.net/
--
-- Host: 127.0.0.1
-- Generation Time: Sep 19, 2025 at 07:17 AM
-- Server version: 10.4.32-MariaDB
-- PHP Version: 8.0.30

SET SQL_MODE = "NO_AUTO_VALUE_ON_ZERO";
START TRANSACTION;
SET time_zone = "+00:00";


/*!40101 SET @OLD_CHARACTER_SET_CLIENT=@@CHARACTER_SET_CLIENT */;
/*!40101 SET @OLD_CHARACTER_SET_RESULTS=@@CHARACTER_SET_RESULTS */;
/*!40101 SET @OLD_COLLATION_CONNECTION=@@COLLATION_CONNECTION */;
/*!40101 SET NAMES utf8mb4 */;

--
-- Database: `fixwbcsq_perab`
--

-- --------------------------------------------------------

--
-- Table structure for table `abzar`
--

CREATE TABLE `abzar` (
  `id` int(11) NOT NULL,
  `name` varchar(255) CHARACTER SET utf8mb4 COLLATE utf8mb4_persian_ci NOT NULL,
  `unit` varchar(50) CHARACTER SET utf8mb4 COLLATE utf8mb4_persian_ci NOT NULL,
  `quantity` int(11) NOT NULL,
  `purchase_price` decimal(10,2) NOT NULL,
  `sale_price` decimal(10,2) NOT NULL,
  `description` varchar(255) CHARACTER SET utf8mb4 COLLATE utf8mb4_persian_ci NOT NULL
) ENGINE=InnoDB DEFAULT CHARSET=latin1 COLLATE=latin1_swedish_ci;

--
-- Dumping data for table `abzar`
--

INSERT INTO `abzar` (`id`, `name`, `unit`, `quantity`, `purchase_price`, `sale_price`, `description`) VALUES
(1, 'جدید', 'عدد', 1, 100000.00, 200000.00, 'توضیح ابزار'),
(3, 'سنگ فرز', 'عدد', 1, 250000.00, 258000.00, 'واویلا'),
(4, 'قلم چهار شیار', 'عدد', 5, 35700.00, 15000.00, ''),
(5, 'دلر', 'عدد', 1, 25.00, 5.00, 'لللبیییه'),
(7, 'ابزار', 'متر', 100, 19000.00, 20000.00, 'توضیحات ابزار مورد نظر');

-- --------------------------------------------------------

--
-- Table structure for table `accounts`
--

CREATE TABLE `accounts` (
  `id` int(11) NOT NULL,
  `person_name` varchar(255) NOT NULL,
  `description` text DEFAULT NULL,
  `transaction_date` varchar(10) NOT NULL,
  `debit` decimal(10,0) DEFAULT 0,
  `credit` decimal(10,0) DEFAULT 0,
  `created_at` date NOT NULL
) ENGINE=MyISAM DEFAULT CHARSET=utf8mb4 COLLATE=utf8mb4_persian_ci;

--
-- Dumping data for table `accounts`
--

INSERT INTO `accounts` (`id`, `person_name`, `description`, `transaction_date`, `debit`, `credit`, `created_at`) VALUES
(8, 'مبین صنعت', 'ثبت فاکتور خرید شماره #32 برای تأمین‌کننده مبین صنعت', '۱۴۰۴/۰۲/۲۳', 1000000, 0, '2025-05-13'),
(11, 'متفرقه', 'ثبت فاکتور خرید شماره #35 برای تأمین‌کننده متفرقه', '۱۴۰۴/۰۵/۰۱', 200000, 0, '2025-07-23'),
(9, 'مبین صنعت', 'ثبت فاکتور خرید شماره #33 برای تأمین‌کننده مبین صنعت', '۱۴۰۴/۰۳/۰۵', 66000000, 0, '2025-05-26'),
(10, 'بهشتی', 'ثبت فاکتور خرید شماره #34 برای تأمین‌کننده بهشتی', '۱۴۰۴/۰۴/۲۹', 90000, 0, '2025-07-20'),
(12, 'متفرقه', 'ثبت فاکتور خرید شماره #36 برای تأمین‌کننده متفرقه', '۱۴۰۴/۰۵/۰۱', 10000, 0, '2025-07-23'),
(13, 'متفرقه', 'ثبت فاکتور خرید شماره #37 برای تأمین‌کننده متفرقه', '۱۴۰۴/۰۵/۰۱', 10000, 0, '2025-07-23'),
(14, 'متفرقه', 'ثبت فاکتور خرید شماره #38 برای تأمین‌کننده متفرقه', '۱۴۰۴/۰۵/۰۱', 10000, 0, '2025-07-23'),
(15, 'متفرقه', 'ثبت فاکتور خرید شماره #39 برای تأمین‌کننده متفرقه', '۱۴۰۴/۰۵/۰۱', 10000, 0, '2025-07-23'),
(16, 'متفرقه', 'ثبت فاکتور خرید شماره #42 برای تأمین‌کننده متفرقه', '۱۴۰۴/۰۵/۰۴', 2370000, 0, '2025-07-26'),
(17, 'متفرقه', 'ثبت فاکتور خرید شماره #42 برای تأمین‌کننده متفرقه', '۱۴۰۴/۰۵/۰۴', 2370000, 0, '2025-07-26'),
(18, 'متفرقه', 'ثبت فاکتور خرید شماره #42 برای تأمین‌کننده متفرقه', '۱۴۰۴/۰۵/۰۴', 2370000, 0, '2025-07-26'),
(19, 'متفرقه', 'ثبت فاکتور خرید شماره #42 برای تأمین‌کننده متفرقه', '۱۴۰۴/۰۵/۰۴', 2370000, 0, '2025-07-26'),
(20, 'متفرقه', 'ثبت فاکتور خرید شماره #43 برای تأمین‌کننده متفرقه', '۱۴۰۴/۰۵/۰۴', 2680000, 0, '2025-07-26'),
(21, 'متفرقه', 'ثبت فاکتور خرید شماره #43 برای تأمین‌کننده متفرقه', '۱۴۰۴/۰۵/۰۴', 2680000, 0, '2025-07-26'),
(22, 'متفرقه', 'ثبت فاکتور خرید شماره #43 برای تأمین‌کننده متفرقه', '۱۴۰۴/۰۵/۰۴', 2680000, 0, '2025-07-26'),
(23, 'متفرقه', 'ثبت فاکتور خرید شماره #43 برای تأمین‌کننده متفرقه', '۱۴۰۴/۰۵/۰۴', 2680000, 0, '2025-07-26'),
(24, 'متفرقه', 'ثبت فاکتور خرید شماره #43 برای تأمین‌کننده متفرقه', '۱۴۰۴/۰۵/۰۴', 2680000, 0, '2025-07-26'),
(25, 'متفرقه', 'ثبت فاکتور خرید شماره #44 برای تأمین‌کننده متفرقه', '۱۴۰۴/۰۵/۰۴', 480000, 0, '2025-07-26'),
(26, 'متفرقه', 'ثبت فاکتور خرید شماره #44 برای تأمین‌کننده متفرقه', '۱۴۰۴/۰۵/۰۴', 480000, 0, '2025-07-26'),
(27, 'متفرقه', 'ثبت فاکتور خرید شماره #45 برای تأمین‌کننده متفرقه', '۱۴۰۴/۰۵/۰۴', 278000, 0, '2025-07-26'),
(28, 'متفرقه', 'ثبت فاکتور خرید شماره #45 برای تأمین‌کننده متفرقه', '۱۴۰۴/۰۵/۰۴', 278000, 0, '2025-07-26'),
(29, 'متفرقه', 'ثبت فاکتور خرید شماره #46 برای تأمین‌کننده متفرقه', '۱۴۰۴/۰۵/۰۴', 29978000, 0, '2025-07-26'),
(30, 'متفرقه', 'ثبت فاکتور خرید شماره #46 برای تأمین‌کننده متفرقه', '۱۴۰۴/۰۵/۰۴', 29978000, 0, '2025-07-26'),
(31, 'متفرقه', 'ثبت فاکتور خرید شماره #46 برای تأمین‌کننده متفرقه', '۱۴۰۴/۰۵/۰۴', 29978000, 0, '2025-07-26'),
(32, 'متفرقه', 'ثبت فاکتور خرید شماره #46 برای تأمین‌کننده متفرقه', '۱۴۰۴/۰۵/۰۴', 29978000, 0, '2025-07-26'),
(33, 'متفرقه', 'ثبت فاکتور خرید شماره #46 برای تأمین‌کننده متفرقه', '۱۴۰۴/۰۵/۰۴', 29978000, 0, '2025-07-26'),
(34, 'متفرقه', 'ثبت فاکتور خرید شماره #47 برای تأمین‌کننده متفرقه', '۱۴۰۴/۰۵/۰۴', 7636000, 0, '2025-07-26'),
(35, 'متفرقه', 'ثبت فاکتور خرید شماره #47 برای تأمین‌کننده متفرقه', '۱۴۰۴/۰۵/۰۴', 7636000, 0, '2025-07-26'),
(36, 'متفرقه', 'ثبت فاکتور خرید شماره #47 برای تأمین‌کننده متفرقه', '۱۴۰۴/۰۵/۰۴', 7636000, 0, '2025-07-26'),
(37, 'متفرقه', 'ثبت فاکتور خرید شماره #48 برای تأمین‌کننده متفرقه', '۱۴۰۴/۰۵/۰۴', 10000000, 0, '2025-07-26'),
(38, 'متفرقه', 'ثبت فاکتور خرید شماره #49 برای تأمین‌کننده متفرقه', '۱۴۰۴/۰۵/۰۴', 21000000, 0, '2025-07-26'),
(39, 'متفرقه', 'ثبت فاکتور خرید شماره #50 برای تأمین‌کننده متفرقه', '۱۴۰۴/۰۵/۰۴', 27700000, 0, '2025-07-26'),
(40, 'متفرقه', 'ثبت فاکتور خرید شماره #50 برای تأمین‌کننده متفرقه', '۱۴۰۴/۰۵/۰۴', 27700000, 0, '2025-07-26'),
(41, 'متفرقه', 'ثبت فاکتور خرید شماره #51 برای تأمین‌کننده متفرقه', '۱۴۰۴/۰۵/۰۴', 23505000, 0, '2025-07-26'),
(42, 'متفرقه', 'ثبت فاکتور خرید شماره #51 برای تأمین‌کننده متفرقه', '۱۴۰۴/۰۵/۰۴', 23505000, 0, '2025-07-26'),
(43, 'متفرقه', 'ثبت فاکتور خرید شماره #52 برای تأمین‌کننده متفرقه', '۱۴۰۴/۰۵/۰۴', 1800000, 0, '2025-07-26'),
(44, 'متفرقه', 'ثبت فاکتور خرید شماره #53 برای تأمین‌کننده متفرقه', '۱۴۰۴/۰۵/۰۴', 17700000, 0, '2025-07-26'),
(45, 'متفرقه', 'ثبت فاکتور خرید شماره #54 برای تأمین‌کننده متفرقه', '۱۴۰۴/۰۵/۰۴', 9500000, 0, '2025-07-26'),
(46, 'متفرقه', 'ثبت فاکتور خرید شماره #54 برای تأمین‌کننده متفرقه', '۱۴۰۴/۰۵/۰۴', 9500000, 0, '2025-07-26'),
(47, 'بنی جمالی', 'ثبت فاکتور خرید شماره #55 برای تأمین‌کننده بنی جمالی', '۱۴۰۴/۰۵/۰۴', 139208000, 0, '2025-07-26'),
(48, 'بنی جمالی', 'ثبت فاکتور خرید شماره #55 برای تأمین‌کننده بنی جمالی', '۱۴۰۴/۰۵/۰۴', 139208000, 0, '2025-07-26'),
(49, 'بنی جمالی', 'ثبت فاکتور خرید شماره #55 برای تأمین‌کننده بنی جمالی', '۱۴۰۴/۰۵/۰۴', 139208000, 0, '2025-07-26'),
(50, 'بنی جمالی', 'ثبت فاکتور خرید شماره #56 برای تأمین‌کننده بنی جمالی', '۱۴۰۴/۰۵/۰۴', 546480000, 0, '2025-07-26'),
(51, 'بنی جمالی', 'ثبت فاکتور خرید شماره #56 برای تأمین‌کننده بنی جمالی', '۱۴۰۴/۰۵/۰۴', 546480000, 0, '2025-07-26'),
(52, 'بنی جمالی', 'ثبت فاکتور خرید شماره #56 برای تأمین‌کننده بنی جمالی', '۱۴۰۴/۰۵/۰۴', 546480000, 0, '2025-07-26'),
(53, 'بنی جمالی', 'ثبت فاکتور خرید شماره #56 برای تأمین‌کننده بنی جمالی', '۱۴۰۴/۰۵/۰۴', 546480000, 0, '2025-07-26'),
(54, 'بنی جمالی', 'ثبت فاکتور خرید شماره #56 برای تأمین‌کننده بنی جمالی', '۱۴۰۴/۰۵/۰۴', 546480000, 0, '2025-07-26'),
(55, 'بنی جمالی', 'ثبت فاکتور خرید شماره #56 برای تأمین‌کننده بنی جمالی', '۱۴۰۴/۰۵/۰۴', 546480000, 0, '2025-07-26'),
(56, 'متفرقه', 'ثبت فاکتور خرید شماره #57 برای تأمین‌کننده متفرقه', '۱۴۰۴/۰۵/۰۴', 307840000, 0, '2025-07-26'),
(57, 'متفرقه', 'ثبت فاکتور خرید شماره #57 برای تأمین‌کننده متفرقه', '۱۴۰۴/۰۵/۰۴', 307840000, 0, '2025-07-26'),
(58, 'متفرقه', 'ثبت فاکتور خرید شماره #57 برای تأمین‌کننده متفرقه', '۱۴۰۴/۰۵/۰۴', 307840000, 0, '2025-07-26'),
(59, 'متفرقه', 'ثبت فاکتور خرید شماره #57 برای تأمین‌کننده متفرقه', '۱۴۰۴/۰۵/۰۴', 307840000, 0, '2025-07-26'),
(60, 'متفرقه', 'ثبت فاکتور خرید شماره #57 برای تأمین‌کننده متفرقه', '۱۴۰۴/۰۵/۰۴', 307840000, 0, '2025-07-26'),
(61, 'متفرقه', 'ثبت فاکتور خرید شماره #57 برای تأمین‌کننده متفرقه', '۱۴۰۴/۰۵/۰۴', 307840000, 0, '2025-07-26'),
(62, 'متفرقه', 'ثبت فاکتور خرید شماره #57 برای تأمین‌کننده متفرقه', '۱۴۰۴/۰۵/۰۴', 307840000, 0, '2025-07-26'),
(63, 'متفرقه', 'ثبت فاکتور خرید شماره #57 برای تأمین‌کننده متفرقه', '۱۴۰۴/۰۵/۰۴', 307840000, 0, '2025-07-26'),
(64, 'متفرقه', 'ثبت فاکتور خرید شماره #58 برای تأمین‌کننده متفرقه', '۱۴۰۴/۰۵/۰۴', 160000000, 0, '2025-07-26'),
(65, 'متفرقه', 'ثبت فاکتور خرید شماره #59 برای تأمین‌کننده متفرقه', '۱۴۰۴/۰۵/۰۴', 38250000, 0, '2025-07-26'),
(66, 'متفرقه', 'ثبت فاکتور خرید شماره #59 برای تأمین‌کننده متفرقه', '۱۴۰۴/۰۵/۰۴', 38250000, 0, '2025-07-26'),
(67, 'ابزار مهدی', 'ثبت فاکتور خرید شماره #60 برای تأمین‌کننده ابزار مهدی', '۱۴۰۴/۰۵/۰۴', 2100000, 0, '2025-07-26'),
(68, 'متفرقه', 'ثبت فاکتور خرید شماره #61 برای تأمین‌کننده متفرقه', '۱۴۰۴/۰۵/۰۴', 6000000, 0, '2025-07-26'),
(69, 'متفرقه', 'ثبت فاکتور خرید شماره #62 برای تأمین‌کننده متفرقه', '۱۴۰۴/۰۵/۰۴', 197000000, 0, '2025-07-26'),
(70, 'فرهاد شررخواه', 'ثبت فاکتور خرید شماره #63 برای تأمین‌کننده فرهاد شررخواه', '۱۴۰۴/۰۵/۰۴', 760000, 0, '2025-07-26'),
(71, 'فرهاد شررخواه', 'ثبت فاکتور خرید شماره #64 برای تأمین‌کننده فرهاد شررخواه', '۱۴۰۴/۰۵/۰۴', 25120000, 0, '2025-07-26'),
(72, 'فرهاد شررخواه', 'ثبت فاکتور خرید شماره #64 برای تأمین‌کننده فرهاد شررخواه', '۱۴۰۴/۰۵/۰۴', 25120000, 0, '2025-07-26'),
(73, 'فرهاد شررخواه', 'ثبت فاکتور خرید شماره #65 برای تأمین‌کننده فرهاد شررخواه', '۱۴۰۴/۰۵/۰۴', 12210000, 0, '2025-07-26'),
(74, 'فرهاد شررخواه', 'ثبت فاکتور خرید شماره #66 برای تأمین‌کننده فرهاد شررخواه', '۱۴۰۴/۰۵/۰۴', 10637, 0, '2025-07-26'),
(75, 'فرهاد شررخواه', 'ثبت فاکتور خرید شماره #67 برای تأمین‌کننده فرهاد شررخواه', '۱۴۰۴/۰۵/۰۴', 16900000, 0, '2025-07-26'),
(76, 'فرهاد شررخواه', 'ثبت فاکتور خرید شماره #67 برای تأمین‌کننده فرهاد شررخواه', '۱۴۰۴/۰۵/۰۴', 16900000, 0, '2025-07-26'),
(77, 'مدیر تستی', 'ثبت فاکتور خرید شماره #0 برای تأمین‌کننده مدیر تستی', '۱۴۰۴/۰۶/۱۴', 20000000, 0, '2025-09-05'),
(78, 'مدیر تستی', 'ثبت فاکتور خرید شماره #0 برای تأمین‌کننده مدیر تستی', '۱۴۰۴/۰۶/۱۴', 200000, 0, '2025-09-05'),
(79, 'مدیر تستی', 'ثبت فاکتور خرید شماره #3 برای تأمین‌کننده مدیر تستی', '۱۴۰۴/۰۶/۱۴', 1600000, 0, '2025-09-05'),
(80, 'مدیر تستی', 'ثبت فاکتور خرید شماره #4 برای تأمین‌کننده مدیر تستی', '۱۴۰۴/۰۶/۱۵', 500000, 0, '2025-09-05'),
(81, 'موحد', 'ثبت فاکتور خرید شماره #5 برای تأمین‌کننده موحد', '۱۴۰۴/۰۶/۱۹', 10000, 0, '2025-09-10'),
(82, 'وطن دوست', 'ثبت فاکتور خرید شماره #6 برای تأمین‌کننده وطن دوست', '۱۴۰۴/۰۶/۱۹', 450000, 0, '2025-09-10'),
(83, 'وطن دوست', 'ثبت فاکتور خرید شماره #7 برای تأمین‌کننده وطن دوست', '۱۴۰۴/۰۶/۱۹', 30000, 0, '2025-09-10'),
(84, 'وطن دوست', 'ثبت فاکتور خرید شماره #8 برای تأمین‌کننده وطن دوست', '۱۴۰۴/۰۶/۱۹', 30000, 0, '2025-09-10'),
(85, 'وطن دوست', 'ثبت فاکتور خرید شماره #9 برای تأمین‌کننده وطن دوست', '۱۴۰۴/۰۶/۱۹', 30000, 0, '2025-09-10'),
(86, 'وطن دوست', 'ثبت فاکتور خرید شماره #10 برای تأمین‌کننده وطن دوست', '۱۴۰۴/۰۶/۱۹', 30000, 0, '2025-09-10'),
(87, 'وطن دوست', 'ثبت فاکتور خرید شماره #11 برای تأمین‌کننده وطن دوست', '۱۴۰۴/۰۶/۱۹', 30000, 0, '2025-09-10'),
(88, 'وطن دوست', 'ثبت فاکتور خرید شماره #12 برای تأمین‌کننده وطن دوست', '۱۴۰۴/۰۶/۱۹', 30000, 0, '2025-09-10'),
(89, 'بهادری', 'ثبت فاکتور خرید شماره #13 برای تأمین‌کننده بهادری', '۱۴۰۴/۰۶/۲۰', 700000, 0, '2025-09-10'),
(90, 'مردانی', 'ثبت فاکتور خرید شماره #14 برای تأمین‌کننده مردانی', '۱۴۰۴/۰۶/۲۰', 100000, 0, '2025-09-10'),
(91, 'گودرزی', 'ثبت فاکتور خرید شماره #15 برای تأمین‌کننده گودرزی', '۱۴۰۴/۰۶/۲۰', 20000, 0, '2025-09-10'),
(92, 'گودرزی', 'ثبت فاکتور خرید شماره #16 برای تأمین‌کننده گودرزی', '۱۴۰۴/۰۶/۲۰', 20000, 0, '2025-09-10'),
(93, 'بیگی', 'ثبت فاکتور خرید شماره #17 برای تأمین‌کننده بیگی', '۱۴۰۴/۰۶/۲۰', 20000, 0, '2025-09-10'),
(94, 'افشاری', 'ثبت فاکتور خرید شماره #18 برای تأمین‌کننده افشاری', '۱۴۰۴/۰۶/۲۰', 10000, 0, '2025-09-10'),
(95, 'وطن دوست', 'ثبت فاکتور خرید شماره #19 برای تأمین‌کننده وطن دوست', '۱۴۰۴/۰۶/۲۰', 100000, 0, '2025-09-10'),
(96, 'خانم محمدی', 'ثبت فاکتور خرید شماره #20 برای تأمین‌کننده خانم محمدی', '۱۴۰۴/۰۶/۲۰', 10000, 0, '2025-09-10'),
(97, 'مرتضوی', 'ثبت فاکتور خرید شماره #21 برای تأمین‌کننده مرتضوی', '۱۴۰۴/۰۶/۲۰', 100000, 0, '2025-09-10'),
(98, 'موحد', 'ثبت فاکتور خرید شماره #22 برای تأمین‌کننده موحد', '۱۴۰۴/۰۶/۲۰', 100000, 0, '2025-09-10'),
(99, 'رضایی', 'ثبت فاکتور خرید شماره #23 برای تأمین‌کننده رضایی', '۱۴۰۴/۰۶/۲۰', 10000, 0, '2025-09-10'),
(100, 'رضایی', 'ثبت فاکتور خرید شماره #24 برای تأمین‌کننده رضایی', '۱۴۰۴/۰۶/۲۰', 10000, 0, '2025-09-10'),
(101, 'رضایی', 'ثبت فاکتور خرید شماره #25 برای تأمین‌کننده رضایی', '۱۴۰۴/۰۶/۲۰', 10000, 0, '2025-09-10'),
(102, 'رضایی', 'ثبت فاکتور خرید شماره #26 برای تأمین‌کننده رضایی', '۱۴۰۴/۰۶/۲۰', 10000, 0, '2025-09-10'),
(103, 'رضایی', 'ثبت فاکتور خرید شماره #27 برای تأمین‌کننده رضایی', '۱۴۰۴/۰۶/۲۰', 10000, 0, '2025-09-10'),
(104, 'رضایی', 'ثبت فاکتور خرید شماره #28 برای تأمین‌کننده رضایی', '۱۴۰۴/۰۶/۲۰', 10000, 0, '2025-09-10'),
(105, 'وطن دوست', 'ثبت فاکتور خرید شماره #29 برای تأمین‌کننده وطن دوست', '۱۴۰۴/۰۶/۲۰', 1000000, 0, '2025-09-10'),
(106, 'خ حسینی', 'ثبت فاکتور خرید شماره #30 برای تأمین‌کننده خ حسینی', '۱۴۰۴/۰۶/۲۰', 100000, 0, '2025-09-10'),
(107, 'موحد', 'ثبت فاکتور خرید شماره #31 برای تأمین‌کننده موحد', '۱۴۰۴/۰۶/۲۰', 100000, 0, '2025-09-10');

-- --------------------------------------------------------

--
-- Table structure for table `account_ledgers`
--

CREATE TABLE `account_ledgers` (
  `id` int(11) NOT NULL,
  `customer_name` varchar(255) NOT NULL,
  `invoice_id` int(11) NOT NULL,
  `transaction_date` varchar(10) NOT NULL,
  `amount` decimal(10,2) NOT NULL,
  `description` text DEFAULT NULL
) ENGINE=MyISAM DEFAULT CHARSET=utf8mb4 COLLATE=utf8mb4_persian_ci;

-- --------------------------------------------------------

--
-- Table structure for table `account_sales`
--

CREATE TABLE `account_sales` (
  `id` int(11) NOT NULL,
  `person_name` varchar(255) NOT NULL,
  `description` text DEFAULT NULL,
  `transaction_date` varchar(10) NOT NULL,
  `debit` decimal(10,0) DEFAULT 0,
  `credit` decimal(10,0) DEFAULT 0,
  `created_at` date NOT NULL
) ENGINE=MyISAM DEFAULT CHARSET=utf8mb4 COLLATE=utf8mb4_persian_ci;

-- --------------------------------------------------------

--
-- Table structure for table `ap`
--

CREATE TABLE `ap` (
  `id` int(11) NOT NULL,
  `name` varchar(255) DEFAULT NULL,
  `category` varchar(255) DEFAULT NULL
) ENGINE=MyISAM DEFAULT CHARSET=utf8mb4 COLLATE=utf8mb4_persian_ci;

--
-- Dumping data for table `ap`
--

INSERT INTO `ap` (`id`, `name`, `category`) VALUES
(17, 'سید موسوی', 'contractor'),
(18, 'حامد احمدیان', 'contractor'),
(19, 'علی کاکنج', 'contractor'),
(20, 'دماوندی دماوندی', 'contractor'),
(21, 'مهندس کاکنج', 'contractor'),
(22, 'قنبری قنبری', 'contractor'),
(23, 'مهندس شاهین', 'contractor'),
(24, 'امین خدادادی', 'contractor'),
(25, 'مجید جواهری', 'contractor'),
(26, 'رحمانی لوله کشی', 'contractor'),
(27, 'موحد هوشمند', 'employer'),
(28, 'بهادری سهاپلاست', 'employer'),
(29, 'وطن دوست اربیانا', 'employer'),
(30, 'مردانی ایلیا باتری', 'employer'),
(31, 'گودرزی قند چمران', 'employer'),
(32, 'بیگی مهاب', 'employer'),
(33, 'وطن پرست نان داداشی', 'employer'),
(34, 'خانم محمدی اریانا پلاست', 'employer'),
(35, 'افشاری رنگ افشاری', 'employer'),
(36, 'علی عرب دمبار', 'employer'),
(37, 'اکبری اکبری', 'employer'),
(38, 'حسینی کیسه سازان', 'employer'),
(39, 'مسجد بهادری', 'employer'),
(40, 'مرادی ادویه غدیر', 'employer'),
(41, 'سیدصادقزاده انبار بلوارغدیر', 'employer'),
(42, 'ظریف شیشه بری', 'employer'),
(43, 'محمدی تاپکو', 'employer'),
(44, 'مرتضوی سوهان شکوهیه', 'employer'),
(45, 'مرتضوی سوهان آزادگان', 'employer'),
(46, 'مرتضوی  سوهان زنبیل آباد', 'employer'),
(47, 'مرتضوی سوهان کریمی', 'employer'),
(48, 'مرتضوی سوهان جمهوری ', 'employer'),
(49, 'حسینی تصاق', 'employer'),
(50, 'شالچی تعمیرات دستگاه بنر', 'employer'),
(51, 'قشقایی کودگیاه', 'employer'),
(52, 'نعمتی پایا فنر', 'employer'),
(53, 'احدی سازه بتن', 'employer'),
(54, 'آل داوود اندوود آبکاری', 'employer'),
(55, 'میروکیلی اربیانا شهاب', 'employer'),
(56, 'محمدی فاز۱ فلزات', 'employer'),
(57, 'مدیر تستی نام کارخانه تستی', 'employer'),
(58, 'مهندس کاکنج', 'staff'),
(59, 'کاکنج', 'staff'),
(60, 'شاهین', 'staff'),
(61, 'سید مهدی', 'staff'),
(62, 'مهندس. کاکنج .', 'staff'),
(63, 'کارگنج', 'staff'),
(64, 'مهندس شاهین', 'staff'),
(65, 'مبین صنعت', 'supplier');

-- --------------------------------------------------------

--
-- Table structure for table `ap_accounts`
--

CREATE TABLE `ap_accounts` (
  `id` int(11) NOT NULL,
  `project_id` int(11) NOT NULL,
  `person_name` varchar(255) NOT NULL,
  `description` text DEFAULT NULL,
  `role` varchar(225) DEFAULT NULL,
  `is_check` tinyint(4) NOT NULL DEFAULT 0,
  `transaction_date` date DEFAULT NULL,
  `debit` decimal(10,0) DEFAULT NULL,
  `credit` decimal(10,0) DEFAULT NULL,
  `created_at` datetime DEFAULT NULL
) ENGINE=MyISAM DEFAULT CHARSET=utf8mb4 COLLATE=utf8mb4_persian_ci;

--
-- Dumping data for table `ap_accounts`
--

INSERT INTO `ap_accounts` (`id`, `project_id`, `person_name`, `description`, `role`, `is_check`, `transaction_date`, `debit`, `credit`, `created_at`) VALUES
(1214, 0, 'مدیر تستی', 'بدهکاری بابت فاکتور اجرت پروژه 471', NULL, 0, '1404-06-27', 16605, 0, '1404-06-27 18:55:21'),
(1206, 0, 'مدیر تستی', 'بدهکاری بابت فاکتور جنس پروژه 471', NULL, 0, '1404-06-27', 660000, 0, '1404-06-27 17:18:54'),
(1207, 0, 'مدیر تستی', 'بدهکاری بابت فاکتور اجرت پروژه 471', NULL, 0, '1404-06-27', 0, 0, '1404-06-27 17:18:54'),
(1208, 0, 'علی ', 'بستانکار بابت اجرت پیمانکاران برای پروژه 471', NULL, 0, '1404-06-27', 0, 10003, '1404-06-27 18:55:21'),
(1209, 0, 'مجید امیدی', 'بستانکار بابت اجرت ناظر فنی برای پروژه 471', NULL, 0, '1404-06-27', 0, 830, '1404-06-27 18:55:21'),
(1210, 0, 'مهندس شاهین ', 'بستانکار بابت اجرت حسابدار برای پروژه 471', NULL, 0, '1404-06-27', 0, 830, '1404-06-27 18:55:21'),
(1211, 0, 'مهندس شاهین ', 'بستانکار بابت فاکتور جنس حسابدار برای پروژه 471', NULL, 0, '1404-06-27', 0, 19800, '1404-06-27 18:55:21'),
(1212, 0, 'آقای رحیمی ', 'بستانکار بابت اجرت انباردار برای پروژه 471', NULL, 0, '1404-06-27', 0, 830, '1404-06-27 18:55:21'),
(1213, 0, 'مدیر تستی', 'بدهکاری بابت فاکتور جنس پروژه 471', NULL, 0, '1404-06-27', 660000, 0, '1404-06-27 18:55:21'),
(1205, 0, 'مهندس شاهین ', 'بستانکار بابت فاکتور جنس حسابدار برای پروژه 471', NULL, 0, '1404-06-27', 0, 19800, '1404-06-27 17:18:54'),
(1204, 0, 'مدیر تستی', 'بدهکاری بابت فاکتور اجرت پروژه 471', NULL, 0, '1404-06-27', 2931560, 0, '1404-06-27 10:07:42'),
(1201, 0, 'مهندس شاهین ', 'بستانکار بابت فاکتور جنس حسابدار برای پروژه 471', NULL, 0, '1404-06-27', 0, 19800, '1404-06-27 10:07:42'),
(1203, 0, 'مدیر تستی', 'بدهکاری بابت فاکتور جنس پروژه 471', NULL, 0, '1404-06-27', 660000, 0, '1404-06-27 10:07:42'),
(1202, 0, 'آقای رحیمی ', 'بستانکار بابت اجرت انباردار برای پروژه 471', NULL, 0, '1404-06-27', 0, 146578, '1404-06-27 10:07:42'),
(1200, 0, 'مهندس شاهین ', 'بستانکار بابت اجرت حسابدار برای پروژه 471', NULL, 0, '1404-06-27', 0, 146578, '1404-06-27 10:07:42'),
(1199, 0, 'مجید امیدی', 'بستانکار بابت اجرت ناظر فنی برای پروژه 471', NULL, 0, '1404-06-27', 0, 146578, '1404-06-27 10:07:42'),
(1198, 0, 'علی ', 'بستانکار بابت اجرت پیمانکاران برای پروژه 471', NULL, 0, '1404-06-27', 0, 1758936, '1404-06-27 10:07:42');

-- --------------------------------------------------------

--
-- Table structure for table `attendance`
--

CREATE TABLE `attendance` (
  `id` int(11) NOT NULL,
  `user_id` int(11) NOT NULL,
  `date` varchar(255) NOT NULL,
  `start_time` time NOT NULL,
  `end_time` time DEFAULT NULL,
  `duration` int(11) DEFAULT NULL COMMENT 'مدت زمان به دقیقه',
  `ip_address` varchar(45) NOT NULL,
  `status` enum('present','late','absent','leave') DEFAULT 'present',
  `action` enum('check_in','check_out') NOT NULL,
  `description` text NOT NULL,
  `created_at` timestamp NOT NULL DEFAULT current_timestamp(),
  `name` varchar(50) DEFAULT NULL,
  `family` varchar(50) DEFAULT NULL,
  `role` varchar(50) DEFAULT NULL,
  `day` varchar(20) DEFAULT NULL,
  `working_minutes` int(11) DEFAULT NULL,
  `check_in` time DEFAULT NULL
) ENGINE=InnoDB DEFAULT CHARSET=utf8mb4 COLLATE=utf8mb4_persian_ci;

--
-- Dumping data for table `attendance`
--

INSERT INTO `attendance` (`id`, `user_id`, `date`, `start_time`, `end_time`, `duration`, `ip_address`, `status`, `action`, `description`, `created_at`, `name`, `family`, `role`, `day`, `working_minutes`, `check_in`) VALUES
(24, 2, '2025-04-04', '14:02:00', NULL, NULL, '5.217.52.230', 'present', 'check_in', 'fgfg', '2025-04-04 03:32:42', NULL, NULL, NULL, NULL, NULL, NULL),
(25, 3, '2025-04-04', '14:03:00', NULL, NULL, '5.217.52.230', 'present', 'check_in', 'tfdfdgf', '2025-04-04 03:33:50', NULL, NULL, NULL, NULL, NULL, NULL),
(26, 3, '0621-02-17', '18:23:00', NULL, NULL, '135.148.103.16', 'present', 'check_in', 'بسیشبسشیب', '2025-04-04 07:54:05', NULL, NULL, NULL, NULL, NULL, NULL),
(27, 2, '2025-04-04', '18:56:00', NULL, NULL, 'dsfdsaf', 'present', 'check_in', '135.148.103.16', '2025-04-04 08:27:12', NULL, NULL, NULL, NULL, NULL, NULL),
(28, 3, '2025-04-04', '23:09:00', NULL, NULL, 'یبشسبشس', 'present', 'check_in', '51.81.93.75', '2025-04-04 12:39:42', NULL, NULL, NULL, NULL, NULL, NULL),
(29, 6, '2025-04-04', '23:22:00', NULL, NULL, 'fdsafas', 'present', 'check_in', '51.81.93.75', '2025-04-04 12:53:14', NULL, NULL, NULL, NULL, NULL, NULL),
(30, 2, '1404-01-15', '23:27:00', NULL, NULL, 'تسشبتشسیتمب', 'present', 'check_in', '51.81.93.75', '2025-04-04 12:57:29', NULL, NULL, NULL, NULL, NULL, NULL),
(31, 6, '1404/01/16', '21:26:00', NULL, NULL, 'jdfjlasfjlasf', 'present', 'check_in', '96.126.108.193', '2025-04-05 10:57:31', NULL, NULL, NULL, NULL, NULL, NULL),
(32, 0, '1404/02/24', '17:53:00', NULL, NULL, 'تست', 'present', 'check_in', '37.98.40.98', '2025-05-14 10:54:17', NULL, NULL, NULL, NULL, NULL, NULL),
(33, 8, '1404/02/24', '17:54:00', NULL, NULL, 'تست', 'present', 'check_in', '37.98.40.98', '2025-05-14 10:55:36', NULL, NULL, NULL, NULL, NULL, NULL);

-- --------------------------------------------------------

--
-- Table structure for table `banks`
--

CREATE TABLE `banks` (
  `id` int(11) NOT NULL,
  `name` varchar(255) NOT NULL
) ENGINE=MyISAM DEFAULT CHARSET=utf8mb4 COLLATE=utf8mb4_persian_ci;

--
-- Dumping data for table `banks`
--

INSERT INTO `banks` (`id`, `name`) VALUES
(1, 'کشاورزی'),
(2, 'ملی'),
(3, 'بانک ملی'),
(4, 'بانک ملت');

-- --------------------------------------------------------

--
-- Table structure for table `checks`
--

CREATE TABLE `checks` (
  `id` int(11) NOT NULL,
  `check_number` varchar(255) NOT NULL,
  `check_amount` decimal(10,0) NOT NULL,
  `check_issue_date` varchar(255) NOT NULL,
  `check_due_date` varchar(255) NOT NULL,
  `ap` varchar(255) NOT NULL,
  `bank_id` int(11) NOT NULL,
  `status` varchar(255) NOT NULL,
  `check_type` tinyint(4) NOT NULL
) ENGINE=MyISAM DEFAULT CHARSET=utf8mb4 COLLATE=utf8mb4_persian_ci;

--
-- Dumping data for table `checks`
--

INSERT INTO `checks` (`id`, `check_number`, `check_amount`, `check_issue_date`, `check_due_date`, `ap`, `bank_id`, `status`, `check_type`) VALUES
(5, '10', 300000, '1404/02/06', '1404/02/20', 'احدی سازه بتن', 2, 'دریافتی', 1),
(10, '11', 900000, '1404/02/06', '1404/02/28', 'افشاری رنگ افشاری', 4, 'دریافتی', 0),
(11, '01', 3000000, '1404/02/07', '1404/02/31', 'محمدی فاز۱ فلزات', 4, 'دریافتی', 1),
(12, '02', 40000000, '1404/02/07', '1404/02/31', 'مبین صنعت', 1, 'دریافتی', 1),
(13, '02', 3000000, '1404/02/07', '1404/02/30', 'اکبری اکبری', 3, 'دریافتی', 0),
(14, '03', 6000000000, '1404/02/07', '1404/02/25', 'مدیر تستی نام کارخانه تستی', 4, 'دریافتی', 0);

-- --------------------------------------------------------

--
-- Table structure for table `clients`
--

CREATE TABLE `clients` (
  `id` int(11) NOT NULL,
  `first_name` varchar(50) NOT NULL,
  `last_name` varchar(50) NOT NULL,
  `company_name` varchar(100) DEFAULT NULL,
  `email` varchar(100) NOT NULL,
  `phone` varchar(15) DEFAULT NULL,
  `address` text DEFAULT NULL,
  `created_at` timestamp NOT NULL DEFAULT current_timestamp(),
  `updated_at` timestamp NOT NULL DEFAULT current_timestamp() ON UPDATE current_timestamp()
) ENGINE=MyISAM DEFAULT CHARSET=utf8mb4 COLLATE=utf8mb4_persian_ci;

-- --------------------------------------------------------

--
-- Table structure for table `contractors`
--

CREATE TABLE `contractors` (
  `id` int(11) NOT NULL,
  `name` varchar(50) NOT NULL,
  `family` varchar(50) NOT NULL,
  `phone` varchar(15) DEFAULT NULL,
  `address` varchar(255) NOT NULL,
  `role` enum('پیمانکار') DEFAULT 'پیمانکار',
  `salary` decimal(10,2) DEFAULT NULL,
  `department` varchar(100) DEFAULT NULL,
  `project_id` int(11) DEFAULT NULL,
  `created_at` timestamp NOT NULL DEFAULT current_timestamp(),
  `updated_at` timestamp NOT NULL DEFAULT current_timestamp() ON UPDATE current_timestamp()
) ENGINE=MyISAM DEFAULT CHARSET=utf8mb4 COLLATE=utf8mb4_persian_ci;

--
-- Dumping data for table `contractors`
--

INSERT INTO `contractors` (`id`, `name`, `family`, `phone`, `address`, `role`, `salary`, `department`, `project_id`, `created_at`, `updated_at`) VALUES
(4, 'سید', 'موسوی', '۰۹۱۲', 'زنبیل اباد ۹', 'پیمانکار', NULL, NULL, 1, '2024-11-19 19:49:33', '2024-12-18 20:59:15'),
(6, 'حامد', 'احمدیان', '۰۹۱۲۷۵۲۳۴۳۳', 'سیمیه۳۳', 'پیمانکار', NULL, NULL, 3, '2024-11-19 19:51:56', '2024-11-27 01:40:00'),
(16, 'علی', 'کاکنج', '', 'پردیسان', 'پیمانکار', NULL, NULL, 3, '2024-11-27 01:41:16', '2024-11-27 01:41:16'),
(20, 'دماوندی', 'دماوندی', '0', 'شکوهیه', 'پیمانکار', NULL, NULL, 4, '2024-12-09 08:59:41', '2024-12-09 15:33:51'),
(21, 'مهندس', 'کاکنج', '0', 'پردیسان', 'پیمانکار', NULL, NULL, 5, '2024-12-09 09:00:28', '2024-12-09 09:00:28'),
(22, 'قنبری', 'قنبری', '0', 'ازادگان', 'پیمانکار', NULL, NULL, 6, '2024-12-09 15:32:18', '2024-12-09 15:32:18'),
(23, 'مهندس', 'شاهین', '', 'زنبیل اباد', 'پیمانکار', NULL, NULL, 7, '2024-12-10 22:55:58', '2024-12-20 08:31:58'),
(25, 'امین', 'خدادادی', '0', 'پردیسان', 'پیمانکار', NULL, NULL, 8, '2024-12-24 05:50:31', '2024-12-24 05:50:31'),
(26, 'مجید', 'جواهری', '0', '\r\n', 'پیمانکار', NULL, NULL, 9, '2025-01-28 14:38:47', '2025-01-28 14:38:47'),
(27, 'رحمانی', 'لوله کشی', '0', 'توحید', 'پیمانکار', NULL, NULL, 10, '2025-01-28 14:39:39', '2025-01-28 14:39:39');

-- --------------------------------------------------------

--
-- Table structure for table `direct_sales`
--

CREATE TABLE `direct_sales` (
  `id` int(11) NOT NULL,
  `userName` varchar(255) NOT NULL,
  `supplier_name` varchar(255) NOT NULL,
  `total_amount` decimal(10,0) NOT NULL,
  `created_at` timestamp NOT NULL DEFAULT current_timestamp(),
  `invoice_id` int(11) NOT NULL,
  `due_date` varchar(10) NOT NULL,
  `description` text DEFAULT NULL
) ENGINE=InnoDB DEFAULT CHARSET=utf8mb4 COLLATE=utf8mb4_general_ci;

--
-- Dumping data for table `direct_sales`
--

INSERT INTO `direct_sales` (`id`, `userName`, `supplier_name`, `total_amount`, `created_at`, `invoice_id`, `due_date`, `description`) VALUES
(4, 'سید مهدی', 'مدیر تستی', 500000, '2025-09-06 06:46:49', 0, '', NULL),
(5, 'سید مهدی', 'موحد', 10000, '2025-09-10 13:55:14', 0, '', NULL),
(6, 'سید مهدی', 'وطن دوست', 450000, '2025-09-10 13:57:15', 0, '', NULL),
(14, 'سید مهدی', 'مردانی', 100000, '2025-09-10 21:02:23', 0, '', NULL),
(16, 'سید مهدی', 'گودرزی', 20000, '2025-09-10 21:06:46', 0, '', NULL),
(17, 'سید مهدی', 'بیگی', 20000, '2025-09-10 21:21:33', 0, '', NULL),
(18, 'سید مهدی', 'افشاری', 10000, '2025-09-10 21:26:25', 0, '', NULL),
(19, 'سید مهدی', 'وطن دوست', 100000, '2025-09-10 21:38:43', 0, '', NULL),
(20, 'سید مهدی', 'خانم محمدی', 10000, '2025-09-10 22:09:41', 0, '', NULL),
(21, 'سید مهدی', 'مرتضوی', 100000, '2025-09-10 22:31:23', 0, '', NULL),
(22, 'سید مهدی', 'موحد', 100000, '2025-09-10 22:55:47', 0, '', NULL),
(28, 'سید مهدی', 'رضایی', 10000, '2025-09-11 00:15:16', 0, '', NULL),
(29, 'سید مهدی', 'وطن دوست', 1000000, '2025-09-11 00:25:11', 0, '', NULL),
(30, 'سید مهدی', 'خ حسینی', 100000, '2025-09-11 00:26:54', 0, '', NULL),
(31, 'سید مهدی', 'موحد', 100000, '2025-09-11 00:53:47', 0, '', NULL);

-- --------------------------------------------------------

--
-- Table structure for table `direct_sales_items`
--

CREATE TABLE `direct_sales_items` (
  `id` int(11) NOT NULL,
  `invoice_id` int(11) NOT NULL COMMENT 'ارجاع به جدول direct_sales',
  `product_id` int(11) NOT NULL,
  `product_name` varchar(255) NOT NULL COMMENT 'برای اطمینان از ثبات اطلاعات در آینده',
  `product_brand` varchar(255) DEFAULT NULL,
  `quantity` int(11) NOT NULL COMMENT 'تعداد فروخته شده',
  `purchase_price` decimal(10,0) NOT NULL COMMENT 'قیمت خرید هر واحد (برای محاسبه سود)',
  `sale_price` decimal(10,0) NOT NULL COMMENT 'قیمت فروش هر واحد',
  `total_price` decimal(10,0) NOT NULL COMMENT 'قیمت کل = تعداد * قیمت خرید',
  `created_at` timestamp NOT NULL DEFAULT current_timestamp()
) ENGINE=InnoDB DEFAULT CHARSET=utf8mb4 COLLATE=utf8mb4_general_ci;

--
-- Dumping data for table `direct_sales_items`
--

INSERT INTO `direct_sales_items` (`id`, `invoice_id`, `product_id`, `product_name`, `product_brand`, `quantity`, `purchase_price`, `sale_price`, `total_price`, `created_at`) VALUES
(2, 4, 586, 'دوشاخه معمولی', 'چراغ دار', 5, 100000, 110000, 500000, '2025-09-06 06:46:49'),
(3, 5, 382, 'آژیر', 'ماهان کوچک', 1, 10000, 11000, 10000, '2025-09-10 13:55:14'),
(4, 6, 385, 'آلارم بیزر', '', 1, 450000, 495000, 450000, '2025-09-10 13:57:15'),
(12, 14, 385, 'آلارم بیزر', '', 10, 10000, 11000, 100000, '2025-09-10 21:02:23'),
(14, 16, 381, 'آداپتور', 'سوپلی', 2, 10000, 11000, 20000, '2025-09-10 21:06:46'),
(15, 17, 388, 'اسپری کنتاکتورشور', 'protect', 1, 20000, 22000, 20000, '2025-09-10 21:21:33'),
(16, 18, 392, 'استپ قارچی', '', 1, 10000, 11000, 10000, '2025-09-10 21:26:25'),
(17, 19, 381, 'آداپتور', 'سوپلی', 1, 100000, 110000, 100000, '2025-09-10 21:38:43'),
(18, 20, 399, 'بست', 'لوله پایه دار', 1, 10000, 11000, 10000, '2025-09-10 22:09:41'),
(19, 21, 1102, 'تابلو برق فلزی', '40*30', 1, 100000, 110000, 100000, '2025-09-10 22:31:23'),
(20, 22, 492, 'تابلو دانوب', '25*35 کارکرده', 1, 100000, 110000, 100000, '2025-09-10 22:55:47'),
(26, 28, 561, 'داکت', '10*6', 1, 10000, 11000, 10000, '2025-09-11 00:15:16'),
(27, 29, 581, 'دسته کلی اتوماتیک', '400آمپر', 1, 1000000, 1100000, 1000000, '2025-09-11 00:25:11'),
(28, 30, 505, 'ترانس تغذیه', '12ولت 3 آمپر', 1, 100000, 110000, 100000, '2025-09-11 00:26:54'),
(29, 31, 380, 'آداپتور', 'الکترو پاور', 1, 100000, 110000, 100000, '2025-09-11 00:53:47');

-- --------------------------------------------------------

--
-- Table structure for table `employees`
--

CREATE TABLE `employees` (
  `id` int(11) NOT NULL,
  `manager` varchar(50) NOT NULL,
  `factory` varchar(50) NOT NULL,
  `phone` varchar(15) DEFAULT NULL,
  `address` varchar(255) NOT NULL,
  `role` enum('کارفرما') DEFAULT 'کارفرما',
  `salary` decimal(10,2) DEFAULT NULL,
  `department` varchar(100) DEFAULT NULL,
  `project_id` int(11) DEFAULT NULL,
  `created_at` timestamp NOT NULL DEFAULT current_timestamp(),
  `updated_at` timestamp NOT NULL DEFAULT current_timestamp() ON UPDATE current_timestamp(),
  `is_active` tinyint(1) DEFAULT 1
) ENGINE=MyISAM DEFAULT CHARSET=utf8mb4 COLLATE=utf8mb4_persian_ci;

--
-- Dumping data for table `employees`
--

INSERT INTO `employees` (`id`, `manager`, `factory`, `phone`, `address`, `role`, `salary`, `department`, `project_id`, `created_at`, `updated_at`, `is_active`) VALUES
(73, 'موحد', 'هوشمند', '9120771946', 'کاج', NULL, NULL, NULL, NULL, '2025-09-05 09:29:16', '2025-09-05 09:29:16', NULL),
(72, 'بهادری', 'سهاپلاست', '9121536779', 'فکوری۱۴', NULL, NULL, NULL, NULL, '2025-09-05 09:29:17', '2025-09-05 09:29:17', NULL),
(74, 'وطن دوست', 'اربیانا', '9122514559', 'اوینی۱۲', NULL, NULL, NULL, NULL, '2025-09-05 09:29:17', '2025-09-05 09:29:17', NULL),
(75, 'مردانی', 'ایلیا باتری', '9112250052', 'کلاهدوز ۹ و ۱۱', NULL, NULL, NULL, NULL, '2025-09-05 09:29:17', '2025-09-05 09:29:17', NULL),
(77, 'گودرزی', 'قند چمران', '9124527786', 'چمران 2', NULL, NULL, NULL, NULL, '2025-09-05 09:29:17', '2025-09-05 09:29:17', NULL),
(79, 'بیگی', 'مهاب', '9196664428', 'صیاد۱', NULL, NULL, NULL, NULL, '2025-09-05 09:29:17', '2025-09-05 09:29:17', NULL),
(80, 'وطن پرست', 'نان داداشی', '9121225612', 'اوینی ۱۰', NULL, NULL, NULL, NULL, '2025-09-05 09:29:17', '2025-09-05 09:29:17', NULL),
(81, 'خانم محمدی', 'اریانا پلاست', '9212822547', 'نبش دوران ۱۱ سمت راست اولین کارخانه', NULL, NULL, NULL, NULL, '2025-09-05 09:29:17', '2025-09-05 09:29:17', NULL),
(82, 'افشاری', 'رنگ افشاری', '9126521844', 'پارس جنوبی 2', NULL, NULL, NULL, NULL, '2025-09-05 09:29:17', '2025-09-05 09:29:17', NULL),
(83, 'علی عرب', 'دمبار', '9125511186', 'آوینی 5', NULL, NULL, NULL, NULL, '2025-09-05 09:29:17', '2025-09-05 09:29:17', NULL),
(98, 'اکبری', 'خامنه ای ۶', '9193588598', 'خامنه ای ۶ سومی دست چپ درب قرمز', NULL, NULL, NULL, NULL, '2025-09-05 09:29:17', '2025-09-05 09:29:17', NULL),
(85, 'حسینی', 'کیسه سازان', '9217841510', 'فکوری 2', NULL, NULL, NULL, NULL, '2025-09-05 09:29:17', '2025-09-05 09:29:17', NULL),
(86, 'مسجد', 'بهادری', '', 'میدان همت', NULL, NULL, NULL, NULL, '2025-09-05 09:29:17', '2025-09-05 09:29:17', NULL),
(108, 'مرادی', 'ادویه غدیر', '9186242304', 'اوینی۴', NULL, NULL, NULL, NULL, '2025-09-05 09:29:17', '2025-09-05 09:29:17', NULL),
(88, 'سیدصادقزاده', 'انبار بلوارغدیر', '9122536225', 'رجایی', NULL, NULL, NULL, NULL, '2025-09-05 09:29:17', '2025-09-05 09:29:17', NULL),
(89, 'ظریف', 'شیشه بری', '9155135769', 'انتهای مدرس', NULL, NULL, NULL, NULL, '2025-09-05 09:29:17', '2025-09-05 09:29:17', NULL),
(90, 'محمدی', 'تاپکو', '9138781566', 'پارس جنوبی 3', NULL, NULL, NULL, NULL, '2025-09-05 09:29:17', '2025-09-05 09:29:17', NULL),
(91, 'مرتضوی', 'سوهان شکوهیه', '9195880805', 'میدان دیانمه', NULL, NULL, NULL, NULL, '2025-09-05 09:29:17', '2025-09-05 09:29:17', NULL),
(92, 'مرتضوی', 'سوهان آزادگان', '9195880805', 'میدان آزادگان', NULL, NULL, NULL, NULL, '2025-09-05 09:29:17', '2025-09-05 09:29:17', NULL),
(93, 'مرتضوی ', 'سوهان زنبیل آباد', '9195880805', 'زنبیل آباد', NULL, NULL, NULL, NULL, '2025-09-05 09:29:17', '2025-09-05 09:29:17', NULL),
(94, 'مرتضوی', 'سوهان کریمی', '9195880805', 'بنیاد', NULL, NULL, NULL, NULL, '2025-09-05 09:29:17', '2025-09-05 09:29:17', NULL),
(95, 'مرتضوی', 'سوهان جمهوری ', '9195880805', 'میدان جمهوری', NULL, NULL, NULL, NULL, '2025-09-05 09:29:17', '2025-09-05 09:29:17', NULL),
(96, 'حسینی', 'تصاق', '9930184046', 'کلاهدوز۱۱', NULL, NULL, NULL, NULL, '2025-09-05 09:29:17', '2025-09-05 09:29:17', NULL),
(97, 'شالچی', 'تعمیرات دستگاه بنر', '9128519654', 'فاز یک کارگاهی', NULL, NULL, NULL, NULL, '2025-09-05 09:29:17', '2025-09-05 09:29:17', NULL),
(99, 'قشقایی', 'کودگیاه', '9337262600', 'زنبق', NULL, NULL, NULL, NULL, '2025-09-05 09:29:17', '2025-09-05 09:29:17', NULL),
(100, 'نعمتی', 'پایا فنر', '9198519059', 'کلاهدوز ۹', NULL, NULL, NULL, NULL, '2025-09-05 09:29:17', '2025-09-05 09:29:17', NULL),
(101, 'احدی', 'سازه بتن', '9128791123', 'میدان ثنا', NULL, NULL, NULL, NULL, '2025-09-05 09:29:17', '2025-09-05 09:29:17', NULL),
(102, 'آل داوود', 'اندوود آبکاری', '9121519705', 'انتهای مدرس', NULL, NULL, NULL, NULL, '2025-09-05 09:29:17', '2025-09-05 09:29:17', NULL),
(103, 'میروکیلی', 'اربیانا شهاب', '9198714508', 'شهرک شهاب', NULL, NULL, NULL, NULL, '2025-09-05 09:29:17', '2025-09-05 09:29:17', NULL),
(106, 'محمدی فاز۱', 'فلزات', '9122514373', 'فاز یک کارگاهی', NULL, NULL, NULL, NULL, '2025-09-05 09:29:17', '2025-09-05 09:29:17', NULL),
(107, 'مدیر تستی', 'نام کارخانه تستی', '9230920390', 'آدرس تستی', NULL, NULL, NULL, NULL, '2025-09-05 09:29:17', '2025-09-05 09:29:17', NULL),
(109, 'عسگری ', 'شیشه ', '9354767354', 'نبش دوران8', NULL, NULL, NULL, NULL, '2025-09-05 09:29:17', '2025-09-05 09:29:17', NULL),
(110, 'حمامی', 'علم الهدی', '9127584776', 'علم الهدی۱۱', NULL, NULL, NULL, NULL, '2025-09-05 09:29:17', '2025-09-05 09:29:17', NULL),
(111, 'خ حسینی', 'ارما پلاست', '0000', 'ش', '', NULL, NULL, 34, '2025-04-30 14:00:12', '2025-04-30 14:00:12', 1),
(112, 'رضایی', 'کلاه کاسکت', '9120953843', '', NULL, NULL, NULL, NULL, '2025-09-05 09:29:17', '2025-09-05 09:29:17', NULL),
(113, 'حسینی ', 'پاکسیس ', '9191711719', 'دوران ۱۲', NULL, NULL, NULL, NULL, '2025-09-05 09:29:17', '2025-09-05 09:29:17', NULL),
(114, 'بخشی', 'مسجد رضائیه', 'از مهندس شاهین ', 'توحید', NULL, NULL, NULL, NULL, '2025-09-05 09:29:17', '2025-09-05 09:29:17', NULL),
(115, 'موسوی', 'تزریق', '912651847', 'دانش 6 شمالی', NULL, NULL, NULL, NULL, '2025-09-05 09:29:17', '2025-09-05 09:29:17', NULL),
(116, 'بلال', 'عطر سازی', '9023532002', 'زنبق', NULL, NULL, NULL, NULL, '2025-09-05 09:29:17', '2025-09-05 09:29:17', NULL),
(117, 'باقری', 'ترشی ', '9124524248', 'کلاهدوز 1', NULL, NULL, NULL, NULL, '2025-09-05 09:29:17', '2025-09-05 09:29:17', NULL),
(118, 'زاهدی', 'شیشه سکوریت', '9123986028', 'نبش دوران۸', NULL, NULL, NULL, NULL, '2025-09-05 09:29:17', '2025-09-05 09:29:17', NULL),
(119, 'عبدالهی', 'رفقا', '9123531772', 'شهرک قدس ولیعصر ۵۱', NULL, NULL, NULL, NULL, '2025-09-05 09:29:17', '2025-09-05 09:29:17', NULL),
(120, 'ساریجلو', 'نماسازان', '9112002556', 'میدان حجاب', NULL, NULL, NULL, NULL, '2025-09-05 09:29:17', '2025-09-05 09:29:17', NULL),
(121, 'عابدینی', 'پلاست', '9197285067', 'فاز۵ کارگاهی', NULL, NULL, NULL, NULL, '2025-09-05 09:29:17', '2025-09-05 09:29:17', NULL),
(122, 'رضوی', 'بلسون', '9122217219', 'فکوری۱ سومین کارخانه سمت چپ', NULL, NULL, NULL, NULL, '2025-09-05 09:29:17', '2025-09-05 09:29:17', NULL),
(132, 'میرزایی', 'سوسیس کالباس', '9923081553', 'چمران هفت', NULL, NULL, NULL, NULL, '2025-09-05 09:29:17', '2025-09-05 09:29:17', NULL),
(124, 'کدخدازاده', 'ایمن صنعت', '9123513328', 'چمران 1', NULL, NULL, NULL, NULL, '2025-09-05 09:29:17', '2025-09-05 09:29:17', NULL),
(125, 'حسنی', 'افق کورش', '9198679189', 'میدان مخابرات', NULL, NULL, NULL, NULL, '2025-09-05 09:29:17', '2025-09-05 09:29:17', NULL),
(126, 'شیخ امیدیان', 'شیخ امیدیان', '9197726570', 'قم  پردیسان', NULL, NULL, NULL, NULL, '2025-09-05 09:29:17', '2025-09-05 09:29:17', NULL),
(127, 'شیخ شبرنگ', 'شیخ شبرنگ', '9374902963', 'قم پردیسان', NULL, NULL, NULL, NULL, '2025-09-05 09:29:17', '2025-09-05 09:29:17', NULL),
(128, 'شیخ بریر', 'شیخ بریر', '9127595880', 'قم پردیسان ', NULL, NULL, NULL, NULL, '2025-09-05 09:29:17', '2025-09-05 09:29:17', NULL),
(129, 'حسینیه غدیریه', 'حسینه غدیریه', '9193533990', 'قم پردیسان', NULL, NULL, NULL, NULL, '2025-09-05 09:29:17', '2025-09-05 09:29:17', NULL),
(131, 'خوش قد', 'لبن گستر', '9936394505', 'اوینی۸', NULL, NULL, NULL, NULL, '2025-09-05 09:29:17', '2025-09-05 09:29:17', NULL),
(133, 'کاکنج', 'دپارتمان برق شکوهیه', '9192096926', 'میدان همت', NULL, NULL, NULL, NULL, '2025-09-05 09:29:17', '2025-09-05 09:29:17', NULL),
(134, 'نتاج', 'ایده نگر', 'پرسیده شود', 'شکوهیه', NULL, NULL, NULL, NULL, '2025-09-05 09:29:17', '2025-09-05 09:29:17', NULL),
(135, 'مهدی', 'هایپرمارکت', '00000009', 'قم شکوهیه', 'کارفرما', NULL, NULL, 56, '2025-07-15 06:57:11', '2025-07-15 06:57:11', 1),
(136, 'آقای نوروزی', 'ساراژن', '9907596605', '', NULL, NULL, NULL, NULL, '2025-09-05 09:29:17', '2025-09-05 09:29:17', NULL),
(137, 'عظیمی', 'قاب عکس', '9120692271', 'سر شهرک', NULL, NULL, NULL, NULL, '2025-09-05 09:29:17', '2025-09-05 09:29:17', NULL),
(138, 'فردوسی', 'اپارتمان مسکونی', '9363438388', 'حدود مطهری', NULL, NULL, NULL, NULL, '2025-09-05 09:29:17', '2025-09-05 09:29:17', NULL),
(139, 'غلامی', 'اونیک چمران', '9122527104', 'نبش چمران 3', NULL, NULL, NULL, NULL, '2025-09-05 09:29:17', '2025-09-05 09:29:17', NULL),
(140, 'آراد چارتا', 'آراد چارتا', '9192539961', 'قم', NULL, NULL, NULL, NULL, '2025-09-05 09:29:17', '2025-09-05 09:29:17', NULL),
(141, 'سحرخیز', 'ضریح سازی چوبی ', '9173373340', 'دوران ۲ ', NULL, NULL, NULL, NULL, '2025-09-05 09:29:17', '2025-09-05 09:29:17', NULL),
(142, 'یزدی', 'یزدی', '9127492797', 'پردیسان شهرک ابتدایی', NULL, NULL, NULL, NULL, '2025-09-05 09:29:17', '2025-09-05 09:29:17', NULL),
(143, 'شیخ لواسانی', 'لواسانی', '9124253860', 'پردیسان', NULL, NULL, NULL, NULL, '2025-09-05 09:29:17', '2025-09-05 09:29:17', NULL),
(144, 'محمدی', 'اونیک بروجردی', '9124531748', 'بروجردی 5', NULL, NULL, NULL, NULL, '2025-09-05 09:29:17', '2025-09-05 09:29:17', NULL),
(145, 'اقا خانی', 'کارگاه تراشکاری', '9126531016', 'فاز ۱ کارگاهی جنب محمدی', NULL, NULL, NULL, NULL, '2025-09-05 09:29:17', '2025-09-05 09:29:17', NULL),
(146, 'نیکو ', 'دوران', '9122524078', 'شهرک صنعتی شکوهیه ', NULL, NULL, NULL, NULL, '2025-09-05 09:29:17', '2025-09-05 09:29:17', NULL),
(147, 'اقای سالکی', 'سالکی ', '9192096925', '', NULL, NULL, NULL, NULL, '2025-09-05 09:29:17', '2025-09-05 09:29:17', NULL),
(149, 'شیخ بهجت ', 'خانه', '9124532519', '', NULL, NULL, NULL, NULL, '2025-09-05 09:29:17', '2025-09-05 09:29:17', NULL),
(150, 'مسجد', 'مسجد ', '9121536779', '', NULL, NULL, NULL, NULL, '2025-09-05 09:29:17', '2025-09-05 09:29:17', NULL),
(151, 'حسنی ', 'حسنی ', '9198679189', '', NULL, NULL, NULL, NULL, '2025-09-05 09:29:17', '2025-09-05 09:29:17', NULL),
(152, 'اکبر رستم پور ', 'اشپز خانه مسجد ', '9100561605', '', NULL, NULL, NULL, NULL, '2025-09-05 09:29:17', '2025-09-05 09:29:17', NULL),
(153, 'مقدسی', 'چمران 6', '9123940321', 'چمران 6 پلاک 741', NULL, NULL, NULL, NULL, '2025-09-05 09:29:17', '2025-09-05 09:29:17', NULL),
(154, 'مرادزاده', 'لوازم خانگی', '9128351206', 'روبروی فاز کارگاهی ۵', NULL, NULL, NULL, NULL, '2025-09-05 09:29:17', '2025-09-05 09:29:17', NULL),
(155, 'شیخ محقق', 'شخصی', '9127475342', 'قم', NULL, NULL, NULL, NULL, '2025-09-05 09:29:17', '2025-09-05 09:29:17', NULL);

-- --------------------------------------------------------

--
-- Table structure for table `events`
--

CREATE TABLE `events` (
  `id` int(11) NOT NULL,
  `year` int(11) NOT NULL,
  `month` int(11) NOT NULL,
  `day` int(11) NOT NULL,
  `title` varchar(255) NOT NULL
) ENGINE=InnoDB DEFAULT CHARSET=utf8mb4 COLLATE=utf8mb4_general_ci;

--
-- Dumping data for table `events`
--

INSERT INTO `events` (`id`, `year`, `month`, `day`, `title`) VALUES
(1, 1404, 1, 10, 'رویداد آزمایشی');

-- --------------------------------------------------------

--
-- Table structure for table `expenses`
--

CREATE TABLE `expenses` (
  `id` int(11) NOT NULL,
  `name` varchar(255) NOT NULL
) ENGINE=MyISAM DEFAULT CHARSET=utf8mb4 COLLATE=utf8mb4_persian_ci;

--
-- Dumping data for table `expenses`
--

INSERT INTO `expenses` (`id`, `name`) VALUES
(1, 'هزینه اجاره'),
(2, 'هزینه تبلیغات');

-- --------------------------------------------------------

--
-- Table structure for table `hazineha`
--

CREATE TABLE `hazineha` (
  `id` int(11) NOT NULL,
  `name` text NOT NULL
) ENGINE=MyISAM DEFAULT CHARSET=utf8mb4 COLLATE=utf8mb4_persian_ci;

--
-- Dumping data for table `hazineha`
--

INSERT INTO `hazineha` (`id`, `name`) VALUES
(1, 'اجاره'),
(2, 'اجاره'),
(3, 'خوراک'),
(4, 'حمل و نقل'),
(5, 'قبض آب'),
(6, 'تفریح');

-- --------------------------------------------------------

--
-- Table structure for table `images`
--

CREATE TABLE `images` (
  `id` int(11) NOT NULL,
  `file_name` varchar(255) CHARACTER SET utf8mb4 COLLATE utf8mb4_persian_ci NOT NULL,
  `is_private` tinyint(1) DEFAULT 0,
  `user_id` int(11) NOT NULL,
  `created_at` timestamp NOT NULL DEFAULT current_timestamp()
) ENGINE=InnoDB DEFAULT CHARSET=latin1 COLLATE=latin1_swedish_ci;

--
-- Dumping data for table `images`
--

INSERT INTO `images` (`id`, `file_name`, `is_private`, `user_id`, `created_at`) VALUES
(43, '1740854021_IMG_20240811_091607_679.jpg', 1, 27, '2025-03-01 15:03:41'),
(44, '1740854021_IMG_20241210_042811_501.jpg', 1, 27, '2025-03-01 15:03:41'),
(45, '1740854021_IMG_20241221_100129_808.jpg', 1, 27, '2025-03-01 15:03:41'),
(46, '1740854021_IMG_20241221_100137_361.jpg', 1, 27, '2025-03-01 15:03:41'),
(51, '1740856828_Screenshot_-_Eitaa.jpg', 1, 27, '2025-03-01 15:50:28'),
(53, '1742012092_IMG_20250311_215705_917.jpg', 1, 25, '2025-03-15 00:44:52'),
(54, '1742012092_IMG_20250310_004228_640.jpg', 1, 25, '2025-03-15 00:44:52'),
(56, '1742068076_IMG_20250212_104219_819.jpg', 0, 25, '2025-03-15 16:17:56'),
(57, '1757740106_VideoScreen1757434598601.png', 0, 8, '2025-09-13 05:08:26'),
(60, '1757740376_Macbook-Air-localhost1.png', 1, 8, '2025-09-13 05:12:56'),
(61, '1757740376_Xiaomi-12-localhost1.png', 1, 8, '2025-09-13 05:12:56');

-- --------------------------------------------------------

--
-- Table structure for table `invoice`
--

CREATE TABLE `invoice` (
  `id` int(11) NOT NULL,
  `invoice_date` varchar(10) NOT NULL,
  `due_date` varchar(10) NOT NULL,
  `customer_name` varchar(255) NOT NULL,
  `description` text DEFAULT NULL
) ENGINE=MyISAM DEFAULT CHARSET=utf8mb4 COLLATE=utf8mb4_persian_ci;

-- --------------------------------------------------------

--
-- Table structure for table `invoices`
--

CREATE TABLE `invoices` (
  `id` int(11) NOT NULL,
  `project_id` int(11) NOT NULL,
  `customer_name` varchar(255) NOT NULL,
  `total_amount` decimal(10,2) NOT NULL,
  `created_at` timestamp NOT NULL DEFAULT current_timestamp()
) ENGINE=InnoDB DEFAULT CHARSET=latin1 COLLATE=latin1_swedish_ci;

-- --------------------------------------------------------

--
-- Table structure for table `invoice_items`
--

CREATE TABLE `invoice_items` (
  `id` int(11) NOT NULL,
  `invoice_id` int(11) NOT NULL,
  `product_id` int(11) NOT NULL,
  `contractor` varchar(255) NOT NULL,
  `project_id` int(11) NOT NULL,
  `quantity` int(11) NOT NULL,
  `unit_price` decimal(10,0) NOT NULL,
  `total_price` decimal(10,0) NOT NULL,
  `is_active` tinyint(1) DEFAULT NULL,
  `creat_at` timestamp NOT NULL DEFAULT current_timestamp()
) ENGINE=InnoDB DEFAULT CHARSET=utf8mb4 COLLATE=utf8mb4_persian_ci;

--
-- Dumping data for table `invoice_items`
--

INSERT INTO `invoice_items` (`id`, `invoice_id`, `product_id`, `contractor`, `project_id`, `quantity`, `unit_price`, `total_price`, `is_active`, `creat_at`) VALUES
(162, 0, 1050, 'آقای رحیمی', 228, 1, 110, 110, 1, '2025-07-19 12:13:40'),
(163, 0, 1050, 'آقای رحیمی', 207, 1, 110, 110, 1, '2025-07-19 12:16:28'),
(164, 0, 1050, 'آقای رحیمی', 220, 1, 110, 110, 1, '2025-07-19 12:17:35'),
(165, 0, 1050, 'آقای رحیمی', 217, 1, 110, 110, 1, '2025-07-19 12:20:17'),
(166, 0, 1050, 'آقای رحیمی', 231, 1, 110, 110, 1, '2025-07-19 12:25:35'),
(167, 0, 630, 'آقای رحیمی', 349, 5, 0, 0, 1, '2025-07-20 04:49:49'),
(168, 0, 628, 'آقای رحیمی', 349, 10, 0, 0, 1, '2025-07-20 04:51:43'),
(169, 0, 735, 'آقای رحیمی', 349, 2, 0, 0, 1, '2025-07-20 04:52:46'),
(170, 0, 735, 'آقای رحیمی', 353, 1, 2640000, 2640000, 1, '2025-07-20 09:19:22'),
(171, 0, 591, 'آقای رحیمی', 267, 20, 11000, 220000, 1, '2025-07-20 09:32:45'),
(172, 0, 1046, 'آقای رحیمی', 267, 20, 6600, 132000, 1, '2025-07-20 09:33:13'),
(174, 0, 417, 'آقای رحیمی', 267, 200, 13200, 2640000, 1, '2025-07-20 09:42:49'),
(176, 0, 443, 'آقای رحیمی', 267, 50, 26400, 1320000, 1, '2025-07-20 10:04:54'),
(177, 0, 454, 'آقای رحیمی', 267, 10, 19800, 198000, 1, '2025-07-20 10:05:37'),
(178, 0, 997, 'آقای رحیمی', 267, 10, 5500, 55000, 1, '2025-07-20 10:05:56'),
(179, 0, 449, 'آقای رحیمی', 267, 20, 46200, 924000, 1, '2025-07-20 10:06:30'),
(180, 0, 1052, 'آقای رحیمی', 267, 6, 110, 660, 0, '2025-07-20 10:35:47'),
(181, 0, 553, 'آقای رحیمی', 267, 2, 275000, 550000, 0, '2025-07-21 11:13:07'),
(182, 0, 513, 'آقای رحیمی', 267, 4, 88000, 352000, 0, '2025-07-21 11:13:34'),
(183, 0, 1050, 'سید مهدی', 361, 9, 220000, 1980000, 1, '2025-07-25 16:19:18'),
(184, 0, 393, 'مهندس', 409, 1, 330000, 330000, 1, '2025-08-06 06:51:29'),
(185, 0, 391, 'سید مهدی', 466, 1, 715000, 715000, 1, '2025-08-30 11:12:42'),
(186, 0, 402, 'سید مهدی', 466, 7, 27500, 192500, 1, '2025-08-30 11:12:55'),
(187, 0, 494, 'سید مهدی', 417, 5, 14850000, 74250000, 1, '2025-09-01 02:42:25'),
(229, 0, 392, 'سید مهدی', 444, 13, 2750000, 35750000, 0, '2025-09-09 15:13:23'),
(232, 0, 558, 'سید مهدی', 452, 6, 2200000, 13200000, 1, '2025-09-12 07:06:08'),
(234, 0, 384, 'سید مهدی', 452, 2, 15400000, 15400000, 1, '2025-09-12 07:28:39'),
(236, 0, 1098, 'سید مهدی', 452, 1, 216700000, 216700000, 1, '2025-09-12 10:12:26'),
(237, 0, 380, 'سید مهدی', 452, 3, 50000, 150000, 1, '2025-09-12 10:34:55'),
(238, 0, 393, 'سید مهدی', 471, 2, 330000, 660000, 1, '2025-09-18 04:54:44');

-- --------------------------------------------------------

--
-- Table structure for table `invoice_wage`
--

CREATE TABLE `invoice_wage` (
  `id` int(11) NOT NULL,
  `invoice_id` int(11) NOT NULL,
  `product_id` int(11) NOT NULL,
  `contractor` varchar(255) NOT NULL,
  `purchase_price` decimal(10,0) DEFAULT NULL,
  `sale_price` decimal(10,0) DEFAULT NULL,
  `project_id` int(11) NOT NULL,
  `quantity` int(11) NOT NULL,
  `unit_price` decimal(10,0) NOT NULL,
  `total_price` decimal(10,0) NOT NULL,
  `is_active` tinyint(1) DEFAULT NULL,
  `creat_at` timestamp NOT NULL DEFAULT current_timestamp(),
  `description` varchar(255) DEFAULT NULL,
  `no_formula` tinyint(1) DEFAULT 0,
  `contractor_price` decimal(10,0) DEFAULT 0,
  `employer_price` decimal(10,0) DEFAULT 0,
  `total_contractor_price` decimal(10,0) DEFAULT 0,
  `total_employer_price` decimal(10,0) DEFAULT 0
) ENGINE=InnoDB DEFAULT CHARSET=utf8mb4 COLLATE=utf8mb4_persian_ci;

--
-- Dumping data for table `invoice_wage`
--

INSERT INTO `invoice_wage` (`id`, `invoice_id`, `product_id`, `contractor`, `purchase_price`, `sale_price`, `project_id`, `quantity`, `unit_price`, `total_price`, `is_active`, `creat_at`, `description`, `no_formula`, `contractor_price`, `employer_price`, `total_contractor_price`, `total_employer_price`) VALUES
(57, 0, 15, 'علی ', NULL, NULL, 177, 3, 370000, 1110000, 1, '2025-05-28 09:52:58', NULL, 0, 0, 0, 0, 0),
(58, 0, 1, 'علی ', NULL, NULL, 197, 467, 10000, 4670000, 1, '2025-05-28 14:21:57', NULL, 0, 0, 0, 0, 0),
(59, 0, 57, 'مهدی ', NULL, NULL, 236, 1, 324000, 324000, 1, '2025-06-02 07:08:40', NULL, 0, 0, 0, 0, 0),
(60, 0, 67, 'مهدی ', NULL, NULL, 236, 4, 333000, 1332000, 1, '2025-06-02 07:09:41', NULL, 0, 0, 0, 0, 0),
(61, 0, 44, 'مهدی ', NULL, NULL, 236, 8, 153000, 1224000, 1, '2025-06-02 07:12:05', NULL, 0, 0, 0, 0, 0),
(62, 0, 58, 'مهدی ', NULL, NULL, 228, 10, 450000, 4500000, NULL, '2025-06-02 07:23:50', NULL, 0, 0, 0, 0, 0),
(63, 0, 44, 'مهدی ', NULL, NULL, 228, 80, 153000, 12240000, NULL, '2025-06-02 07:25:02', NULL, 0, 0, 0, 0, 0),
(64, 0, 60, 'مهدی ', NULL, NULL, 228, 2, 792000, 1584000, NULL, '2025-06-02 07:28:41', NULL, 0, 0, 0, 0, 0),
(65, 0, 61, 'مهدی ', NULL, NULL, 228, 2, 900000, 1800000, NULL, '2025-06-02 07:31:45', NULL, 0, 0, 0, 0, 0),
(102, 0, 72, 'مهدی ', NULL, NULL, 237, 1, 1746000, 1746000, NULL, '2025-06-05 06:47:48', NULL, 0, 0, 0, 0, 0),
(107, 0, 82, 'محمد ', NULL, NULL, 203, 4, 630000, 2520000, 1, '2025-06-08 02:08:44', NULL, 0, 0, 0, 0, 0),
(108, 0, 81, 'محمد ', NULL, NULL, 203, 1, 381600, 381600, 1, '2025-06-08 02:09:24', NULL, 0, 0, 0, 0, 0),
(109, 0, 60, 'محمد ', NULL, NULL, 203, 9, 792000, 7128000, 1, '2025-06-08 02:11:59', NULL, 0, 0, 0, 0, 0),
(110, 0, 46, 'محمد ', NULL, NULL, 203, 24, 207000, 4968000, 1, '2025-06-08 02:14:10', NULL, 0, 0, 0, 0, 0),
(111, 0, 45, 'محمد ', NULL, NULL, 203, 70, 198000, 13860000, 1, '2025-06-08 02:18:02', NULL, 0, 0, 0, 0, 0),
(112, 0, 24, 'محمد ', NULL, NULL, 203, 23, 207000, 4761000, 1, '2025-06-08 02:19:19', NULL, 0, 0, 0, 0, 0),
(131, 0, 88, 'کاکنج', NULL, NULL, 230, 2, 1746000, 3492000, NULL, '2025-06-12 07:06:25', 'تست', 0, 0, 0, 0, 0),
(132, 0, 24, 'کاکنج', NULL, NULL, 230, 2, 207000, 414000, NULL, '2025-06-12 07:07:11', 'این باز هم تست', 0, 0, 0, 0, 0),
(133, 0, 96, 'محمد', NULL, NULL, 213, 1, 3000000, 3000000, NULL, '2025-06-13 02:38:41', 'با مهدی نوروزی', 0, 0, 0, 0, 0),
(134, 0, 88, 'کاکنج', NULL, NULL, 208, 4, 1746000, 6984000, 1, '2025-06-13 02:38:41', 'با علی انجام شده', 0, 0, 0, 0, 0),
(135, 0, 36, 'امین ', NULL, NULL, 189, 1, 960000, 960000, NULL, '2025-06-13 02:38:55', 'تست ', 0, 0, 0, 0, 0),
(136, 0, 10, 'مهدی ', NULL, NULL, 239, 1, 5000000, 5000000, NULL, '2025-06-13 02:39:07', '', 0, 0, 0, 0, 0),
(138, 0, 58, 'مرتضی', NULL, NULL, 253, 1, 450000, 450000, NULL, '2025-06-13 02:39:34', '', 0, 0, 0, 0, 0),
(139, 0, 19, 'مهدی ', NULL, NULL, 239, 1, 691200, 691200, NULL, '2025-06-13 02:40:44', '', 0, 0, 0, 0, 0),
(140, 0, 96, 'مجید ', NULL, NULL, 244, 1, 3000000, 3000000, NULL, '2025-06-13 02:47:16', '', 0, 0, 0, 0, 0),
(141, 0, 44, 'مهدی ', NULL, NULL, 206, 1, 153000, 153000, NULL, '2025-06-16 07:22:43', '', 0, 0, 0, 0, 0),
(147, 0, 46, 'مهدی ', NULL, NULL, 249, 50, 207000, 10350000, NULL, '2025-07-01 10:38:38', '', 0, 0, 0, 0, 0),
(149, 0, 88, 'کاکنج', NULL, NULL, 232, 1, 1746000, 1746000, 1, '2025-07-07 12:22:16', '', 0, 0, 0, 0, 0),
(150, 0, 88, 'سید مهدی', NULL, NULL, 255, 5, 1746000, 8730000, 1, '2025-07-08 11:47:44', '1', 0, 0, 0, 0, 0),
(151, 0, 24, 'سید مهدی', NULL, NULL, 255, 6, 207000, 1242000, 1, '2025-07-08 11:48:01', '2', 0, 0, 0, 0, 0),
(152, 0, 24, 'سید مهدی', NULL, NULL, 233, 100, 207000, 20700000, 1, '2025-07-09 03:05:14', 'تست', 0, 0, 0, 0, 0),
(153, 0, 36, 'سید مهدی', NULL, NULL, 256, 6, 960000, 5760000, 1, '2025-07-09 07:59:13', 'متر', 0, 0, 0, 0, 0),
(154, 0, 24, 'سید مهدی', NULL, NULL, 256, 8, 207000, 1656000, 1, '2025-07-09 07:59:32', '', 0, 0, 0, 0, 0),
(155, 0, 57, 'مهدی ', NULL, NULL, 264, 8, 324000, 2592000, 1, '2025-07-12 08:54:53', '', 0, 0, 0, 0, 0),
(156, 0, 60, 'مهدی ', NULL, NULL, 264, 2, 792000, 1584000, 1, '2025-07-12 08:55:14', '', 0, 0, 0, 0, 0),
(157, 0, 67, 'مهدی ', NULL, NULL, 264, 1, 333000, 333000, 1, '2025-07-12 08:55:32', '', 0, 0, 0, 0, 0),
(158, 0, 36, 'سید مهدی', NULL, NULL, 287, 7, 960000, 6720000, 1, '2025-07-13 11:28:39', '', 0, 0, 0, 0, 0),
(159, 0, 20, 'مهدی ', NULL, NULL, 283, 77, 134400, 10348800, 1, '2025-07-14 14:00:28', '', 0, 0, 0, 0, 0),
(160, 0, 26, 'مهدی ', NULL, NULL, 283, 34, 252000, 8568000, 1, '2025-07-14 14:01:25', '', 0, 0, 0, 0, 0),
(161, 0, 18, 'مهدی ', NULL, NULL, 283, 22, 324000, 7128000, 1, '2025-07-14 14:02:18', '', 0, 0, 0, 0, 0),
(162, 0, 96, 'سید مهدی', NULL, NULL, 235, 13, 3000000, 39000000, 1, '2025-07-15 02:56:11', 'تست', 0, 0, 0, 0, 0),
(163, 0, 94, 'کاکنج', NULL, NULL, 293, 1, 3780000, 3780000, 1, '2025-07-15 08:45:12', 'پروگرام سانترال انجام دادم', 0, 0, 0, 0, 0),
(164, 0, 46, 'امین ', NULL, NULL, 301, 35, 207000, 7245000, NULL, '2025-07-15 10:15:00', '', 0, 0, 0, 0, 0),
(166, 0, 64, 'مهدی ', NULL, NULL, 226, 3, 810000, 2430000, 1, '2025-07-15 15:24:59', 'نصب براکت 1 متری ', 0, 0, 0, 0, 0),
(167, 0, 58, 'مهدی ', NULL, NULL, 307, 4, 450000, 1800000, 1, '2025-07-16 05:35:35', '', 0, 0, 0, 0, 0),
(168, 0, 60, 'مهدی ', NULL, NULL, 307, 4, 792000, 3168000, 1, '2025-07-16 05:35:47', '', 0, 0, 0, 0, 0),
(173, 0, 76, 'مهدی ', NULL, NULL, 321, 8, 588000, 4704000, 1, '2025-07-16 14:51:58', '', 0, 0, 0, 0, 0),
(174, 0, 59, 'مهدی ', NULL, NULL, 321, 1, 1104000, 1104000, 1, '2025-07-16 14:55:08', 'باز کردن پریز کیستون شبکه و قطعی 1 عدد سیم ', 0, 0, 0, 0, 0),
(175, 0, 96, 'مهدی ', NULL, NULL, 324, 1, 3000000, 3000000, 1, '2025-07-16 20:13:31', 'نصب و سربندی ترانس 20 آمپر ', 0, 0, 0, 0, 0),
(176, 0, 73, 'مهدی ', NULL, NULL, 324, 1, 3570000, 3570000, 1, '2025-07-16 20:15:39', 'نصب و سربندی محافظ زیر کنتوری ', 0, 0, 0, 0, 0),
(177, 0, 58, 'مهدی ', NULL, NULL, 324, 1, 450000, 450000, 1, '2025-07-16 20:16:19', '', 0, 0, 0, 0, 0),
(178, 0, 60, 'مهدی ', NULL, NULL, 324, 4, 792000, 3168000, 1, '2025-07-16 20:16:46', '', 0, 0, 0, 0, 0),
(179, 0, 19, 'مهدی ', NULL, NULL, 324, 1, 691200, 691200, 1, '2025-07-16 20:17:26', 'گردبر زنی 36 ', 0, 0, 0, 0, 0),
(181, 0, 39, 'مهدی ', NULL, NULL, 324, 2, 75600, 151200, 1, '2025-07-16 20:28:33', '', 0, 0, 0, 0, 0),
(182, 0, 44, 'مهدی ', NULL, NULL, 324, 2, 153000, 306000, 1, '2025-07-16 20:31:16', 'کابل کشی 1.5×5', 0, 0, 0, 0, 0),
(184, 0, 96, 'مهدی ', NULL, NULL, 226, 6, 3000000, 18000000, 1, '2025-07-16 20:39:49', 'نصب پایه و حباب لامپ ', 0, 0, 0, 0, 0),
(185, 0, 94, 'مهدی ', NULL, NULL, 298, 1, 3780000, 3780000, 1, '2025-07-16 20:45:03', 'افت ولتاژ ', 0, 0, 0, 0, 0),
(186, 0, 96, 'مهدی ', NULL, NULL, 307, 2, 3000000, 6000000, 1, '2025-07-16 20:48:36', 'لوپ زنی تک فاز برای پریز ', 0, 0, 0, 0, 0),
(187, 0, 94, 'مهدی ', NULL, NULL, 307, 1, 3780000, 3780000, 1, '2025-07-16 20:49:50', 'عیب یابی و رفع اتصالی \r\nتعویض پمپ کولر \r\nسربندی تک فاز ', 0, 0, 0, 0, 0),
(188, 0, 24, 'سید مهدی', NULL, NULL, 201, 6, 300000, 1800000, 1, '2025-07-17 01:30:29', '', 0, 0, 0, 0, 0),
(189, 0, 60, 'محمد', NULL, NULL, 266, 25, 792000, 19800000, 1, '2025-07-17 06:16:59', 'زدن سر سیم گرد ارت ', 0, 0, 0, 0, 0),
(190, 0, 94, 'محمد', NULL, NULL, 266, 1, 3780000, 3780000, 1, '2025-07-17 06:17:38', 'عیب یابی مشکل ارت و نول زیرزمین مسجد رضاییه \nساعت کار \n8:30 تا 17:00', 0, 0, 0, 0, 0),
(191, 0, 44, 'امین ', NULL, NULL, 325, 13, 153000, 1989000, 1, '2025-07-17 11:03:23', 'کابل 3*1.5', 0, 0, 0, 0, 0),
(192, 0, 91, 'امین ', NULL, NULL, 325, 1, 846000, 846000, 1, '2025-07-17 11:03:44', '', 0, 0, 0, 0, 0),
(193, 0, 94, 'مهدی ', NULL, NULL, 326, 1, 3780000, 3780000, 1, '2025-07-17 11:07:38', 'عیب یابی سربندی\r\nعیب یابی اینورتور\r\nعیب یابی المنت \r\nعیب یابی کنترل فاز', 0, 0, 0, 0, 0),
(194, 0, 60, 'مهدی ', NULL, NULL, 326, 3, 792000, 2376000, 1, '2025-07-17 11:08:11', '', 0, 0, 0, 0, 0),
(195, 0, 39, 'مهدی ', NULL, NULL, 326, 2, 75600, 151200, 1, '2025-07-17 11:08:27', '', 0, 0, 0, 0, 0),
(196, 0, 60, 'امین ', NULL, NULL, 325, 1, 792000, 792000, 1, '2025-07-17 13:11:24', 'بستن دوشاخ تک فاز لحاظ شود ایتم نبود', 0, 0, 0, 0, 0),
(197, 0, 46, 'مهدی ', NULL, NULL, 328, 14, 207000, 2898000, NULL, '2025-07-18 09:22:50', '', 0, 0, 0, 0, 0),
(198, 0, 25, 'مهدی ', NULL, NULL, 328, 6, 234000, 1404000, NULL, '2025-07-18 09:23:30', '', 0, 0, 0, 0, 0),
(199, 0, 96, 'مهدی ', NULL, NULL, 328, 2, 3000000, 6000000, NULL, '2025-07-18 09:24:57', 'نصب نری و مادگی سه فاز 5.32\nهرکدام یک عدد \nبه همراه سربندی سه فاز ', 0, 0, 0, 0, 0),
(200, 0, 62, 'مهدی ', NULL, NULL, 328, 1, 2061000, 2061000, NULL, '2025-07-18 09:27:00', 'سربندی تخته کلم دینام دریل ستونی', 0, 0, 0, 0, 0),
(201, 0, 96, 'مهدی ', NULL, NULL, 328, 1, 3000000, 3000000, NULL, '2025-07-18 09:39:55', 'سربندی سه فاز \r\nتابلویی زیر مینیاتوری برق اصلی', 0, 0, 0, 0, 0),
(202, 0, 63, 'مهدی ', NULL, NULL, 328, 1, 2061000, 2061000, NULL, '2025-07-18 09:40:54', 'نصب مینیاتوری سه فاز و سیم کشی داخل تابلو برق ', 0, 0, 0, 0, 0),
(203, 0, 39, 'مهدی ', NULL, NULL, 328, 2, 75600, 151200, NULL, '2025-07-18 09:41:26', 'سیم کشی سایز 2.5', 0, 0, 0, 0, 0),
(204, 0, 1, 'مهدی ', NULL, NULL, 337, 3, 2000000, 6000000, 1, '2025-07-18 19:12:25', 'کابل2.5×2', 0, 0, 0, 0, 0),
(205, 0, 60, 'مهدی ', NULL, NULL, 337, 2, 792000, 1584000, 1, '2025-07-18 19:13:26', 'برای سربندی پریز بارونی \r\nو برای سربندی تابلویی', 0, 0, 0, 0, 0),
(206, 0, 73, 'مهدی ', NULL, NULL, 337, 1, 3570000, 3570000, 1, '2025-07-18 19:14:18', 'نصب محافظ ولتاژ و سربندی ', 0, 0, 0, 0, 0),
(207, 0, 58, 'مهدی ', NULL, NULL, 337, 1, 450000, 450000, 1, '2025-07-18 19:15:24', 'نصب پریز بارونی ', 0, 0, 0, 0, 0),
(208, 0, 1, 'مهدی ', NULL, NULL, 333, 15, 2000000, 30000000, 1, '2025-07-18 19:24:49', 'کابل کشی 2.5×2', 0, 0, 0, 0, 0),
(209, 0, 39, 'مهدی ', NULL, NULL, 333, 15, 75600, 1134000, 1, '2025-07-18 19:25:45', 'سیم کشی 2.5', 0, 0, 0, 0, 0),
(211, 0, 27, 'مهدی ', NULL, NULL, 333, 1, 1692000, 1692000, 1, '2025-07-18 19:31:06', 'نصب جعبه فیوز 8 تایی', 0, 0, 0, 0, 0),
(212, 0, 73, 'مهدی ', NULL, NULL, 333, 1, 3570000, 3570000, 1, '2025-07-18 19:31:38', 'نصب محافظ ولتاژ زیر کنتوری و سربندی ', 0, 0, 0, 0, 0),
(214, 0, 58, 'مهدی ', NULL, NULL, 333, 1, 450000, 450000, 1, '2025-07-18 19:32:41', 'نصب پریز ', 0, 0, 0, 0, 0),
(215, 0, 60, 'مهدی ', NULL, NULL, 333, 2, 792000, 1584000, 1, '2025-07-18 19:33:32', '', 0, 0, 0, 0, 0),
(216, 0, 96, 'مهدی ', NULL, NULL, 333, 1, 3000000, 3000000, 1, '2025-07-18 19:36:04', 'تعویض مینیاتوری 3 فاز 32 آمپر \r\nبرای برق اصلی جعبه فیوز ', 0, 0, 0, 0, 0),
(217, 0, 46, 'امین ', NULL, NULL, 311, 25, 207000, 5175000, 1, '2025-07-19 06:18:55', '', 0, 0, 0, 0, 0),
(218, 0, 96, 'امین ', NULL, NULL, 311, 1, 3000000, 3000000, 1, '2025-07-19 06:19:15', 'نصب کلید بالابر ', 0, 0, 0, 0, 0),
(219, 0, 62, 'امین ', NULL, NULL, 311, 2, 2061000, 4122000, 1, '2025-07-19 06:19:59', 'سربندی کابل سه فاز\r\nسربندی دینام سه فاز بالابر ', 0, 0, 0, 0, 0),
(220, 0, 100, 'مهندس امیدی', NULL, NULL, 344, 16, 100000, 1600000, 1, '2025-07-19 20:29:44', 'دمونتاژ تابلو برق توزیع شامل بازکردن کابل‌های از ترمینال ها و باز کردن کلید اتوماتیک ۱۰۰ و ۶ عدد مینیاتوری سه فاز و دو عدد تکفاز و یک عدد سوکت مادگی سه فاز ۴ پین و دو عدد پریز و مقداری داکت و ریل و سه عدد کنتاکتور تا ۲۵ آمپر به همراه سیم های مربوطه ', 0, 0, 0, 0, 0),
(221, 0, 94, 'مهندس امیدی', NULL, NULL, 261, 1, 3780000, 3780000, NULL, '2025-07-19 20:50:37', 'عیب یابی خرابی پاور سوچچینگ', 0, 0, 0, 0, 0),
(222, 0, 94, 'مهندس امیدی', NULL, NULL, 323, 105, 3780000, 396900000, 1, '2025-07-19 20:57:06', 'عیب یابی و رفع عیب خطای سنسورهای القایی و راه اندازی دستگاه از ۹.۱۵ الی ۱۰.۲۰ و بررسی پمپ سه فاز ۰.۷۵ تصفیه خانه از ۸.۳۰ الی ۹.۱۵', 0, 0, 0, 0, 0),
(223, 0, 94, 'مهندس امیدی', NULL, NULL, 346, 2, 3780000, 7560000, 1, '2025-07-19 21:04:33', 'زدن سرسیم گرد به سیم المنت و رفع اتصالی و رفع مشکل شبکه زنی ۲ و تست ۳ عدد المنت از ساعت ۱۵ الی ۱۶.۳۰ ۲۸ تیر', 0, 0, 0, 0, 0),
(224, 0, 62, 'مهدی ', NULL, NULL, 267, 48, 206100, 9892800, 1, '2025-07-20 15:00:04', 'سربندی سه فاز \nیکی از سربندی ها کابل 50×3 است.۳۶ عدد انجام شده که الباقی بخاطر دوباره کاری کارفرما بوده\n\n7 عدد سربندی سه فاز را تنهایی انجام دادم تنهاسرکار بودم(نوروزی)', 0, 0, 0, 0, 0),
(225, 0, 96, 'مهدی ', NULL, NULL, 267, 1, 3000000, 3000000, 1, '2025-07-20 15:02:09', 'تعویض کلید اتوماتیک 100 آمپر ', 0, 0, 0, 0, 0),
(226, 0, 96, 'مهدی ', NULL, NULL, 267, 138, 300000, 41400000, 1, '2025-07-20 15:03:51', 'پس کشی کابل \n2.5×3\n2.5×4', 0, 0, 0, 0, 0),
(227, 0, 110, 'مهدی ', NULL, NULL, 267, 334, 24000, 8016000, 1, '2025-07-20 17:26:35', 'کابل کشی 2.5×4\n41متر تنهایی انجام دادم تنها سرکار بودم (نوروزی)', 0, 0, 0, 0, 0),
(230, 0, 96, 'مهدی ', NULL, NULL, 267, 117, 300000, 35100000, 1, '2025-07-20 17:34:54', 'پس کشی کابل  10×4\nبه متراژ 50متر تنهایی انجام دادم تنها سرکار بودم (نوروزی)', 0, 0, 0, 0, 0),
(231, 0, 30, 'مهدی ', NULL, NULL, 267, 4, 394800, 1579200, 1, '2025-07-20 17:37:32', 'نصب تابلو 70×90\nو نصب تابلو 60×40\nو نصب تابلو 40×30\n\nنصب تابلو 35×25تنها انجام دادم تنها سرکار بودم (نوروزی)', 0, 0, 0, 0, 0),
(232, 0, 34, 'مهدی ', NULL, NULL, 267, 3, 909000, 2727000, 1, '2025-07-20 17:38:21', 'سینی 20', 0, 0, 0, 0, 0),
(233, 0, 24, 'مهدی ', NULL, NULL, 267, 146, 20700, 3022200, 1, '2025-07-20 17:39:05', 'فلکسی 16..به متراژ 16متر تنها انجام دادم تنها سرکار بودم (نوروزی).مقداری دوباره کاری بخاطر کارفرما بوده', 0, 0, 0, 0, 0),
(236, 0, 72, 'امین ', 189000, NULL, 245, 1, 1746000, 189000, 1, '2025-07-21 12:42:59', 'شستی استارت برلی زنگ ', 0, 0, 0, 0, 0),
(237, 0, 26, 'امین ', 10000, NULL, 245, 1, 252000, 10000, 1, '2025-07-21 12:43:20', 'نصب یک عدد قوطی تک خانه برای زنگ ', 0, 0, 0, 0, 0),
(241, 0, 96, 'مهدی ', NULL, NULL, 267, 10, 3000000, 30000000, 1, '2025-07-21 17:49:43', 'کابل کشی 6×4\r\n10متر', 0, 0, 0, 0, 0),
(244, 0, 77, 'مهدی ', 5500000, 10000000, 355, 1, 5500000, 10000000, 1, '2025-07-22 19:12:19', 'مونتاژ و نصب تابلو کج سه فاز\nمورد مونتاژ \nمحافظ ولتاژ زیر کنتوری \nپریز تک فاز باکس زرد رنگ \nسیم کشی 4 .    1 متر \n', 0, 0, 0, 0, 0),
(245, 0, 32, 'مهدی ', 150000, 350000, 355, 1, 150000, 350000, 1, '2025-07-22 19:13:40', 'داکت 1.1 \n50 سانت ', 0, 0, 0, 0, 0),
(246, 0, 96, 'مهدی ', 370000, 650000, 355, 2, 370000, 1300000, 1, '2025-07-22 19:15:03', 'نصب نری و مادگی تک فاز ', 0, 0, 0, 0, 0),
(247, 0, 39, 'مهدی ', 70000, 150000, 355, 2, 70000, 300000, 1, '2025-07-22 19:16:04', 'سیم کشی 4 \n2 متر ', 0, 0, 0, 0, 0),
(248, 0, 96, 'امین ', NULL, NULL, 357, 95, 3000000, 285000000, 1, '2025-07-22 19:16:14', 'اجرای خدمات نت سربندی هواکش ابسرد کن میکسر\r\nجا به جایی و سرویس سربندی ویبراتور های ', 0, 0, 0, 0, 0),
(249, 0, 60, 'مهدی ', 790000, 1500000, 355, 2, 790000, 3000000, 1, '2025-07-22 19:16:30', '', 0, 0, 0, 0, 0),
(250, 0, 1, 'امین ', NULL, NULL, 357, 102, 2000000, 204000000, 1, '2025-07-22 19:17:13', 'کابل بدون روکش ارت سایز 70', 0, 0, 0, 0, 0),
(251, 0, 49, 'مهدی ', NULL, NULL, 267, 48, 30600, 1468800, 1, '2025-07-23 20:21:04', 'کابل کشی 10×4. به متراژ 15متر تنهایی انجام دادم تنها سرکار بودم (نوروزی)\n', 0, 0, 0, 0, 0),
(252, 0, 50, 'مهدی ', NULL, NULL, 267, 13, 351000, 4563000, 1, '2025-07-23 20:22:24', '', 0, 0, 0, 0, 0),
(253, 0, 25, 'مهدی ', NULL, NULL, 267, 15, 234000, 3510000, 1, '2025-07-23 20:24:15', 'فلکسی 25', 0, 0, 0, 0, 0),
(254, 0, 85, 'مهدی ', NULL, NULL, 267, 5, 144000, 720000, 1, '2025-07-23 20:27:07', 'هم بندی سه فاز 2 عدد تنها انجام دادم تنها سرکار بودم (نوروزی)', 0, 0, 0, 0, 0),
(255, 0, 96, 'کاکنج', NULL, NULL, 312, 1, 3000000, 3000000, 1, '2025-07-25 06:50:14', 'تعمیرات کمپرسور دو مرتبه', 0, 0, 0, 0, 0),
(256, 0, 39, 'مهدی ', NULL, NULL, 267, 17, 75600, 1285200, 1, '2025-07-25 08:42:35', 'سیم کشی ارت  6 ', 0, 0, 0, 0, 0),
(257, 0, 96, 'مهدی ', NULL, NULL, 267, 55, 3000000, 165000000, 1, '2025-07-25 08:43:39', 'سیم کشی ارت 2.5', 0, 0, 0, 0, 0),
(258, 0, 96, 'مهدی ', NULL, NULL, 267, 33, 3000000, 99000000, 1, '2025-07-25 08:45:08', 'فلکسی 13', 0, 0, 0, 0, 0),
(259, 0, 103, 'مهدی ', NULL, NULL, 267, 10, 4800000, 48000000, 1, '2025-07-25 08:47:43', 'سربندی سیم آرت 6عدد \nواجرا کلمپ کرپی ۳ عدد به سیم آرت اصلی ', 0, 0, 0, 0, 0),
(260, 0, 96, 'مهدی ', NULL, NULL, 267, 10, 3000000, 30000000, 1, '2025-07-25 08:53:15', 'سربندی سه فاز کابل 35+70×3\n2عدد \nبه همراه پرس کابلشو بیمتال 8 عدد ', 0, 0, 0, 0, 0),
(261, 0, 35, 'مهدی ', NULL, NULL, 267, 2, 1035000, 2070000, 1, '2025-07-25 09:04:25', 'سایز 40\n1.60سانت', 0, 0, 0, 0, 0),
(262, 0, 101, 'سید مهدی', NULL, NULL, 361, 7, 1000000, 7000000, 1, '2025-07-25 15:02:05', 'این تستی می باشد و سریعا بعد از تست پاک خواهد شد ', 0, 0, 0, 0, 0),
(263, 0, 96, 'مهدی ', NULL, NULL, 267, 4, 300000, 1200000, 1, '2025-07-26 18:37:16', 'اجرا موف 10 \n4 عدد ', 0, 0, 0, 0, 0),
(266, 0, 72, 'مهندس امیدی', NULL, NULL, 345, 3, 174600, 523800, 1, '2025-07-26 20:01:50', 'نصب سه عدد چراغ سیگنال', 0, 0, 0, 0, 0),
(267, 0, 41, 'مهندس امیدی', NULL, NULL, 345, 4, 14280, 57120, 1, '2025-07-26 20:04:20', 'سیم کشی سیم ۲۵ حدودا ۴ متر', 0, 0, 0, 0, 0),
(268, 0, 40, 'مهندس امیدی', NULL, NULL, 345, 10, 10080, 100800, 1, '2025-07-26 20:05:03', 'سیم کشی سیم ۱۰ حدودا ۱۰متر', 0, 0, 0, 0, 0),
(269, 0, 39, 'مهندس امیدی', NULL, NULL, 345, 35, 7560, 264600, 1, '2025-07-26 20:08:00', 'سیم کشی سیم ۶ حدودا ۲۰ متر\nسیم کشی ۴ حدودا ۱۵ متر', 0, 0, 0, 0, 0),
(270, 0, 38, 'مهندس امیدی', NULL, NULL, 345, 15, 5880, 88200, 1, '2025-07-26 20:13:08', 'سیم کشی سیم ۱ و ۰.۷۵ مجموعا حدود ۱۵ متر', 0, 0, 0, 0, 0),
(271, 0, 81, 'مهندس امیدی', NULL, NULL, 345, 12, 38160, 457920, 1, '2025-07-26 20:14:27', 'پرس ۳۵ شش عدد و پرس ۲۵ هم شش عدد', 0, 0, 0, 0, 0),
(272, 0, 77, 'مهندس امیدی', NULL, NULL, 345, 1, 252000, 252000, 1, '2025-07-26 20:15:34', 'نصب نمایشگر مولتی رنج شیوا امواج در ابعاد ۹۶ در ۹۶ ', 0, 0, 0, 0, 0),
(273, 0, 63, 'مهندس امیدی', NULL, NULL, 345, 13, 206100, 2679300, 1, '2025-07-26 20:17:28', '۲عدد ۶۳ و ۳ عدد ۳۲ و ۴ عدد ۱۶ و ۴ عدد ۱۰ آمپر سه فاز ', 0, 0, 0, 0, 0),
(274, 0, 61, 'مهندس امیدی', NULL, NULL, 345, 10, 90000, 900000, 1, '2025-07-26 20:18:35', '۳ عدد ۲۵ و دوعدد ۱۶ و دو عدد ۱۰ امپری و ۳ عدد ترمینا فیوز شیشه ای ۳ آمپری', 0, 0, 0, 0, 0),
(275, 0, 32, 'مهندس امیدی', NULL, NULL, 345, 2, 30600, 61200, 1, '2025-07-26 20:19:44', 'داکت ۴ با عمق ۶ حدودا  ۲ متر', 0, 0, 0, 0, 0),
(276, 0, 33, 'مهندس امیدی', NULL, NULL, 345, 2, 31500, 63000, 1, '2025-07-26 20:20:41', 'داکت ۶در۶ حدودا ۲ متر', 0, 0, 0, 0, 0),
(277, 0, 15, 'مهندس امیدی', NULL, NULL, 345, 1, 22200, 22200, 1, '2025-07-26 20:21:28', 'داکت ۲ یک متر', 0, 0, 0, 0, 0),
(278, 0, 70, 'مهندس امیدی', NULL, NULL, 345, 4, 207600, 830400, 1, '2025-07-26 20:22:11', 'نصب ترموستات فن تابلویی شیوامواج ۱ عدد و نصب دوعدد دریچه فن ۱۲در۱۲ و یک عدد فن ۱۲در ۱۲', 0, 0, 0, 0, 0),
(279, 0, 28, 'مهندس امیدی', NULL, NULL, 345, 1, 185400, 185400, 1, '2025-07-26 20:25:46', 'نصب سینی برق ۶۰ در ۸۰ داخل تابلو ۱ عدد', 0, 0, 0, 0, 0),
(281, 0, 58, 'مهندس امیدی', NULL, NULL, 345, 2, 45000, 90000, 1, '2025-07-26 20:33:53', 'نصب یک عدد کلید اتوماتیک ۱۶۰ غیر قابل و یک عدد۱۰۰ آمپر قابل', 0, 0, 0, 0, 0),
(282, 0, 86, 'مهندس امیدی', NULL, NULL, 345, 4, 316800, 1267200, 1, '2025-07-26 20:35:44', 'نصب دو عدد شینه نول و ارت و دو عدد مقره نول چکمه ای ', 0, 0, 0, 0, 0),
(283, 0, 18, 'مهندس امیدی', NULL, NULL, 345, 3, 32400, 97200, 1, '2025-07-26 20:41:00', 'برشکاری تابلو برق برای نصب فن و نمایشگر مولتی رنج با ابعاد ۱۲ در ۱۲ و ضخامت ورق ۳ میل', 0, 0, 0, 0, 0),
(285, 0, 58, 'مهدی ', NULL, NULL, 267, 1, 45000, 45000, 1, '2025-07-27 06:54:37', 'نصب کلید بارونی دوپل 1 عدد تنها انجام دادم سرکار تنها بودم (نوروزی)', 0, 0, 0, 0, 0),
(286, 0, 60, 'مهدی ', NULL, NULL, 267, 1, 79200, 79200, 1, '2025-07-27 06:55:20', 'سربندی تک فاز تنها انجام دادم تنها سرکار بودم .نوروزی', 0, 0, 0, 0, 0),
(287, 0, 41, 'مهدی ', NULL, NULL, 267, 65, 14280, 928200, 1, '2025-07-27 06:58:20', 'سیم آرت بدون روکش مفتول سایز 25.....\n65متر تنهاانجام دادم و تنها سرکار بودم (نوروزی)', 0, 0, 0, 0, 0),
(288, 0, 55, 'مهدی ', NULL, NULL, 267, 65, 87300, 5674500, 1, '2025-07-27 07:00:41', 'کابل کشی 35+70×3 آلمینیوم65متر تنهایی انجام دادم و تنها سرکار بودم .فقط نوروزی', 0, 0, 0, 0, 0),
(289, 0, 29, 'امیر عباس', NULL, NULL, 225, 2, 236400, 0, 1, '2025-07-27 09:06:49', '', 0, 0, 0, 0, 0),
(291, 0, 53, 'امین ', 60000, NULL, 200, 90, 71100, 5400000, 1, '2025-07-27 11:13:29', 'کابل کشی  35*3+16 ', 0, 0, 0, 0, 0),
(293, 0, 81, 'امین ', 40000, NULL, 200, 4, 38160, 160000, 1, '2025-07-27 13:55:37', 'سه عدد 35 و یک 16\nبه صورت تنهایی انجام شده ', 0, 0, 0, 0, 0),
(294, 0, 103, 'امین ', 222000, NULL, 200, 1, 480000, 222000, 1, '2025-07-27 13:56:19', 'سربندی سه فاز 35\nبه صورت تک نفره انجام شده ', 0, 0, 0, 0, 0),
(295, 0, 15, 'امین ', 24000, NULL, 200, 1, 22200, 24000, 1, '2025-07-27 13:57:22', 'به صورت تک نفره ', 0, 0, 0, 0, 0),
(296, 0, 19, 'امین ', 42000, NULL, 200, 2, 69120, 84000, 1, '2025-07-27 13:58:00', 'اجرای گرد بر سایز 58 بابت عبور کابل\nبه صورت تک نفره انجام شده ', 0, 0, 0, 0, 0),
(298, 0, 101, 'سید مهدی', NULL, NULL, 368, 10, 100000, 1000000, 1, '2025-07-28 06:30:30', 'این تست هست ', 0, 0, 0, 0, 0),
(299, 0, 96, 'مهندس امیدی', NULL, NULL, 345, 2, 300000, 600000, 1, '2025-07-28 08:19:32', 'سوراخ زنی سایز ۱۰ روی سینی تابلو جهت نصب داخل تابلو', 0, 0, 0, 0, 0),
(301, 0, 96, 'مهندس امیدی', NULL, NULL, 345, 47, 300000, 14100000, 1, '2025-07-28 10:48:34', 'نصب ترمینال rtp 10 تعداد۲۱ عدد و ترمینال ۶ تعداد ۲۱ عدد و دوعدد ترمینال ۴ و سه عدد ترمینال ۳۵', 0, 0, 0, 0, 0),
(302, 0, 96, 'مهندس امیدی', NULL, NULL, 345, 1, 300000, 300000, 1, '2025-07-28 10:50:58', 'زدن نوار فرم ۱ متر', 0, 0, 0, 0, 0),
(303, 0, 96, 'مهندس امیدی', NULL, NULL, 345, 2, 300000, 600000, 1, '2025-07-28 10:51:43', 'نصب ریل تابلو برق حدودا ۲ متر', 0, 0, 0, 0, 0),
(304, 0, 96, 'مهندس امیدی', NULL, NULL, 369, 1, 300000, 300000, 1, '2025-07-28 11:01:13', 'نصب مینیاتوری سه فاز c10 یک عدد', 0, 0, 0, 0, 0),
(305, 0, 96, 'مهندس امیدی', NULL, NULL, 369, 2, 300000, 600000, 1, '2025-07-28 11:01:54', 'نصب کلید حرارتی ۲.۵ تا ۴ دو عدد ', 0, 0, 0, 0, 0),
(306, 0, 96, 'مهندس امیدی', NULL, NULL, 369, 1, 300000, 300000, 1, '2025-07-28 11:02:38', 'نصب مینیاتوری تکفاز c10 یک عدد ', 0, 0, 0, 0, 0),
(307, 0, 96, 'مهندس امیدی', NULL, NULL, 369, 2, 300000, 600000, 1, '2025-07-28 11:25:10', 'نصب کنترل بار ۱۵ آمپری شیوا دو عدد', 0, 0, 0, 0, 0),
(308, 0, 72, 'مهندس امیدی', NULL, NULL, 369, 6, 174600, 1047600, 1, '2025-07-28 11:26:13', 'سه عدد سیگنال و ۱ عدد استارت استپ دوبل و ۱ عدد شستی استارت و ۱ عدد امرجنسی استپ', 0, 0, 0, 0, 0),
(309, 0, 96, 'مهندس امیدی', NULL, NULL, 369, 3, 300000, 900000, 1, '2025-07-28 11:26:56', 'نصب گلند ۱۶ سه عدد', 0, 0, 0, 0, 0),
(310, 0, 96, 'مهندس امیدی', NULL, NULL, 369, 1, 300000, 300000, 1, '2025-07-28 11:27:42', 'نصب شینه ارت ۴ پیچ ۱ عدد', 0, 0, 0, 0, 0),
(311, 0, 96, 'مهندس امیدی', NULL, NULL, 369, 1, 300000, 300000, 1, '2025-07-28 11:28:27', 'زدن نوار فرم نیم متر', 0, 0, 0, 0, 0),
(312, 0, 15, 'مهندس امیدی', NULL, NULL, 369, 2, 22200, 44400, 1, '2025-07-28 11:29:24', 'داکت کشی سایز ۲ دومتر', 0, 0, 0, 0, 0),
(313, 0, 96, 'مهندس امیدی', NULL, NULL, 369, 1, 300000, 300000, 1, '2025-07-28 11:29:56', 'نصب ریل مینیاتوری یک متر', 0, 0, 0, 0, 0),
(314, 0, 96, 'مهندس امیدی', NULL, NULL, 369, 9, 300000, 2700000, 1, '2025-07-28 11:30:39', 'گرد بر زنی سایز ۲۲ نه عدد', 0, 0, 0, 0, 0),
(315, 0, 96, 'مهندس امیدی', NULL, NULL, 369, 2, 300000, 600000, 1, '2025-07-28 11:32:01', 'نصب کنتاکتور سه فاز ۱۲ امپری دو عدد', 0, 0, 0, 0, 0),
(316, 0, 96, 'مهندس امیدی', NULL, NULL, 369, 1, 300000, 300000, 1, '2025-07-28 11:32:39', 'نصب کنترل فاز شیوا امواج سری m یک عدد ', 0, 0, 0, 0, 0),
(317, 0, 96, 'مهندس امیدی', NULL, NULL, 369, 10, 300000, 3000000, 1, '2025-07-28 11:33:57', 'نصب ترمینال rtp 6 ده عدد', 0, 0, 0, 0, 0),
(318, 0, 39, 'مهندس امیدی', NULL, NULL, 369, 15, 7560, 113400, 1, '2025-07-28 11:37:46', 'سیم ۴ حدود ۲ متر و سیم ۲.۵ حدود ۳ متر و سیم ۰.۷۵ حدود ۱۰ متر', 0, 0, 0, 0, 0),
(319, 0, 96, 'مهندس امیدی', NULL, NULL, 369, 5, 300000, 1500000, 1, '2025-07-28 11:38:41', 'نصب بغل بند ترمینال ۵ عدد', 0, 0, 0, 0, 0),
(320, 0, 96, 'مهندس امیدی', NULL, NULL, 371, 1, 300000, 300000, 1, '2025-07-28 11:41:55', 'نصب کنتاکتور ۱۲ آمپری دو عدد ', 0, 0, 0, 0, 0),
(321, 0, 96, 'مهندس امیدی', NULL, NULL, 371, 1, 300000, 300000, 1, '2025-07-28 11:42:17', 'نصب کلید حرارتی ۴تا ۶ آمپری یک عدد', 0, 0, 0, 0, 0),
(322, 0, 96, 'مهندس امیدی', NULL, NULL, 371, 7, 300000, 2100000, 1, '2025-07-28 11:44:11', 'نصب ترمینال rtp 10 هفت عدد', 0, 0, 0, 0, 0),
(325, 0, 72, 'مهندس امیدی', NULL, NULL, 371, 4, 174600, 698400, 1, '2025-07-28 11:45:21', 'نصب کلید استارت استپ دوبل یک عدد و چراغ سیگنال سه عدد', 0, 0, 0, 0, 0),
(326, 0, 96, 'مهندس امیدی', NULL, NULL, 371, 1, 300000, 300000, 1, '2025-07-28 11:46:07', 'نصب ریل مینیاتوری نیم متر', 0, 0, 0, 0, 0),
(328, 0, 15, 'مهندس امیدی', NULL, NULL, 371, 1, 22200, 22200, 1, '2025-07-28 11:46:47', 'داکت کشی داکت ۲ یک متر', 0, 0, 0, 0, 0),
(329, 0, 96, 'مهندس امیدی', NULL, NULL, 371, 1, 300000, 300000, 1, '2025-07-28 11:47:29', 'نصب قفل پروانه ای یک عدد', 0, 0, 0, 0, 0),
(331, 0, 96, 'مهندس امیدی', NULL, NULL, 371, 3, 300000, 900000, 1, '2025-07-28 11:47:59', 'نصب گلند ۱۶ سه عدد', 0, 0, 0, 0, 0),
(332, 0, 96, 'مهندس امیدی', NULL, NULL, 371, 3, 300000, 900000, 1, '2025-07-28 11:50:32', 'نصب بغل بند ترمینال', 0, 0, 0, 0, 0),
(333, 0, 96, 'مهندس امیدی', NULL, NULL, 371, 1, 300000, 300000, 1, '2025-07-28 11:51:01', 'زدن گرد بر سایز ۲۲ یک عدد', 0, 0, 0, 0, 0),
(334, 0, 39, 'مهندس امیدی', NULL, NULL, 371, 8, 7560, 60480, 1, '2025-07-28 11:52:27', 'سیم کشی ۲.۵ حدودا سه متر و سیم ۰.۷۵ حدودا ۵ متر', 0, 0, 0, 0, 0),
(335, 0, 39, 'امیر عباس', NULL, NULL, 225, 20, 7560, 151200, 1, '2025-07-28 11:53:03', 'دورشته کابل 2.5*3 به متراژ کل 10متر و دورشته سیم تکی 4به متراط 10متر جهت ارت ', 0, 0, 0, 0, 0),
(336, 0, 103, 'امیر عباس', NULL, NULL, 225, 4, 480000, 0, 1, '2025-07-28 11:59:15', 'سایز ۲.۵', 0, 0, 0, 0, 0),
(337, 0, 60, 'امیر عباس', NULL, NULL, 225, 2, 79200, 0, 1, '2025-07-28 11:59:28', 'سایز۱.۵', 0, 0, 0, 0, 0),
(338, 0, 20, 'امیر عباس', NULL, NULL, 225, 12, 13440, 0, 1, '2025-07-28 12:00:39', 'لوله برق ۱۶ با زانو دوشاخه', 0, 0, 0, 0, 0),
(339, 0, 96, 'مهندس امیدی', NULL, NULL, 370, 29, 300000, 8700000, 1, '2025-07-28 12:01:19', 'نصب ترمینال rtp 6 تعداد ۱۵ تا و rtp10 تعداد ۴ تا و rtp 4 تعداد۱۰ عدد', 0, 0, 0, 0, 0),
(340, 0, 62, 'امیر عباس', NULL, NULL, 225, 1, 206100, 206100, 1, '2025-07-28 12:02:10', 'اتصال کابل اصلی به تابلو', 0, 0, 0, 0, 0),
(341, 0, 15, 'مهندس امیدی', NULL, NULL, 370, 2, 22200, 44400, 1, '2025-07-28 12:02:14', 'داکت کشی داکت ۲ حدودا ۲متر', 0, 0, 0, 0, 0),
(342, 0, 96, 'مهندس امیدی', NULL, NULL, 370, 1, 300000, 300000, 1, '2025-07-28 12:22:27', 'نصب مینیاتوری سه فاز ۴۰ آمپری ', 0, 0, 0, 0, 0),
(343, 0, 96, 'مهندس امیدی', NULL, NULL, 370, 5, 300000, 1500000, 1, '2025-07-28 12:28:01', 'نصب کلید حرارتی ۲.۵ تا ۴ سه عدد و ۴ تا ۶.۳ دو عدد ', 0, 0, 0, 0, 0),
(344, 0, 96, 'مهندس امیدی', NULL, NULL, 370, 1, 300000, 300000, 1, '2025-07-28 12:28:33', 'نصب کنترل فاز شیوا امواج سری m  یک عدد', 0, 0, 0, 0, 0),
(345, 0, 96, 'مهندس امیدی', NULL, NULL, 370, 3, 300000, 900000, 1, '2025-07-28 12:30:09', 'نصب مینیاتوری تک فاز c6 یک عدد و c16 دو عدد', 0, 0, 0, 0, 0),
(346, 0, 96, 'مهندس امیدی', NULL, NULL, 370, 5, 300000, 1500000, 1, '2025-07-28 12:32:33', 'نصب کنتاکتور سه فاز ۱۲ آمپر سه عدد و ۲۲ آمپر ۱ عدد و ۹ آمپر ۱ عدد', 0, 0, 0, 0, 0),
(347, 0, 96, 'مهندس امیدی', NULL, NULL, 370, 2, 300000, 600000, 1, '2025-07-28 12:39:43', 'نصب رله شیشه ای۸ پایه با پایه رله', 0, 0, 0, 0, 0),
(348, 0, 96, 'مهندس امیدی', NULL, NULL, 370, 2, 300000, 600000, 1, '2025-07-28 12:40:03', 'نصب رله ۱۱ پایه با پایه رله ', 0, 0, 0, 0, 0),
(349, 0, 58, 'مهندس امیدی', NULL, NULL, 370, 2, 45000, 90000, 1, '2025-07-28 12:40:53', 'نصب پریز روکار بارانی دو عدد', 0, 0, 0, 0, 0),
(350, 0, 72, 'مهندس امیدی', NULL, NULL, 370, 9, 174600, 1571400, 1, '2025-07-28 12:42:07', 'نصب سه عدد سیگنال تابلویی و یک عدد امرجنسی استپ و پنج عدد شستی استارت استپ دوبل ', 0, 0, 0, 0, 0),
(351, 0, 96, 'مهندس امیدی', NULL, NULL, 370, 1, 300000, 300000, 1, '2025-07-28 12:42:26', 'زدن نوار فرم یک متر', 0, 0, 0, 0, 0),
(352, 0, 96, 'مهندس امیدی', NULL, NULL, 370, 2, 300000, 600000, 1, '2025-07-28 12:43:11', 'نصب ریل مینیاتوری ۱.۵ متر', 0, 0, 0, 0, 0),
(353, 0, 96, 'مهندس امیدی', NULL, NULL, 370, 4, 300000, 1200000, 1, '2025-07-28 12:43:38', 'نصب گلند ۱۶ چهار عدد', 0, 0, 0, 0, 0),
(354, 0, 96, 'مهندس امیدی', NULL, NULL, 370, 4, 300000, 1200000, 1, '2025-07-28 12:44:21', 'زدن گرد بر ۲۲ چهار عدد', 0, 0, 0, 0, 0),
(356, 0, 96, 'مهندس امیدی', NULL, NULL, 370, 1, 300000, 300000, 1, '2025-07-28 12:45:55', 'طراحی مدار فرمان برای کنترل سه پمپ از یک نقطه و دوپمپ از دونقطه بویژه از سیستم کنترل وزن دستگاه هموژنایزر', 0, 0, 0, 0, 0),
(359, 0, 39, 'مهندس امیدی', NULL, NULL, 370, 21, 7560, 158760, 1, '2025-07-28 12:49:13', 'سیم کشی سیم ۴ حدود یک متر و سیم ۲.۵ حدود ۵ متر و سیم ۰.۷۵ حدود ۱۵ متر ', 0, 0, 0, 0, 0),
(360, 0, 40, 'مهندس امیدی', NULL, NULL, 370, 2, 10080, 20160, 1, '2025-07-28 12:50:23', 'سیم کشی سیم ۱۰ حدود ۲ متر', 0, 0, 0, 0, 0),
(361, 0, 96, 'مهندس امیدی', NULL, NULL, 370, 1, 300000, 300000, 1, '2025-07-28 12:51:16', 'نصب شینه ارت ۶ پیچ یک عدد', 0, 0, 0, 0, 0),
(362, 0, 96, 'مهندس امیدی', NULL, NULL, 369, 1, 300000, 300000, 1, '2025-07-28 12:56:06', 'انجام مدار فرمان برای دو راه اندازی دو عدد الکتروموتور سه فاز ', 0, 0, 0, 0, 0),
(364, 0, 39, 'امین ', NULL, NULL, 359, 12, 7560, 90720, 1, '2025-07-29 09:25:21', 'سیم ۴ \r\n۳ رشته ۴ متری', 0, 0, 0, 0, 0),
(365, 0, 15, 'امین ', NULL, NULL, 245, 1, 22200, 22200, 1, '2025-07-29 09:27:27', 'نیم متر بوده نیم متر رو نمیشه ثبت کرد 😁', 0, 0, 0, 0, 0),
(366, 0, 44, 'امین ', 16000, NULL, 245, 32, 15300, 512000, 1, '2025-07-29 09:28:27', 'کابل کشی 2.5*2', 0, 0, 0, 0, 0),
(367, 0, 18, 'امین ', 40000, NULL, 245, 1, 32400, 40000, 1, '2025-07-29 09:29:15', 'سوراخ دیوار 20 سانتی با مته 18', 0, 0, 0, 0, 0),
(368, 0, 96, 'امین ', 3340, NULL, 245, 60, 300000, 200400, 1, '2025-07-29 09:30:52', 'باز کردن و نصب اژیر در جایی دیگر \nیک ساعت زمان برد همراه با موارد دیگه اگر موردی نمیشه ثبت کرد امضای برگه pm یک ساعته رو گرفتم از حسین خانی', 0, 0, 0, 0, 0),
(369, 0, 44, 'امین ', NULL, NULL, 373, 4, 15300, 61200, 1, '2025-07-29 14:00:33', 'کابل کشی 10 زوج برای تلفن\r\nاز کابل های موجود خود کارگاه استفاده شد ', 0, 0, 0, 0, 0),
(370, 0, 96, 'امین ', NULL, NULL, 373, 4, 300000, 1200000, 1, '2025-07-29 14:01:00', 'کروز بندی خط تلفن ', 0, 0, 0, 0, 0),
(371, 0, 96, 'امین ', NULL, NULL, 373, 6, 300000, 0, 1, '2025-07-29 14:01:39', 'خط بندی سیم تلفن ', 0, 0, 0, 0, 0),
(372, 0, 94, 'امین ', NULL, NULL, 373, 1, 378000, 378000, 1, '2025-07-29 14:02:10', 'عیب‌یابی خط تلفن و پیدا کردن محل قطعی کابل', 0, 0, 0, 0, 0),
(374, 0, 96, 'امین ', NULL, NULL, 286, 90, 300000, 27000000, 1, '2025-07-29 16:42:35', 'تایم اجرای پی ام جهت بررسی خروجی استاپ لایزر و کنترل اتصال تغذیه سیستم های کامپیوتری اداری به استاپلایزر ', 0, 0, 0, 0, 0),
(375, 0, 96, 'مهدی ', NULL, NULL, 338, 1, 300000, 300000, 1, '2025-07-30 05:43:27', 'نصب 1 عدد کابینت ', 0, 0, 0, 0, 0),
(377, 0, 96, 'مهدی ', NULL, NULL, 375, 1, 300000, 300000, 1, '2025-07-30 08:19:54', 'نصب کلید اتوماتیک 1۶۰ امپر  \n به همراه مهندس امیدی', 0, 0, 0, 0, 0),
(380, 0, 18, 'سید مهدی', 5500, 0, 374, 4, 20, 0, 1, '2025-07-30 12:37:55', '', 0, 0, 0, 0, 0),
(381, 0, 72, 'مهدی ', 174600, 291000, 362, 4, 291000, 1164000, 1, '2025-07-31 02:01:04', 'نصب چراغ سیگنال آمپر دار 4 عدد به همراه همبندی برای هرکدام ', 0, 0, 0, 0, 0),
(382, 0, 96, 'مهدی ', 100000, 500000, 362, 1, 500000, 100000, 1, '2025-07-31 02:02:17', 'نصب قاب مینیاتوری سه فاز ریل دار 1 عدد ', 0, 0, 0, 0, 0),
(383, 0, 63, 'مهدی ', 206100, 343500, 362, 1, 343500, 343500, 1, '2025-07-31 02:02:57', 'نصب مینیاتوری سه فاز و سیم کشی', 0, 0, 0, 0, 0),
(384, 0, 62, 'مهدی ', 206100, 343500, 362, 2, 343500, 687000, 1, '2025-07-31 02:03:54', '', 0, 0, 0, 0, 0),
(385, 0, 39, 'مهدی ', 7560, 12600, 362, 2, 12600, 25200, 1, '2025-07-31 02:04:35', 'سیم کشی 4 ', 0, 0, 0, 0, 0),
(386, 0, 19, 'مهدی ', 69120, 115200, 362, 1, 115200, 115200, 1, '2025-07-31 02:05:11', 'گردبر ۱۱ ', 0, 0, 0, 0, 0),
(387, 0, 110, 'مهدی ', 24000, 15000, 376, 28, 15000, 420000, 1, '2025-07-31 02:07:57', '', 0, 0, 0, 0, 0),
(388, 0, 85, 'مهدی ', 144000, 240000, 376, 2, 240000, 480000, 1, '2025-07-31 02:08:16', '', 0, 0, 0, 0, 0),
(389, 0, 62, 'مهدی ', 206100, 343500, 376, 2, 343500, 687000, 1, '2025-07-31 02:08:30', '', 0, 0, 0, 0, 0),
(390, 0, 58, 'مهدی ', 45000, 75000, 376, 2, 75000, 150000, 1, '2025-07-31 02:10:10', 'نصب پریز بارونی ', 0, 0, 0, 0, 0),
(391, 0, 60, 'مهدی ', 79200, 132000, 376, 3, 132000, 396000, 1, '2025-07-31 02:10:34', '', 0, 0, 0, 0, 0),
(392, 0, 24, 'امیر عباس', 20700, 34500, 393, 5, 34500, 172500, 1, '2025-07-31 06:11:52', '', 0, 0, 0, 0, 0),
(393, 0, 62, 'امیر عباس', 206100, 343500, 393, 1, 343500, 343500, 1, '2025-07-31 06:12:28', '', 0, 0, 0, 0, 0),
(394, 0, 38, 'امیر عباس', 5880, 9800, 393, 23, 9800, 225400, 1, '2025-07-31 06:14:06', '', 0, 0, 0, 0, 0),
(396, 0, 73, 'محمد', 357000, 595000, 401, 1, 595000, 595000, 1, '2025-07-31 13:58:05', '', 0, 0, 0, 0, 0),
(397, 0, 62, 'مهدی ', 2060000, NULL, 349, 2, 2061000, 0, 1, '2025-07-21 14:09:34', 'سربندی سه فاز \r\nبدون آرت و نول ', 0, 0, 0, 0, 0),
(398, 0, 60, 'مهدی ', 790000, NULL, 349, 8, 790000, 0, 1, '2025-07-21 14:12:15', 'فقط فاز 8 عدد \r\nبدون نول و آرت ', 0, 0, 0, 0, 0),
(399, 0, 39, 'مهدی ', 70000, NULL, 349, 8, 70000, 0, 1, '2025-07-21 14:15:26', 'سیم کشی 2.5. و  4  و  6\r\nجمعا 8 متر', 0, 0, 0, 0, 0),
(400, 0, 86, 'امین ', 343000, 528000, 380, 1, 528000, 343000, NULL, '2025-07-31 17:03:33', 'نصب ارت باکس 20*30 ', 0, 0, 0, 0, 0),
(401, 0, 96, 'امین ', 40000, 500000, 380, 5, 500000, 200000, NULL, '2025-07-31 17:04:53', 'سوراخ کاری شینه یک تکه مسی ', 0, 0, 0, 0, 0),
(402, 0, 81, 'امین ', 40000, 63600, 380, 3, 63600, 120000, NULL, '2025-07-31 17:07:47', 'پرس کابلشو 25', 0, 0, 0, 0, 0),
(403, 0, 60, 'امین ', 85000, 132000, 380, 1, 132000, 85000, NULL, '2025-07-31 17:09:07', 'سربندی ارت اصلی به ارت باکس\n+سر بندی ', 0, 0, 0, 0, 0),
(405, 0, 79, 'سید مهدی', 3364, 3365, 404, 5, 5599, 16825, NULL, '2025-08-01 02:18:42', 'تست', 0, 0, 0, 0, 0),
(406, 0, 36, 'سید مهدی', 96000, 160000, 404, 2, 160000, 320000, NULL, '2025-08-01 02:39:37', 'تست', 0, 0, 0, 0, 0),
(410, 0, 96, 'امین ', 3340, 500000, 399, 90, 500000, 300600, 1, '2025-08-02 05:45:04', 'تایم PM بابت مرتبسازی کابل سیستم های کامپیوتری و همچنین جا نمایی درپوش گرد بر ها ', 0, 0, 0, 0, 0),
(411, 0, 96, 'مهندس امیدی', 300000, 500000, 406, 120, 500000, 60000000, 1, '2025-08-02 16:17:07', 'از ساعت ۹ الی ۱۰.۳۰ بازرسی کولینگ تاور و در آوردن لیست پی ال سی ها جهت بکاپ گیری و بررسی شبکه زنی ها بابت وضعیت المنت ها و بررسی دوشاخه های بالای میکسر ', 0, 0, 0, 0, 0),
(412, 0, 96, 'مهندس امیدی', 300000, 500000, 406, 120, 500000, 60000000, 1, '2025-08-02 16:20:13', 'از ساعت ۱۵.۳۰ الی ۱۷.۳۰ کار و کمک به پیمانکاران بابت بررسی مشکل کولینگ تاور و عیب یابی آمپر کشیدن موتور و جلوگیری از آسیب به موتور ها و تست آنها', 0, 0, 0, 0, 0),
(417, 0, 96, 'امین ', 300000, 500000, 400, 1, 500000, 500000, 1, '2025-08-02 16:24:49', 'بازدید و بررسی برق ورودی تابلو کنتور کارگاه ', 0, 0, 0, 0, 0),
(418, 0, 94, 'مهندس امیدی', 378000, 630000, 405, 90, 630000, 56700000, 1, '2025-08-02 16:27:31', 'عیب یابی و رفع مشکل اتوماتیک دستگاه بادی ۲ از ساعت ۱۵ الی ۱۶.۳۰', 0, 0, 0, 0, 0),
(419, 0, 96, 'امین ', 300000, 500000, 408, 1, 500000, 500000, 1, '2025-08-02 16:30:44', 'تغییر موقعیت کابل ورودی و خروجی کلید نشت جریان', 0, 0, 0, 0, 0),
(420, 0, 96, 'امین ', 90000, 500000, 408, 1, 500000, 90000, 1, '2025-08-02 16:31:26', 'نصب شینه نول و سربندی نول ها ۶ عدد ', 0, 0, 0, 0, 0),
(421, 0, 96, 'امین ', 800000, 500000, 408, 1, 500000, 800000, 1, '2025-08-02 16:32:30', 'تغییر کلی مسیر مدار های قدرت تابلو از جایی به جای دیگر در این مرحله ۸ سربندی سه فاز انجام شد \nتغییر مدار فرمان ۲ کنتاکتور پمپ روغن', 0, 0, 0, 0, 0),
(422, 0, 77, 'امین ', 252000, 420000, 408, 1, 420000, 420000, 1, '2025-08-02 16:33:08', 'نصب سه عدد RTP  به همراه سیم کشی برای مصرف کننده های تک فاز ', 0, 0, 0, 0, 0),
(423, 0, 96, 'امین', 300000, 500000, 373, 1, 500000, 500000, NULL, '2025-08-02 16:43:02', 'رفع قطعی خط تلفن از میانه راه و خط بندی مجدد ', 0, 0, 0, 0, 0),
(424, 0, 72, 'امین ', 174600, 291000, 407, 2, 291000, 582000, 1, '2025-08-02 16:45:32', 'تغییر کاربری دو عدد شستی استارت و استپ از مدار فرمان کنتاکتور به فرمان اینورتر ', 0, 0, 0, 0, 0),
(425, 0, 96, 'امین ', 300000, 500000, 407, 2, 500000, 1000000, 1, '2025-08-02 16:46:38', 'پروگرام دو عدد اینورتر و تغییر استارت و استپ اینورتر از کی پد به ترمینال \r\nو تیون کردن اینورتر متناسب با موتور ', 0, 0, 0, 0, 0),
(426, 0, 60, 'امین', 79200, 132000, 408, 3, 132000, 396000, NULL, '2025-08-02 16:48:34', 'سربنده مصرف کننده های تک فاز ', 0, 0, 0, 0, 0),
(427, 0, 94, 'امین ', 378000, 630000, 409, 1, 630000, 630000, 1, '2025-08-03 08:02:09', 'عیب یابی دستگاه ازمایشگاهی که بعد از روشن شدن خطای power fault  رو به رو بود \nبه صورت تک نفره امین خدادادی ', 0, 0, 0, 0, 0),
(428, 0, 96, 'امین ', 300000, 500000, 409, 1, 500000, 500000, 1, '2025-08-03 08:07:16', 'تعویض کلید 0-1 و تعویض سرسیم های سوخته قبلی \nبه صورت تک نفره امین خدادادی ', 0, 0, 0, 0, 0),
(429, 0, 99, 'مهدی ', 2000000, 2000000, 367, 1, 2000000, 2000000, 1, '2025-08-03 16:35:01', 'کلید حرارتی 2 عدد\nمینیاتوری تکفاز 2 عدد سه فاز 1 عدد \nکنتاکتور 1 عدد \nکنترل فاز 1 عدد \nترمینال 10 . 11 عدد \nسیم کشی 2.5 7 متر \nسیم 0.75.  10 متر \nپریز تکفاز تابلویی 1 عدد \nچراغ سیگنال آمپر دار 3 عدد\nوردست آقای حیرت \n', 0, 0, 0, 0, 0),
(430, 0, 46, 'مهدی ', 20000, 34500, 367, 15, 34500, 300000, 1, '2025-08-03 16:36:12', 'نوروزی فقط ', 0, 0, 0, 0, 0),
(431, 0, 106, 'مهدی ', 15000, 12000, 367, 20, 12000, 300000, 1, '2025-08-03 16:37:03', 'فقط نوروزی ', 0, 0, 0, 0, 0),
(433, 0, 62, 'مهدی ', 206100, 343500, 367, 4, 343500, 1374000, 1, '2025-08-03 16:38:31', 'فقط نوروزی', 0, 0, 0, 0, 0),
(434, 0, 60, 'مهدی ', 79200, 132000, 367, 2, 132000, 264000, 1, '2025-08-03 16:38:54', 'فقط نوروزی', 0, 0, 0, 0, 0),
(435, 0, 29, 'مهدی ', 236400, 394000, 367, 1, 394000, 394000, 1, '2025-08-03 16:41:35', 'وردست آقای حیرت', 0, 0, 0, 0, 0),
(436, 0, 99, 'مهدی ', 1700000, 2000000, 394, 1, 2000000, 1700000, 1, '2025-08-03 16:53:41', 'تابلو 50×70\nسیگنال آمپر دار 3 عدد \nمینیاتوری 3 فاز 2 عدد تکفاز 12 عدد \nترمینال 10 .13 عدد 16.   3عدد \nداکت 4×4.   210 سانت. \nکلید صفر یک دو 40 آمپر 1 عدد \nپریز تکفاز تابلویی 1 عدد \nگردبر زنی 21 17 عدد. 36. 1 عدد\nسیم کشی 6   15متر .  4    5متر .   ', 0, 0, 0, 0, 0),
(437, 0, 96, 'مهدی ', 300000, 500000, 394, 1, 500000, 500000, 1, '2025-08-03 16:59:38', 'ادامه فاکتور مونتاژ \r\nسیم 2.5.  20 متر \r\nشینه آرت 8 پیچ 1 عدد \r\nشینه نول 8 پیچ 2 عدد \r\nسیم کشی 1 10 متر \r\nوردست آقای یزدی و آقای شمس', 0, 0, 0, 0, 0),
(438, 0, 45, 'مهدی ', 19800, 33000, 394, 70, 33000, 2310000, 1, '2025-08-03 17:02:04', 'وردست آقای یزدی', 0, 0, 0, 0, 0),
(439, 0, 40, 'مهدی ', 10080, 16800, 394, 70, 16800, 1176000, 1, '2025-08-03 17:02:44', 'سیم کشی 10 \r\nوردست آقای یزدی ', 0, 0, 0, 0, 0),
(440, 0, 25, 'مهدی ', 23400, 39000, 394, 85, 39000, 3315000, 1, '2025-08-03 17:03:49', 'فلکسی 21 \r\nوردست آقای یزدی ', 0, 0, 0, 0, 0),
(441, 0, 96, 'مهدی ', 100000, 500000, 394, 2, 500000, 200000, 1, '2025-08-03 17:04:47', 'برش کاری سینی \nوردست آقای یزدی', 0, 0, 0, 0, 0),
(442, 0, 96, 'مهدی ', 37800, 500000, 394, 10, 500000, 378000, 1, '2025-08-03 17:05:35', 'موف زنی 10 \nوردست آقای یزدی ', 0, 0, 0, 0, 0),
(443, 0, 96, 'مهدی ', 37800, 500000, 394, 2, 500000, 75600, 1, '2025-08-03 17:06:14', 'موف زنی 16 \nوردست آقای یزدی ', 0, 0, 0, 0, 0),
(444, 0, 30, 'مهدی ', 394800, 658000, 394, 1, 658000, 658000, 1, '2025-08-03 17:07:01', 'نصب تابلو 50×70\r\nوردست آقای یزدی ', 0, 0, 0, 0, 0),
(445, 0, 60, 'مهدی ', 79200, 132000, 394, 11, 132000, 1452000, 1, '2025-08-03 17:09:51', 'وردست آقای یزدی ', 0, 0, 0, 0, 0),
(446, 0, 62, 'مهدی ', 206100, 343500, 394, 2, 343500, 687000, 1, '2025-08-03 17:10:16', 'وردست آقای یزدی ', 0, 0, 0, 0, 0),
(447, 0, 39, 'مهدی ', 7560, 12600, 394, 10, 12600, 126000, 1, '2025-08-03 17:11:51', 'سیم کشی 2.5 اضافه کردن سیم به کابل های کوتاه \r\nوردست آقای یزدی ', 0, 0, 0, 0, 0),
(448, 0, 96, 'مهدی ', 130000, 500000, 394, 1, 500000, 130000, 1, '2025-08-03 17:13:02', 'باز کردن تابلو از روی دیوار 30×40\nفقط نوروزی ', 0, 0, 0, 0, 0),
(449, 0, 72, 'مهدی ', 174600, 291000, 394, 1, 291000, 291000, 1, '2025-08-03 17:14:05', 'نصب میکروسوییچ \r\nفقط نوروزی ', 0, 0, 0, 0, 0),
(450, 0, 64, 'مهدی ', 81000, 135000, 394, 1, 135000, 135000, 1, '2025-08-03 17:15:28', 'نصب led30سانتی و سربندی \r\nفقط نوروزی ', 0, 0, 0, 0, 0),
(451, 0, 96, 'مهدی ', 37800, 500000, 394, 1, 500000, 37800, 1, '2025-08-03 17:16:08', 'موف زنی 16 \nفقط نوروزی ', 0, 0, 0, 0, 0),
(452, 0, 96, 'مهدی ', 79200, 500000, 394, 6, 500000, 475200, 1, '2025-08-03 17:19:40', 'سربندی تکفاز 6 عدد \nفقط نوروزی ', 0, 0, 0, 0, 0),
(453, 0, 96, 'مهدی ', 174600, 500000, 394, 1, 500000, 174600, 1, '2025-08-03 17:21:47', 'نصب چراغ سیگنال آمپر دار 1 عدد \nفقط نوروزی ', 0, 0, 0, 0, 0),
(454, 0, 19, 'مهدی ', 37800, 115200, 394, 1, 115200, 37800, 1, '2025-08-03 17:22:38', 'گردبر زنی 21 \nفقط نوروزی ', 0, 0, 0, 0, 0),
(455, 0, 96, 'مهدی ', 5000, 500000, 394, 6, 500000, 30000, 1, '2025-08-03 17:24:00', 'سیم کشی 0.75.   \nفقط نوروزی ', 0, 0, 0, 0, 0),
(456, 0, 46, 'مهدی ', 20700, 34500, 394, 70, 34500, 2415000, 1, '2025-08-03 17:24:51', 'فقط نوروزی', 0, 0, 0, 0, 0),
(457, 0, 103, 'مهدی ', 222000, 300000, 394, 4, 300000, 888000, 1, '2025-08-03 17:26:01', 'سربندی سه فاز \nفقط نوروزی ', 0, 0, 0, 0, 0),
(458, 0, 96, 'مهدی ', 90000, 500000, 394, 2, 500000, 180000, 1, '2025-08-03 17:27:27', 'تعویض فیوز مینیاتوری تکفاز \nجهت روشنایی شرکت \nفقط نوروزی', 0, 0, 0, 0, 0),
(459, 0, 29, 'امیر عباس', 236400, 394000, 390, 1, 394000, 394000, 1, '2025-08-04 04:43:31', 'مونتاژ تابلو کج ', 0, 0, 0, 0, 0),
(460, 0, 30, 'امیر عباس', 394800, 658000, 372, 2, 658000, 1316000, 1, '2025-08-04 04:45:54', '', 0, 0, 0, 0, 0),
(461, 0, 47, 'امیر عباس', 21600, 36000, 372, 27, 36000, 972000, 1, '2025-08-04 04:46:45', '', 0, 0, 0, 0, 0),
(462, 0, 39, 'امیر عباس', 7560, 12600, 372, 10, 12600, 126000, 1, '2025-08-04 04:47:20', '', 0, 0, 0, 0, 0),
(463, 0, 20, 'امیر عباس', 13440, 22400, 372, 6, 22400, 134400, 1, '2025-08-04 04:51:05', '', 0, 0, 0, 0, 0),
(464, 0, 62, 'امیر عباس', 206100, 343500, 372, 3, 343500, 1030500, 1, '2025-08-04 04:52:11', '', 0, 0, 0, 0, 0),
(466, 0, 96, 'امیر عباس', 300000, 500000, 372, 2, 500000, 1000000, 1, '2025-08-04 04:56:29', 'تست و عیب یابی مشعل و جابه جایی و ست کردن تابلو فرمان کوره', 0, 0, 0, 0, 0),
(467, 0, 32, 'مهدی ', 30600, 51000, 394, 7, 51000, 357000, 1, '2025-08-04 09:00:18', 'داکت کشی 4*4 \r\nفقط نوروزی', 0, 0, 0, 0, 0),
(468, 0, 24, 'امین ', 20700, 34500, 390, 8, 34500, 276000, 1, '2025-08-04 15:31:52', 'اجرای فلکسی از سینی تا تابلو پریز ها\r\nو از سینی تا تابلو توضیع ', 0, 0, 0, 0, 0),
(469, 0, 28, 'امین ', 185400, 309000, 390, 1, 309000, 309000, 1, '2025-08-04 15:33:17', 'نصب تابلو کج پریز های میکسر ', 0, 0, 0, 0, 0),
(470, 0, 96, 'مهندس امیدی', 300000, 500000, 420, 1, 500000, 500000, 1, '2025-08-04 17:49:58', 'بازرسی پروژه و برآورد آن مربوط به تهیه موتور برق یا دیزل مناسب باتوجه به داشتن کمپرسور ۸۰ آمپری و ۳ عدد دستگاه تولید هرکدام ۹ آمپر و دستگاه بوستر ۳۰ آمپری و چیلر ۱۵ آمپری و مصارف متفرقه حدود ۵ آمپر نیاز به برق حدود ۲۰۰ آمپر میباشد و لذا دیزل ۲۰۰ kva مناسب', 0, 0, 0, 0, 0),
(471, 0, 96, 'مهندس امیدی', 300000, 500000, 420, 1, 500000, 500000, 1, '2025-08-04 17:50:52', 'لذا جناب مهندس شاهین لطفا موارد فوق را درنظر و نسبت به تهیه پیش فاکتور برای کارفرما اقدام نمایید', 0, 0, 0, 0, 0),
(472, 0, 96, 'مهندس امیدی', 300000, 500000, 420, 1, 500000, 500000, 1, '2025-08-04 17:53:14', 'به طور اختصاصی کمپرسور مربوطه بررسی و به خاطر تمایل کارفرما به استفاده از اینورتر به جای کنتاکتور لطفاً نسبت به تهیه پیش فاکتور اینورتر ۳۸ کیلووات اقدام نمایید. البته برند ایرانی یک رنج بالاتر و نیز سنگین کار ترجیحاً برندagger ', 0, 0, 0, 0, 0),
(473, 0, 96, 'امیر عباس', 250000, 500000, 415, 2, 500000, 500000, 1, '2025-08-04 19:00:10', '', 0, 0, 0, 0, 0),
(474, 0, 76, 'امیر عباس', 58800, 98000, 417, 2, 98000, 196000, 1, '2025-08-04 19:01:29', '', 0, 0, 0, 0, 0),
(475, 0, 40, 'امیر عباس', 10080, 16800, 417, 3, 16800, 50400, 1, '2025-08-04 19:02:02', '', 0, 0, 0, 0, 0),
(476, 0, 32, 'امیر عباس', 30600, 51000, 417, 1, 51000, 51000, 1, '2025-08-04 19:02:58', '', 0, 0, 0, 0, 0),
(477, 0, 96, 'امیر عباس', 300000, 500000, 417, 1, 500000, 500000, 1, '2025-08-04 19:04:36', 'نصب دو عدد پریز صنعتی با اتصال ارت', 0, 0, 0, 0, 0),
(480, 0, 83, 'امیر عباس', 120000, 200000, 393, 1, 200000, 200000, 1, '2025-08-04 19:20:45', '', 0, 0, 0, 0, 0),
(481, 0, 96, 'امیر عباس', 300000, 500000, 393, 3, 500000, 1500000, 1, '2025-08-04 19:25:15', 'زدن سرسیم و اتصال کابل سه فاز به ترمینال سایز 6 دو سر سایز 16 دوسر و سایز 25 یک سر', 0, 0, 0, 0, 0),
(482, 0, 87, 'امین', 90000, 150000, 390, 4, 150000, 600000, 1, '2025-08-05 05:58:32', 'نصب قوطی برای پایه تابلو و برای محل عبور سیم ', 0, 0, 0, 0, 0),
(483, 0, 45, 'امین', 19800, 33000, 390, 21, 33000, 693000, 1, '2025-08-05 06:00:22', 'کابل کشی از تابلو اصلی تا تابلو پریز\n+ 6 متر کابل کشی برای کولر گازی ', 0, 0, 0, 0, 0),
(484, 0, 60, 'امین', 79200, 132000, 390, 3, 132000, 396000, 1, '2025-08-05 06:01:55', 'یکی سمت تابلو توضیع یکی هم تابلو پریز \nسربندی کولر گازی', 0, 0, 0, 0, 0),
(485, 0, 96, 'امین', 300000, 500000, 390, 1, 500000, 500000, 1, '2025-08-05 06:03:11', 'نصب و سربندی نری تک فاز 32/3', 0, 0, 0, 0, 0),
(486, 0, 96, 'امین', 300000, 500000, 390, 60, 500000, 30000000, 1, '2025-08-05 06:08:38', '60 دقیقه پی ام بابت جمع اوری کابل های طبقه میکسر و کولر ابی قدیمی و همچنین کابل پریز های قبلی را به خواست کار فرما مجدد راه اندازی کردیم\r\nبررسی خاموشی مکرر ماردون ', 0, 0, 0, 0, 0),
(487, 0, 19, 'امیر عباس', 69120, 115200, 417, 1, 115200, 115200, 1, '2025-08-05 10:42:16', '', 0, 0, 0, 0, 0),
(488, 0, 64, 'امیر عباس', 81000, 135000, 417, 1, 135000, 135000, 1, '2025-08-05 10:42:39', '', 0, 0, 0, 0, 0),
(489, 0, 98, 'امیر عباس', 4800, 8000, 225, 25, 8000, 200000, 1, '2025-08-05 10:46:06', 'پس کشی کابل ۲.۵', 0, 0, 0, 0, 0),
(490, 0, 96, 'امیر عباس', 250000, 500000, 415, 1, 500000, 250000, 1, '2025-08-05 10:50:51', 'یک ساعت دیگر انها تمیز کاری و‌مرتب کردن اتاق برق', 0, 0, 0, 0, 0),
(492, 0, 73, 'امیرحسین', 3570000, 5926200, 366, 1, 595000, 5926200, 1, '2025-08-05 11:03:13', '0', 0, 0, 0, 0, 0),
(493, 0, 28, 'امین ', 185400, 309000, 277, 1, 309000, 309000, NULL, '2025-08-05 19:11:21', 'نصب تابلو کج ۲ تایی بزرگ ', 0, 0, 0, 0, 0),
(494, 0, 61, 'امین ', 97000, 150000, 277, 2, 150000, 194000, NULL, '2025-08-05 19:11:42', 'نصب مینیاتوری های سه فاز برای پریز ها ', 0, 0, 0, 0, 0),
(495, 0, 63, 'امین ', 222000, 343500, 277, 2, 343500, 444000, NULL, '2025-08-05 19:12:15', 'یکی برای دستگاه یکی برای مادگی سه فاز ', 0, 0, 0, 0, 0),
(496, 0, 58, 'امین ', 45000, 75000, 277, 4, 75000, 300000, NULL, '2025-08-05 19:12:53', 'نصب پریز تابلویی ', 0, 0, 0, 0, 0),
(497, 0, 96, 'امین ', 222000, 500000, 277, 1, 500000, 222000, NULL, '2025-08-05 19:13:38', 'نصب مادگی سه فاز 32/5', 0, 0, 0, 0, 0),
(498, 0, 96, 'امین ', 222000, 500000, 277, 1, 500000, 222000, NULL, '2025-08-05 19:13:44', 'نصب مادگی سه فاز 32/5', 0, 0, 0, 0, 0),
(499, 0, 62, 'امین ', 222000, 343500, 277, 3, 343500, 666000, NULL, '2025-08-05 19:14:24', 'کابل ورودی+ کابل دستگاه + کابل مادگی سه فاز', 0, 0, 0, 0, 0),
(500, 0, 19, 'امین ', 44000, 115200, 277, 5, 115200, 220000, NULL, '2025-08-05 19:15:40', '4 گرد45 بر روی بدنه تابلو برای پریز ها \n1 عدد گرد بر 60 برای  مادگی سه فاز', 0, 0, 0, 0, 0),
(501, 0, 96, 'امیرحسین', 700000, 500000, 422, 1, 500000, 700000, 1, '2025-08-06 07:59:10', 'راه اندازی موتور برق تکفاز', 0, 0, 0, 0, 0),
(502, 0, 58, 'امیرحسین', 45000, 75000, 422, 3, 75000, 225000, 1, '2025-08-06 08:01:09', 'وصل کردن سه عدد مادگی صنعتی و سه عدد نری ', 0, 0, 0, 0, 0),
(503, 0, 70, 'امیرحسین', 315000, 346000, 414, 1, 346000, 315000, NULL, '2025-08-06 13:13:46', 'نصب ترموستات روی درب تابلو و وصل کردن به ترموکوبل', 0, 0, 0, 0, 0),
(504, 0, 96, 'امین ', 32500, 500000, 389, 4, 500000, 130000, 1, '2025-08-06 14:50:22', 'بستن درب سینی 30', 0, 0, 0, 0, 0),
(505, 0, 46, 'مهدی ', 20000, 34500, 412, 10, 34500, 200000, 1, '2025-08-07 07:48:54', '', 0, 0, 0, 0, 0),
(506, 0, 25, 'مهدی ', 23000, 39000, 412, 5, 39000, 115000, 1, '2025-08-07 07:49:28', 'فلکسی 21 ', 0, 0, 0, 0, 0),
(508, 0, 27, 'مهدی ', 169200, 282000, 412, 1, 282000, 282000, 1, '2025-08-07 07:51:52', 'نصب جعبه فیوز 20 تایی ', 0, 0, 0, 0, 0),
(509, 0, 62, 'مهدی ', 206100, 343500, 412, 2, 343500, 687000, 1, '2025-08-07 07:55:19', 'نصب و سربندی مینیاتوری سه فاز ', 0, 0, 0, 0, 0),
(511, 0, 96, 'مهدی ', 30000, 500000, 412, 24, 500000, 720000, 1, '2025-08-07 08:00:06', 'موف زنی 6 \n24 عدد ', 0, 0, 0, 0, 0),
(512, 0, 39, 'مهدی ', 7560, 12600, 412, 15, 12600, 189000, 1, '2025-08-07 08:00:55', 'سیم کشی 2.5 ', 0, 0, 0, 0, 0),
(513, 0, 86, 'مهدی ', 316800, 528000, 412, 1, 528000, 528000, 1, '2025-08-07 08:02:09', 'نصب شینه فانتزی نول 10 پیچ ', 0, 0, 0, 0, 0),
(514, 0, 40, 'مهدی ', 10080, 16800, 412, 1, 16800, 16800, 1, '2025-08-07 08:03:01', 'سیم کشی 6 ', 0, 0, 0, 0, 0),
(515, 0, 57, 'مهدی ', 32400, 54000, 412, 1, 54000, 54000, 1, '2025-08-07 08:05:33', 'نصب پریز توکار ', 0, 0, 0, 0, 0),
(516, 0, 58, 'مهدی ', 45000, 75000, 412, 1, 75000, 75000, 1, '2025-08-07 08:05:57', 'نصب پریز روکار ', 0, 0, 0, 0, 0),
(517, 0, 60, 'مهدی ', 79200, 132000, 412, 11, 132000, 1452000, 1, '2025-08-07 08:07:27', 'نصب ولوپ زنی و سربندی مینیاتوری تکفاز\r\nو سربندی پریز روکار ', 0, 0, 0, 0, 0),
(518, 0, 33, 'مهدی ', 30000, 52500, 412, 1, 52500, 30000, 1, '2025-08-07 08:08:14', '50سانت', 0, 0, 0, 0, 0),
(521, 0, 48, 'مهدی ', 27900, 46500, 428, 60, 46500, 2790000, 1, '2025-08-07 10:54:16', 'کابل کشی 6×4.  \r\nوردست آقای یزدی', 0, 0, 0, 0, 0),
(522, 0, 96, 'مهدی ', 300000, 500000, 428, 4, 500000, 2000000, 1, '2025-08-07 10:54:40', 'موف زنی 16 \r\nوردست آقای یزدی', 0, 0, 0, 0, 0),
(525, 0, 60, 'مهدی ', 79200, 132000, 428, 10, 132000, 1320000, 1, '2025-08-07 10:57:37', 'سربندی شینه نول\r\nوردست آقای یزدی', 0, 0, 0, 0, 0),
(526, 0, 86, 'مهدی ', 316800, 528000, 428, 1, 528000, 528000, 1, '2025-08-07 10:59:56', 'نصب شینه نول 10 پیچ\r\nوردست آقای یزدی', 0, 0, 0, 0, 0),
(528, 0, 96, 'مهدی ', 300000, 500000, 428, 70, 500000, 35000000, 1, '2025-08-07 11:05:18', 'پس کشی کابل 4×3\r\nوردست آقای یزدی', 0, 0, 0, 0, 0),
(529, 0, 103, 'مهدی ', 480000, 300000, 428, 2, 300000, 600000, 1, '2025-08-07 11:06:01', 'سربندی تکفاز سیم 6 دوبل برای هر فاز\r\nوردست آقای یزدی', 0, 0, 0, 0, 0),
(530, 0, 96, 'مهدی ', 300000, 500000, 428, 50, 500000, 25000000, 1, '2025-08-07 11:06:54', 'پس کشی فلکسی 21 \r\nوردست آقای یزدی ', 0, 0, 0, 0, 0),
(531, 0, 100, 'امیر عباس', 480000, 800000, 424, 1, 800000, 800000, 1, '2025-08-07 11:29:32', 'تابلو 30*40', 0, 0, 0, 0, 0),
(532, 0, 99, 'امیر عباس', 1200000, 2000000, 424, 1, 2000000, 2000000, 1, '2025-08-07 11:29:59', '', 0, 0, 0, 0, 0),
(533, 0, 30, 'امیر عباس', 394800, 658000, 424, 1, 658000, 658000, 1, '2025-08-07 11:30:48', '', 0, 0, 0, 0, 0),
(534, 0, 60, 'امیر عباس', 79200, 132000, 424, 2, 132000, 264000, 1, '2025-08-07 11:32:14', '', 0, 0, 0, 0, 0),
(535, 0, 62, 'امیر عباس', 206100, 343500, 424, 4, 343500, 1374000, 1, '2025-08-07 11:32:37', '', 0, 0, 0, 0, 0),
(536, 0, 34, 'امیر عباس', 90900, 151500, 424, 2, 151500, 303000, 1, '2025-08-07 11:36:39', '', 0, 0, 0, 0, 0);
INSERT INTO `invoice_wage` (`id`, `invoice_id`, `product_id`, `contractor`, `purchase_price`, `sale_price`, `project_id`, `quantity`, `unit_price`, `total_price`, `is_active`, `creat_at`, `description`, `no_formula`, `contractor_price`, `employer_price`, `total_contractor_price`, `total_employer_price`) VALUES
(538, 0, 10, 'امیرحسین', 500000, 250000, 423, 2, 250000, 500000, 1, '2025-08-07 13:41:15', '', 0, 0, 0, 0, 0),
(539, 0, 105, 'امیرحسین', 19200, 12000, 423, 40, 12000, 480000, 1, '2025-08-07 13:42:13', '', 0, 0, 0, 0, 0),
(540, 0, 58, 'امیرحسین', 45000, 75000, 423, 2, 75000, 150000, 1, '2025-08-07 13:43:34', 'مادگی صنعتی دو عدد یکی برای تخلیه اب از بیرون و یکی برای کرکره', 0, 0, 0, 0, 0),
(541, 0, 61, 'امیرحسین', 90000, 150000, 423, 1, 150000, 150000, 1, '2025-08-07 13:43:57', '', 0, 0, 0, 0, 0),
(542, 0, 60, 'امیرحسین', 79200, 132000, 423, 1, 132000, 132000, 1, '2025-08-07 13:44:19', '', 0, 0, 0, 0, 0),
(543, 0, 47, 'امیرحسین', 21600, 36000, 423, 10, 36000, 360000, NULL, '2025-08-07 19:12:44', 'جابجایی کابل کولر گازی و داکت زدن برای ان', 0, 0, 0, 0, 0),
(544, 0, 32, 'امیرحسین', 30600, 51000, 423, 4, 51000, 204000, NULL, '2025-08-07 19:13:14', '', 0, 0, 0, 0, 0),
(545, 0, 15, 'امیرحسین', 22200, 37000, 435, 2, 37000, 74000, 1, '2025-08-08 04:38:23', '', 0, 0, 0, 0, 0),
(547, 0, 96, 'امین ', 32500, 500000, 387, 18, 500000, 585000, 1, '2025-08-08 07:07:24', 'نصب درب سیمی 20', 0, 0, 0, 0, 0),
(548, 0, 36, 'امین ', 96000, 160000, 387, 4, 160000, 640000, 1, '2025-08-08 07:19:03', '', 0, 0, 0, 0, 0),
(549, 0, 37, 'امین ', 59400, 99000, 387, 33, 99000, 3267000, 1, '2025-08-08 07:19:42', '', 0, 0, 0, 0, 0),
(550, 0, 1, 'امین ', 0, 100000, 387, 115, 100000, 0, 1, '2025-08-08 07:21:51', '60 متر کابل ۱۸۵ \n+ 20 متر کابل 70 \n+ 20 متر کابل 3*70+35\n+ 15 متر کابل 3*35+16 که از روی دیوار جمع اوری شد و روی سینی کشیده سد و فرم دهی شد', 0, 0, 0, 0, 0),
(551, 0, 35, 'امین', 97500, 172500, 387, 20, 172500, 1950000, 1, '2025-08-08 07:27:38', 'سینی کشی سایز 30', 0, 0, 0, 0, 0),
(552, 0, 94, 'مهندس امیدی', 480000, 630000, 437, 1, 630000, 480000, 1, '2025-08-09 05:01:51', 'عیب یابی خاموش شدن به یکباره کل دستگاه کاپ و بررسی مشکل و یافتن ایراد و تعویض با یک کنترل فاز قدیمی مشابه آن از لوازم خود کارخانه که آنهم معیوب بود و از یک دستگاه دیگر باز و در دستگاه کاپ نصب و تنظیم و تست و تحویل شد  .از ساعت ۱۵.۳۰ الی ۱۷', 0, 0, 0, 0, 0),
(553, 0, 63, 'امیرحسین', 206100, 343500, 438, 1, 343500, 343500, 1, '2025-08-09 10:09:08', '', 0, 0, 0, 0, 0),
(554, 0, 96, 'امین ', 300000, 500000, 402, 8, 500000, 4000000, 1, '2025-08-09 10:18:17', 'اجرای نور مخفی ', 0, 0, 0, 0, 0),
(557, 0, 44, 'امین ', 15300, 25500, 402, 25, 25500, 637500, 1, '2025-08-09 10:20:52', 'کابل کشی 3*1.5', 0, 0, 0, 0, 0),
(558, 0, 24, 'امین ', 20700, 34500, 402, 25, 34500, 862500, 1, '2025-08-09 10:21:11', '', 0, 0, 0, 0, 0),
(559, 0, 10, 'امین ', 500000, 250000, 402, 2, 250000, 500000, 1, '2025-08-09 10:22:29', 'نصب پرژکتور 100 وات ', 0, 0, 0, 0, 0),
(560, 0, 67, 'امین ', 33300, 55500, 402, 1, 55500, 55500, 1, '2025-08-09 10:23:11', ' لامپ سنسور دار همراه با سوراخ کاری روی دیوار و نصب روی دیوار ', 0, 0, 0, 0, 0),
(561, 0, 100, 'امیرحسین', 480000, 800000, 410, 1, 800000, 800000, 1, '2025-08-09 11:25:19', 'کلید چاقویی از روی تابلو', 0, 0, 0, 0, 0),
(562, 0, 74, 'امیرحسین', 450000, 750000, 410, 1, 750000, 750000, 1, '2025-08-09 11:27:08', 'نصب کلید اتوماتیک ۱۰۰امپر ', 0, 0, 0, 0, 0),
(563, 0, 81, 'امیرحسین', 38160, 63600, 410, 6, 63600, 381600, 1, '2025-08-09 11:28:03', 'پرس کابلشو ۶عدد', 0, 0, 0, 0, 0),
(564, 0, 96, 'مهندس امیدی', 300000, 500000, 445, 1, 500000, 500000, 1, '2025-08-09 21:02:31', 'بازدید پروژه چنج آور\r\nنیازمند کلید چنج آور ۲۰۰ یا ۲۵۰ آمپر است\r\nنیازمند اصلاح شینه کشی تابلو توزیع اصلی با حدود ۳ تا ۴ متر شینه ۱۵ در ۵ مس میباشد \r\nکابل آلومینیوم ۴ در ۷۰ حدود ۱۵ متر\r\nسر کابل بیمتال ۷۰ حدود ۸ عدد\r\nتابلو ۷۰ در ۹۰ یک عدد برای چنج آور ', 0, 0, 0, 0, 0),
(565, 0, 96, 'مهندس امیدی', 300000, 500000, 445, 1, 500000, 500000, 1, '2025-08-09 21:03:34', 'کابل ۱در۱۵۰ آلومینیوم هم حدودا ۱۵ متر نیاز است به همراه ۸ عدد سرکابل بیمتال مربوطه', 0, 0, 0, 0, 0),
(566, 0, 64, 'مهدی ', 81000, 135000, 450, 1, 135000, 135000, 1, '2025-08-10 04:21:16', 'نصب براکت یک متری \r\nوردست آقای عبدالهی', 0, 0, 0, 0, 0),
(567, 0, 60, 'مهدی ', 79200, 132000, 450, 1, 132000, 132000, 1, '2025-08-10 04:42:43', 'وردست آقای عبدالهی', 0, 0, 0, 0, 0),
(568, 0, 58, 'مهدی ', 45000, 75000, 450, 1, 75000, 75000, 1, '2025-08-10 04:43:19', 'وردست آقای عبدالهی', 0, 0, 0, 0, 0),
(569, 0, 20, 'مهدی ', 13440, 22400, 431, 41, 22400, 918400, 1, '2025-08-10 09:03:51', 'لوله کشی برق 2.5\r\n', 0, 0, 0, 0, 0),
(570, 0, 26, 'مهدی ', 25200, 42000, 431, 9, 42000, 378000, 1, '2025-08-10 09:04:12', '', 0, 0, 0, 0, 0),
(571, 0, 96, 'مهدی ', 300000, 500000, 431, 1, 500000, 500000, 1, '2025-08-10 09:11:57', 'کنده کاری با هیلتی به مدت زمان 1 ساعت ', 0, 0, 0, 0, 0),
(572, 0, 29, 'محمد', 236400, 394000, 451, 5, 394000, 1970000, 1, '2025-08-10 14:01:08', 'نصب تابلو پریز  30×25 \n', 0, 0, 0, 0, 0),
(573, 0, 46, 'محمد', 20700, 34500, 451, 10, 34500, 345000, 1, '2025-08-10 14:02:25', '', 0, 0, 0, 0, 0),
(574, 0, 25, 'محمد', 23400, 39000, 451, 2, 39000, 78000, 1, '2025-08-10 14:02:54', 'فلکسی 21 ', 0, 0, 0, 0, 0),
(575, 0, 62, 'محمد', 206100, 343500, 451, 1, 343500, 343500, 1, '2025-08-10 14:03:12', '', 0, 0, 0, 0, 0),
(576, 0, 39, 'محمد', 7560, 12600, 451, 2, 12600, 25200, 1, '2025-08-10 14:04:19', 'سیم آرت 1.5 ', 0, 0, 0, 0, 0),
(577, 0, 60, 'محمد', 79200, 132000, 451, 1, 132000, 132000, 1, '2025-08-10 14:10:36', 'سربندی آرت سیم ۶', 0, 0, 0, 0, 0),
(578, 0, 96, 'محمد', 300000, 500000, 419, 1, 500000, 500000, 1, '2025-08-10 15:09:16', 'اجرت مونتاژ تابلو پی ال سی. سه روز و نیم', 0, 0, 0, 0, 0),
(580, 0, 1, 'امین ', 200000, 100000, 178, 25, 100000, 2500000, 1, '2025-08-10 15:46:45', 'کابل تلفن و شبکه\n ۲ زوج ارتباط بین ورودی سانترال و خط تلفن و ۶ زوج زیر میز ها و 2 زوج برای میز انبار', 0, 0, 0, 0, 0),
(581, 0, 15, 'امین ', 22200, 37000, 178, 3, 37000, 111000, 1, '2025-08-10 15:47:02', '', 0, 0, 0, 0, 0),
(582, 0, 96, 'امین ', 300000, 500000, 178, 1, 500000, 500000, 1, '2025-08-10 15:47:45', 'نصب سانترال روی دیوار با سوراخ کاری و پیچ رولپلاک ', 0, 0, 0, 0, 0),
(583, 0, 75, 'امین ', 36000, 60000, 178, 20, 60000, 1200000, 1, '2025-08-10 15:49:32', 'سوکت تلفن سمت سانترال', 0, 0, 0, 0, 0),
(584, 0, 87, 'مجید ', 90000, 150000, 358, 1, 150000, 150000, 1, '2025-08-10 17:56:34', 'ساخت چهارپایه با ابعاد خواسته شده و مصرف 20 عدد الکترود ۲/۵', 0, 0, 0, 0, 0),
(585, 0, 99, 'آفای', 750000, 2000000, 381, 5, 2000000, 3750000, 1, '2025-08-11 05:58:12', 'مونتاژ تابلو ۴۰×۳۰ پریز\n۴ عدد تکفاز۱۶ امپر\n۱ عدد پریز ۵ شاخه سه فاز ۳۲ امپر\nمینیاتوری سه فاز ۱ عدد\nمینیاتوری تکفاز ۲ عدد\n\n', 0, 0, 0, 0, 0),
(586, 0, 96, 'مهندس امیدی', 300000, 500000, 453, 1, 500000, 500000, 1, '2025-08-11 11:48:31', 'بازدید از محل و بررسی سرخط ها و برق مصرفی مجموعه با احتساب کولر گازی ۲۴۰۰۰ و دو عدد کولر آبی ۱۵۰۰۰ و روشنایی و یخچال حدود ۲۰ آمپر بوده و دستگاه پمپ باد حدود ۱۴ آمپر که موتور برق آنها پاسخگو نمی باشد. ', 0, 0, 0, 0, 0),
(590, 0, 96, 'مهندس امیدی', 300000, 500000, 453, 1, 500000, 500000, 1, '2025-08-11 11:50:56', 'لذا یک عدد موتور برق بنزینی ۹ kva  و یک عدد  5.5 kva تکفاز جواب می‌دهد اما در بهترین وضعیت یک عدد موتور برق۱۵ kva سه فاز با دید افزایش مصرف در آینده گزینه مناسبی است', 0, 0, 0, 0, 0),
(592, 0, 19, 'امیر عباس', 69120, 115200, 455, 1, 115200, 115200, 1, '2025-08-11 14:13:01', '', 0, 0, 0, 0, 0),
(593, 0, 38, 'امیر عباس', 5880, 9800, 455, 6, 9800, 58800, 1, '2025-08-11 14:13:46', '', 0, 0, 0, 0, 0),
(594, 0, 95, 'امیر عباس', 300000, 500000, 455, 4, 500000, 2000000, 1, '2025-08-11 14:15:56', 'نصب سه عدد پریز رو کار و یک عدد منیاتوری در تابلو برق', 0, 0, 0, 0, 0),
(595, 0, 15, 'امیر عباس', 22200, 37000, 454, 2, 37000, 74000, 1, '2025-08-11 14:18:24', '', 0, 0, 0, 0, 0),
(596, 0, 38, 'امیر عباس', 5880, 9800, 454, 15, 9800, 147000, 1, '2025-08-11 14:19:04', '', 0, 0, 0, 0, 0),
(597, 0, 60, 'امیر عباس', 79200, 132000, 454, 1, 132000, 132000, 1, '2025-08-11 14:19:40', '', 0, 0, 0, 0, 0),
(599, 0, 38, 'امیر عباس', 5880, 9800, 425, 10, 9800, 98000, NULL, '2025-08-11 14:24:22', '', 0, 0, 0, 0, 0),
(600, 0, 24, 'امیر عباس', 20700, 34500, 425, 3, 34500, 103500, NULL, '2025-08-11 14:25:15', '', 0, 0, 0, 0, 0),
(601, 0, 36, 'امیر عباس', 96000, 160000, 425, 2, 160000, 320000, NULL, '2025-08-11 14:26:07', '', 0, 0, 0, 0, 0),
(603, 0, 96, 'امیر عباس', 300000, 500000, 425, 3, 500000, 1500000, NULL, '2025-08-11 14:27:36', '', 0, 0, 0, 0, 0),
(604, 0, 24, 'امیر عباس', 20700, 34500, 424, 40, 34500, 1380000, 1, '2025-08-11 14:32:43', '', 0, 0, 0, 0, 0),
(605, 0, 19, 'امیر عباس', 69120, 115200, 424, 4, 115200, 460800, 1, '2025-08-11 14:33:40', '', 0, 0, 0, 0, 0),
(606, 0, 70, 'امیر عباس', 207600, 346000, 424, 1, 346000, 346000, 1, '2025-08-11 14:34:31', '', 0, 0, 0, 0, 0),
(607, 0, 39, 'امیر عباس', 7560, 12600, 424, 100, 12600, 1260000, 1, '2025-08-11 14:36:12', '', 0, 0, 0, 0, 0),
(608, 0, 29, 'امیر عباس', 236400, 394000, 416, 1, 394000, 394000, NULL, '2025-08-11 14:51:34', '', 0, 0, 0, 0, 0),
(609, 0, 19, 'امیر عباس', 69120, 115200, 416, 6, 115200, 691200, NULL, '2025-08-11 14:54:31', '', 0, 0, 0, 0, 0),
(611, 0, 62, 'امیر عباس', 206100, 343500, 416, 4, 343500, 1374000, NULL, '2025-08-11 14:56:12', '', 0, 0, 0, 0, 0),
(612, 0, 99, 'امیر عباس', 1200000, 2000000, 416, 1, 2000000, 2000000, NULL, '2025-08-11 14:58:33', 'تابلو چنج آور', 0, 0, 0, 0, 0),
(614, 0, 41, 'امیر عباس', 14280, 23800, 416, 12, 23800, 285600, NULL, '2025-08-11 15:05:04', '', 0, 0, 0, 0, 0),
(615, 0, 33, 'امیر عباس', 31500, 52500, 416, 4, 52500, 210000, NULL, '2025-08-11 15:29:42', '', 0, 0, 0, 0, 0),
(616, 0, 83, 'امیر عباس', 120000, 200000, 416, 22, 200000, 4400000, NULL, '2025-08-11 15:31:10', '', 0, 0, 0, 0, 0),
(618, 0, 49, 'مهدی ', 30600, 51000, 385, 20, 51000, 1020000, 1, '2025-08-11 19:04:36', 'کابل کشی 10×4', 0, 0, 0, 0, 0),
(619, 0, 25, 'مهدی ', 23400, 39000, 385, 6, 39000, 234000, 1, '2025-08-11 19:05:45', '', 0, 0, 0, 0, 0),
(623, 0, 96, 'مهدی ', 300000, 500000, 385, 2, 500000, 1000000, 1, '2025-08-11 19:14:06', 'سربندی نری و مادگی سه فاز ', 0, 0, 0, 0, 0),
(624, 0, 29, 'مهدی ', 236400, 394000, 385, 1, 394000, 394000, 1, '2025-08-11 19:15:34', 'نصب تابلو فلزی 35×25 \r\n', 0, 0, 0, 0, 0),
(625, 0, 85, 'مهدی ', 144000, 240000, 385, 1, 240000, 240000, 1, '2025-08-11 19:16:39', '', 0, 0, 0, 0, 0),
(626, 0, 39, 'مهدی ', 7560, 12600, 385, 37, 12600, 466200, 1, '2025-08-11 19:18:00', 'سیم کشی آرت 2.5 برای ارتینگ \r\n', 0, 0, 0, 0, 0),
(627, 0, 110, 'مهدی ', 24000, 15000, 385, 5, 15000, 75000, 1, '2025-08-11 19:18:36', '', 0, 0, 0, 0, 0),
(628, 0, 96, 'مهدی ', 300000, 500000, 385, 1, 500000, 500000, 1, '2025-08-11 19:19:39', 'سربندی  کرپی ', 0, 0, 0, 0, 0),
(630, 0, 105, 'امیرحسین', 19200, 12000, 356, 8, 12000, 96000, NULL, '2025-08-11 20:11:05', '', 0, 0, 0, 0, 0),
(631, 0, 20, 'امیرحسین', 13440, 22400, 356, 6, 22400, 134400, NULL, '2025-08-11 20:11:50', 'لوله فلکسی', 0, 0, 0, 0, 0),
(632, 0, 96, 'امیرحسین', 300000, 500000, 356, 1, 500000, 500000, NULL, '2025-08-11 20:13:03', 'نصب چراغ سیگنال سه طبقه روی دیوار', 0, 0, 0, 0, 0),
(633, 0, 71, 'امیرحسین', 241800, 403000, 356, 1, 403000, 403000, NULL, '2025-08-11 20:13:38', 'نصب پرشرباد', 0, 0, 0, 0, 0),
(634, 0, 61, 'امیرحسین', 90000, 150000, 356, 1, 150000, 150000, NULL, '2025-08-11 20:15:56', '', 0, 0, 0, 0, 0),
(635, 0, 96, 'امیرحسین', 300000, 500000, 356, 1, 500000, 500000, NULL, '2025-08-11 20:17:31', 'سربندی های چراغ سیگنال و و دوتا ترمینال ار تی پی و پرشر باد', 0, 0, 0, 0, 0),
(636, 0, 96, 'امیرحسین', 300000, 500000, 276, 48, 500000, 24000000, 1, '2025-08-12 10:12:43', 'لیبل گذاری فیوز', 0, 0, 0, 0, 0),
(637, 0, 96, 'امیرحسین', 300000, 500000, 276, 3, 500000, 1500000, 1, '2025-08-12 10:13:50', 'لوله هواکش سرویس', 0, 0, 0, 0, 0),
(639, 0, 96, 'محمد', 300000, 500000, 456, 1, 500000, 500000, 1, '2025-08-12 11:17:11', 'نصب دو عدد فن کوچک روی تابلو به همراه ترموستات فن و سیم کشی و سربندی آنها در تابلو و بستن زیر فیوز تک فاز تابلو ', 0, 0, 0, 0, 0),
(640, 0, 96, 'امین ', 300000, 500000, 178, 6, 500000, 3000000, 1, '2025-08-12 11:25:38', 'خط بندی تلفن های داخلی ', 0, 0, 0, 0, 0),
(641, 0, 1, 'محمد', 200000, 100000, 451, 28, 100000, 2800000, 1, '2025-08-12 11:46:02', 'کابلکشی ۴ در ۲۵ آلومینیوم ۲۸ متر', 0, 0, 0, 0, 0),
(642, 0, 98, 'محمد', 4800, 8000, 451, 8, 8000, 64000, 1, '2025-08-12 11:46:41', 'جمع آوری کابل ۴ در ۲۵ آلومینیوم ۸ متر', 0, 0, 0, 0, 0),
(643, 0, 50, 'محمد', 35100, 58500, 451, 42, 58500, 2457000, 1, '2025-08-12 11:50:54', 'کابل کشی ۴ در ۱۶ آلومینیوم ۴۲ متر', 0, 0, 0, 0, 0),
(644, 0, 96, 'محمد', 300000, 500000, 451, 2, 500000, 1000000, 1, '2025-08-12 11:52:56', 'اجرای مفصل ۳ در ۵۰ به اضافه ۲۵ آلومینیوم یک عدد و روکش حرارتی یک متر\nباز کردن درب سینی کابل ۳۰  سانت ۱۶ متر ', 0, 0, 0, 0, 0),
(645, 0, 1, 'محمد', 30120, 50000, 452, 15, 100000, 750000, 1, '2025-08-12 12:30:38', '0', 0, 0, 0, 0, 0),
(646, 0, 60, 'محمد', 79200, 132000, 452, 1, 132000, 132000, 1, '2025-08-12 12:31:55', '', 0, 0, 0, 0, 0),
(647, 0, 96, 'محمد', 300000, 500000, 452, 1, 500000, 500000, 1, '2025-08-12 12:32:59', 'جستجو برق برای کولر گازی از تابلو اصلی مسجد', 0, 0, 0, 0, 0),
(648, 0, 97, 'امین', 150000, 250000, 178, 4, 250000, 1000000, 1, '2025-08-12 14:10:57', 'جمع آوری سه عدد پروژکتور از سقف سوله و جمع آوری یک عدد هواکش ۷۲ در ۷۲ از روی دیوار سوله جهت نصب در جای دیگر', 0, 0, 0, 0, 0),
(649, 0, 10, 'امین', 500000, 250000, 178, 3, 250000, 750000, 1, '2025-08-12 14:11:33', 'نصب سه عدد پرژکتور 100 وات برای روشنایی سقف سوله ', 0, 0, 0, 0, 0),
(650, 0, 94, 'امین', 378000, 630000, 178, 1, 630000, 630000, 1, '2025-08-12 14:13:36', 'عیب یابی شیر باد دستگاه دوخت \r\nخودشون اقدام به تعویض شیر کرده بودند ولی یکی از شیر ها بوبینش24 ولت بوده ولی ورودی به شیر  220 ولت بود برای همین سوخته بود رله و درست عمل نمیکرد ', 0, 0, 0, 0, 0),
(651, 0, 96, 'امین', 300000, 500000, 178, 1, 500000, 500000, 1, '2025-08-12 14:14:05', 'تعویض شیر برقی سوخته سیستم پنوماتیک دستگاه دوخت با شیر نو ', 0, 0, 0, 0, 0),
(652, 0, 96, 'امین ', 300000, 500000, 458, 90, 500000, 45000000, 1, '2025-08-12 17:19:10', 'عیب یابی و تعمیر دستگاه بادی 5-6', 0, 0, 0, 0, 0),
(653, 0, 46, 'مهدی ', 20700, 34500, 385, 32, 34500, 1104000, 1, '2025-08-12 18:49:58', '', 0, 0, 0, 0, 0),
(654, 0, 24, 'مهدی ', 20700, 34500, 385, 20, 34500, 690000, 1, '2025-08-12 18:51:09', 'فلکسی 16 ', 0, 0, 0, 0, 0),
(656, 0, 49, 'مهدی ', 30600, 51000, 384, 35, 51000, 1785000, 1, '2025-08-12 18:54:23', 'کابل کشی 10×4', 0, 0, 0, 0, 0),
(657, 0, 46, 'مهدی ', 20700, 34500, 384, 8, 34500, 276000, 1, '2025-08-12 18:54:58', '', 0, 0, 0, 0, 0),
(658, 0, 23, 'مهدی ', 88200, 147000, 384, 3, 147000, 441000, 1, '2025-08-12 18:55:51', '', 0, 0, 0, 0, 0),
(659, 0, 24, 'مهدی ', 20700, 34500, 384, 8, 34500, 276000, 1, '2025-08-12 18:56:34', 'فلکسی 16 ', 0, 0, 0, 0, 0),
(660, 0, 62, 'مهدی ', 206100, 343500, 384, 5, 343500, 1717500, 1, '2025-08-12 18:56:50', '', 0, 0, 0, 0, 0),
(661, 0, 96, 'مهدی ', 300000, 500000, 384, 3, 500000, 1500000, 1, '2025-08-12 18:57:45', 'نصب ریل و ترمینال تابلویی 16 .  3 عدد ', 0, 0, 0, 0, 0),
(662, 0, 28, 'امین ', 185400, 309000, 459, 1, 309000, 309000, 1, '2025-08-13 12:32:17', 'نصب تابلو مینیاتوری 16 خانه ', 0, 0, 0, 0, 0),
(663, 0, 61, 'امین ', 90000, 150000, 459, 12, 150000, 1800000, 1, '2025-08-13 12:32:49', '', 0, 0, 0, 0, 0),
(664, 0, 63, 'امین ', 206100, 343500, 459, 1, 343500, 343500, 1, '2025-08-13 12:33:04', 'مینیاتوری اصلی تابلو برق', 0, 0, 0, 0, 0),
(665, 0, 72, 'امین ', 174600, 291000, 459, 2, 291000, 582000, 1, '2025-08-13 12:53:53', 'چراغ سیگنال چنج اور مسجد و جیگرکی', 0, 0, 0, 0, 0),
(666, 0, 86, 'مهدی ', 316800, 528000, 385, 1, 528000, 528000, NULL, '2025-08-14 03:12:25', 'نصب آرت باکس به همراه شینه ', 0, 0, 0, 0, 0),
(667, 0, 81, 'مهدی ', 38160, 63600, 385, 2, 63600, 127200, NULL, '2025-08-14 03:13:15', 'پرس کابلشو 25.  ', 0, 0, 0, 0, 0),
(668, 0, 82, 'مهدی ', 63000, 105000, 385, 1, 105000, 105000, NULL, '2025-08-14 03:13:44', 'پرس کابلشو 70', 0, 0, 0, 0, 0),
(669, 0, 41, 'مهدی ', 14280, 23800, 385, 30, 23800, 714000, NULL, '2025-08-14 03:15:41', 'سیم کشی 25ارت ', 0, 0, 0, 0, 0),
(670, 0, 103, 'مهدی ', 480000, 300000, 385, 1, 300000, 300000, NULL, '2025-08-14 03:18:51', 'سربندی کابلشو 25.  3 عدد . و. 70.   1 عدد ', 0, 0, 0, 0, 0),
(671, 0, 58, 'مهدی ', 45000, 75000, 385, 1, 75000, 75000, NULL, '2025-08-14 03:20:06', 'نصب پریز بارونی ', 0, 0, 0, 0, 0),
(672, 0, 96, 'مهدی ', 300000, 500000, 385, 5, 500000, 2500000, NULL, '2025-08-14 03:21:47', 'سربندی سیم آرت داخل تابلو ', 0, 0, 0, 0, 0),
(673, 0, 60, 'مهدی ', 79200, 132000, 385, 1, 132000, 132000, NULL, '2025-08-14 03:22:35', '', 0, 0, 0, 0, 0),
(674, 0, 21, 'مهدی ', 71100, 118500, 385, 6, 118500, 711000, NULL, '2025-08-14 03:23:38', '', 0, 0, 0, 0, 0),
(675, 0, 96, 'مهدی ', 300000, 500000, 385, 12, 500000, 6000000, NULL, '2025-08-14 03:24:55', 'اجرا فلکسی 13.    12 متر', 0, 0, 0, 0, 0),
(676, 0, 96, 'مهدی ', 300000, 500000, 385, 22, 500000, 11000000, NULL, '2025-08-14 03:26:17', 'سیم کشی آرت 4.   ', 0, 0, 0, 0, 0),
(677, 0, 62, 'مهدی ', 206100, 343500, 385, 9, 343500, 3091500, NULL, '2025-08-14 03:31:27', 'سربندی تابلو پریز ها \r\nسربندی دستگاه کاپ \r\n', 0, 0, 0, 0, 0),
(678, 0, 96, 'مهدی ', 300000, 500000, 460, 2, 500000, 1000000, 1, '2025-08-14 03:34:57', 'ساب زنی چهار پایه حدودا 2 ساعت به صورت یکسره بدون استراحت', 0, 0, 0, 0, 0),
(679, 0, 96, 'مهدی ', 300000, 500000, 460, 1, 500000, 500000, 1, '2025-08-14 03:35:34', 'رنگ کاری با اسپری 5 عدد ', 0, 0, 0, 0, 0),
(680, 0, 27, 'امین', 169200, 282000, 200, 4, 282000, 1128000, NULL, '2025-08-14 16:25:29', '3fghfhgfhg', 0, 0, 0, 0, 0),
(681, 0, 18, 'امین', 32400, 54000, 200, 10, 54000, 540000, 1, '2025-08-14 16:35:37', 'sdsadasdas', 0, 0, 0, 0, 0),
(682, 0, 93, 'امین', 180000, 300000, 200, 6, 300000, 1800000, 1, '2025-08-14 16:54:48', 'ذبلذلیسذیریبسر', 0, 0, 0, 0, 0),
(683, 0, 76, 'امین', 58800, 98000, 200, 1, 98000, 98000, NULL, '2025-08-14 17:06:17', 'ریسرسیرسیرسیر', 0, 0, 0, 0, 0),
(684, 0, 88, 'علی ', 174600, 291000, 462, 5, 291000, 1455000, 1, '2025-08-24 16:56:57', 'تست', 0, 0, 0, 0, 0),
(685, 0, 24, 'علی ', 20700, 34500, 462, 1, 34500, 34500, 1, '2025-08-24 16:57:42', 'تست', 0, 0, 0, 0, 0),
(686, 0, 18, 'مجید ', 32400, 54000, 462, 3, 54000, 162000, NULL, '2025-08-24 16:58:49', 'دذذ', 0, 0, 0, 0, 0),
(687, 0, 88, 'علی ', 174600, 291000, 466, 5, 291000, 1455000, NULL, '2025-08-27 05:12:54', 'تست', 0, 0, 0, 0, 0),
(688, 0, 18, 'علی ', 32400, 54000, 466, 5, 54000, 270000, NULL, '2025-08-27 08:03:45', '', 0, 0, 0, 0, 0),
(689, 0, 101, 'علی ', 100000, 160000, 467, 1, 160000, 160000, 1, '2025-09-02 16:00:49', 'تستس\r\n', 0, 0, 0, 0, 0),
(690, 0, 62, 'علی', 206100, 343500, 467, 10, 343500, 3435000, 1, '2025-09-02 16:22:42', '', 0, 0, 0, 0, 0),
(691, 0, 32, 'علی ', 530600, 880796, 468, 30, 51000, 26423880, NULL, '2025-09-03 02:14:25', '0', 0, 0, 0, 0, 0),
(692, 0, 21, 'علی ', 71100, 118500, 468, 60, 118500, 7110000, NULL, '2025-09-03 02:15:31', '', 0, 0, 0, 0, 0),
(694, 0, 18, 'امیرحسین', 602410, 1000000, 444, 6, 0, 6000000, 1, '2025-09-08 04:51:27', '0', 0, 0, 0, 0, 0),
(696, 0, 24, 'امیرحسین', 207831, 344999, 444, 3, 345000, 1034998, 1, '2025-09-08 05:49:11', '0', 0, 0, 0, 0, 0),
(697, 0, 24, 'امیرحسین', 207000, 343620, 444, 2, 0, 687240, 1, '2025-09-08 07:35:12', '0', 0, 0, 0, 0, 0),
(698, 0, 36, 'علی', 960000, 1593600, 468, 1, 0, 1593600, NULL, '2025-09-13 12:11:17', '1', 0, 0, 0, 0, 0),
(707, 0, 36, 'علی', NULL, NULL, 471, 1, 0, 0, 1, '2025-09-17 07:05:07', 'اجرای زانو سینی', 0, 10000, 16600, 10000, 16600),
(708, 0, 88, 'علی', NULL, NULL, 471, 0, 0, 0, 1, '2025-09-17 07:19:56', 'اجرای جوش انفجاری', 0, 0, 0, 0, 0);

-- --------------------------------------------------------

--
-- Table structure for table `kalahabama_warehouse`
--

CREATE TABLE `kalahabama_warehouse` (
  `id` int(11) NOT NULL,
  `name` varchar(255) DEFAULT NULL,
  `brand` varchar(255) DEFAULT NULL,
  `unit` varchar(255) NOT NULL,
  `quantity` float DEFAULT NULL,
  `purchase_price` decimal(10,0) DEFAULT NULL,
  `sale_price` decimal(10,0) DEFAULT NULL,
  `status` tinyint(4) DEFAULT 1,
  `description` varchar(255) DEFAULT NULL
) ENGINE=InnoDB DEFAULT CHARSET=utf8mb4 COLLATE=utf8mb4_general_ci COMMENT='انبارکالاهاباما';

--
-- Dumping data for table `kalahabama_warehouse`
--

INSERT INTO `kalahabama_warehouse` (`id`, `name`, `brand`, `unit`, `quantity`, `purchase_price`, `sale_price`, `status`, `description`) VALUES
(0, 'تست', 'برند تستی', '85', 10, 50, 55, 1, NULL);

-- --------------------------------------------------------

--
-- Table structure for table `khadamat`
--

CREATE TABLE `khadamat` (
  `id` int(11) NOT NULL,
  `name` varchar(255) CHARACTER SET utf8mb4 COLLATE utf8mb4_persian_ci NOT NULL,
  `unit` varchar(50) CHARACTER SET utf8mb4 COLLATE utf8mb4_persian_ci NOT NULL,
  `quantity` int(11) NOT NULL,
  `purchase_price` decimal(10,0) DEFAULT NULL,
  `sale_price` decimal(10,0) DEFAULT NULL,
  `description` varchar(255) CHARACTER SET utf8mb4 COLLATE utf8mb4_persian_ci DEFAULT NULL
) ENGINE=InnoDB DEFAULT CHARSET=latin1 COLLATE=latin1_swedish_ci COMMENT='جدول خدمات‌';

--
-- Dumping data for table `khadamat`
--

INSERT INTO `khadamat` (`id`, `name`, `unit`, `quantity`, `purchase_price`, `sale_price`, `description`) VALUES
(1, 'کابلکشی', '85', 0, 2000000, 1000000, NULL),
(10, 'نصب پروژکتور', '68', 0, 5000000, 2500000, NULL),
(15, 'داکت کشی تا ۳×۳', '68', 0, 222000, 370000, NULL),
(18, 'اجرای شیار زنی و کنده کاری', '81', 0, 324000, 540000, NULL),
(19, 'اجرای گردبر از ۱۱ تا ۲۱', '85', 0, 691200, 1152000, NULL),
(20, 'لوله کشی برق', '68', 0, 134400, 224000, NULL),
(21, 'اجرای لوله فولادی ۲۱', '68', 0, 711000, 1185000, NULL),
(22, 'اجرای لوله فولادی ۱۶', '68', 0, 621000, 1035000, NULL),
(23, 'اجرای لوله فولادی ۲۹', '68', 0, 882000, 1470000, NULL),
(24, 'اجرای فلکسی تا ۱۶', '68', 0, 207000, 345000, NULL),
(25, 'اجرای فلکسی ۲۹', '68', 0, 234000, 390000, NULL),
(26, 'نصب قوطی توکار', '85', 0, 252000, 420000, NULL),
(27, 'نصب جعبه تقسیم', '85', 0, 1692000, 2820000, NULL),
(28, 'نصب تابلو مینیاتوری ', '85', 0, 1854000, 3090000, NULL),
(29, 'نصب تابلو ۳۰در۴۰', '85', 0, 2364000, 3940000, NULL),
(30, 'نصب تابلو ۷۰ در ۸۰', '85', 0, 3948000, 6580000, NULL),
(31, 'نصب تابلو ۹۰ در ۱۲۰', '85', 0, 6000000, 10000000, NULL),
(32, 'داکت کشی تا ۴*۶', '68', 0, 306000, 510000, NULL),
(33, 'داکت کشی ۶*۹', '68', 0, 315000, 525000, NULL),
(34, 'سینی کشی تا سایز ۲۰', '68', 0, 909000, 1515000, NULL),
(35, 'سینی کشی تا سایز ۴۰', '68', 0, 1035000, 1725000, NULL),
(36, 'اجرای زانو سینی', '85', 0, 960000, 1600000, NULL),
(37, 'نصب ساپورت سینی', '85', 0, 594000, 990000, NULL),
(38, 'سیم کشی تا ۲.۵', '68', 0, 58800, 98000, NULL),
(39, 'سیم کشی تا ۶', '68', 0, 75600, 126000, NULL),
(40, 'سیم کشی تا ۱۶', '68', 0, 100800, 168000, NULL),
(41, 'سیم کشی تا ۳۵', '68', 0, 142800, 238000, NULL),
(42, 'سیم کشی تا ۷۰', '68', 0, 294000, 490000, NULL),
(43, 'سیم کشی تا ۹۵', '68', 0, 444000, 740000, NULL),
(44, 'کابل کشی ریز', '68', 0, 153000, 255000, NULL),
(45, 'کابل کشی ۴*۳', '68', 0, 198000, 330000, NULL),
(46, 'کابل کشی ۴*۴', '68', 0, 207000, 345000, NULL),
(47, 'کابل کشی ۴*۵', '85', 0, 216000, 360000, NULL),
(48, 'کابل کشی ۶*۵', '68', 0, 279000, 465000, NULL),
(49, 'کابل کشی ۱۰*۵', '68', 0, 306000, 510000, NULL),
(50, 'کابل کشی ۱۶*۵', '68', 0, 351000, 585000, NULL),
(51, 'کابل کشی ۳۵*۵', '68', 0, 459000, 765000, NULL),
(52, 'کابل کشی آلومينيوم ۲۵*۳', '68', 0, 558000, 930000, NULL),
(53, 'کابل کشی آلومينيوم ۳۵*۳', '68', 0, 711000, 1185000, NULL),
(54, 'کابل کشی آلومينيوم ۵۰*۳', '68', 0, 792000, 1320000, NULL),
(55, 'کابل کشی آلومينيوم ۷۰*۳', '68', 0, 873000, 1455000, NULL),
(56, 'کابل کشی آلومینیوم ۹۵*۳', '68', 0, 1062000, 1770000, NULL),
(57, 'نصب کلیدپریز توکار', '85', 0, 324000, 540000, NULL),
(58, 'نصب کلید پریز روکار', '85', 0, 450000, 750000, NULL),
(59, 'نصب کیستون', '85', 0, 1104000, 1840000, NULL),
(60, 'سربندی تکفاز ', '85', 0, 792000, 1320000, NULL),
(61, 'نصب مینیاتوری تک فاز ', '85', 0, 900000, 1500000, NULL),
(62, 'سربندی سه فاز ', '85', 0, 2061000, 3435000, NULL),
(63, 'نصب مینیاتوری سه فاز', '85', 0, 2061000, 3435000, NULL),
(64, 'نصب روشنایی دیوار کوب مهتابی و براکت', '85', 0, 810000, 1350000, NULL),
(65, 'نصب چراغ ۶۰*۶۰', '85', 0, 1962000, 3270000, NULL),
(66, 'نصب هالوژنی تا ۶', '85', 0, 438600, 731000, NULL),
(67, 'نصب لامپ و سرپیچ', '85', 0, 333000, 555000, NULL),
(68, 'نصب فوتوسل یا سنسور حرکتی', '85', 0, 1224000, 2040000, NULL),
(69, 'نصب کنتاکتور تا۶۳', '85', 0, 3156000, 5260000, NULL),
(70, 'نصب ترموستات یا سنسور فشار', '85', 0, 2076000, 3460000, NULL),
(71, 'نصب شیر برقی یا پرشر سوئیچ ', '85', 0, 2418000, 4030000, NULL),
(72, 'نصب چراغ سیگنال ، شستی یا میکروسوئیچ', '85', 0, 1746000, 2910000, NULL),
(73, 'نصب محافظ زیر کنتوری', '85', 0, 3570000, 5950000, NULL),
(74, 'نصب و راه اندازی', '85', 0, 4500000, 7500000, NULL),
(75, 'سوکت زنی تلفن ', '85', 0, 360000, 600000, NULL),
(76, 'سوکت زنی شبکه', '85', 0, 588000, 980000, NULL),
(77, 'نصب ادوات تابلویی برنامه دار', '85', 0, 2520000, 4200000, NULL),
(78, 'نصب دوربین ', '85', 0, 3600000, 6000000, NULL),
(79, 'اجرای وارنیش', '68', 0, 33600, 56000, NULL),
(80, 'لیبل زنی', '85', 0, 42000, 70000, NULL),
(81, 'پرس کابلشو تا ۳۵', '85', 0, 381600, 636000, NULL),
(82, 'پرس کابلشو تا ۹۵', '85', 0, 630000, 1050000, NULL),
(83, 'اجرای پرس کابلشو تا ۱۲۰ و بیشتر', '85', 0, 1200000, 2000000, NULL),
(84, 'هم بندی تک فاز', '85', 0, 540000, 900000, NULL),
(85, 'هم بندی سه فاز ', '85', 0, 1440000, 2400000, NULL),
(86, 'نصب ارت باکس با شینه', '85', 0, 3168000, 5280000, NULL),
(87, 'جوشکاری', '81', 0, 900000, 1500000, NULL),
(88, 'اجرای جوش انفجاری', '85', 0, 1746000, 2910000, NULL),
(89, 'نصب کولر ابی', '85', 0, 6000000, 10000000, NULL),
(90, 'سرویس کولر آبی', '85', 0, 3300000, 5500000, NULL),
(91, 'نصب کلید کولر', '85', 0, 846000, 1410000, NULL),
(92, 'نصب چراغ گردان', '85', 0, 756000, 1260000, NULL),
(93, 'ایاب و ذهاب', '81', 0, 1800000, 3000000, NULL),
(94, 'عیب یابی و رفع اتصالی', '81', 0, 3780000, 6300000, NULL),
(95, 'نصب', '85', 0, 3000000, 5000000, NULL),
(96, 'اجرت ', '81', 0, 3000000, 5000000, NULL),
(97, 'جمع آوری روشنایی', '85', 0, 1500000, 2500000, NULL),
(98, 'جمع آوری کابل', '68', 0, 48000, 80000, NULL),
(99, 'مونتاژ', '85', 0, 12000000, 20000000, NULL),
(100, 'دمونتاژ ', '85', 0, 4800000, 8000000, NULL),
(101, 'تست', '79', 0, 1000000, 1600000, NULL),
(102, 'تستت', '72', 0, 3000000, 4800000, NULL),
(103, 'سربندی سه فاز با سایز', '85', 0, 4800000, 3000000, NULL),
(104, 'کابل کشی 4*2', '68', 0, 192000, 120000, NULL),
(105, 'کابل کشی1.5*3', '68', 0, 192000, 120000, NULL),
(106, 'کابل کشی 2.5*3', '68', 0, 120000, 192000, NULL),
(107, 'کابل کشی 1.5*4', '68', 0, 120000, 192000, NULL),
(108, 'کابل کشی 1*5', '68', 0, 120000, 192000, NULL),
(109, 'کابل کشی 6*2', '68', 0, 150000, 240000, NULL),
(110, 'کابل کشی 2.5*4', '68', 0, 150000, 240000, NULL),
(111, 'کابل کشی 1.5*5', '68', 0, 150000, 240000, NULL),
(112, 'کابل کشی 10*2', '68', 0, 180000, 288000, NULL),
(113, 'کابل کشی 6*3', '68', 0, 180000, 288000, NULL),
(114, 'کابل کشی 2.5*5', '68', 0, 180000, 288000, NULL),
(115, 'کابل کشی 16*2', '68', 0, 200000, 320000, NULL),
(116, 'کابل کشی 10*3', '68', 0, 200000, 320000, NULL),
(117, 'کابل کشی 6*4', '68', 0, 200000, 320000, NULL),
(118, 'کابل کشی 16*3', '68', 0, 230000, 368000, NULL),
(119, 'کابل کشی 10*4', '68', 0, 230000, 368000, NULL),
(120, 'کابل کشی 25*3', '68', 0, 250000, 400000, NULL),
(121, 'کابل کشی 16*4', '68', 0, 250000, 400000, NULL),
(122, 'کابل کشی 35*3', '68', 0, 300000, 480000, NULL),
(123, 'کابل کشی 25*4', '68', 0, 300000, 480000, NULL),
(124, 'کابل کشی 35*4', '68', 0, 350000, 560000, NULL),
(125, 'کابل کشی 25*5', '68', 0, 350000, 560000, NULL);

-- --------------------------------------------------------

--
-- Table structure for table `orders`
--

CREATE TABLE `orders` (
  `id` int(11) NOT NULL,
  `product_id` int(11) DEFAULT NULL,
  `quantity` int(11) NOT NULL,
  `order_date` date NOT NULL,
  `status` enum('در انتظار','تحویل شده','لغو شده') DEFAULT 'در انتظار',
  `total_cost` decimal(10,2) DEFAULT NULL,
  `supplier_id` int(11) DEFAULT NULL,
  `project_id` int(11) DEFAULT NULL,
  `created_at` timestamp NOT NULL DEFAULT current_timestamp(),
  `updated_at` timestamp NOT NULL DEFAULT current_timestamp() ON UPDATE current_timestamp()
) ENGINE=MyISAM DEFAULT CHARSET=utf8mb4 COLLATE=utf8mb4_persian_ci;

-- --------------------------------------------------------

--
-- Table structure for table `payments`
--

CREATE TABLE `payments` (
  `id` int(11) NOT NULL,
  `employee_id` int(11) DEFAULT NULL,
  `amount` decimal(10,2) NOT NULL,
  `payment_date` date NOT NULL,
  `payment_method` enum('نقدی','چک','انتقال بانکی') DEFAULT 'انتقال بانکی',
  `status` enum('پرداخت شده','در انتظار','لغو شده') DEFAULT 'در انتظار',
  `description` text DEFAULT NULL,
  `created_at` timestamp NOT NULL DEFAULT current_timestamp(),
  `updated_at` timestamp NOT NULL DEFAULT current_timestamp() ON UPDATE current_timestamp()
) ENGINE=MyISAM DEFAULT CHARSET=utf8mb4 COLLATE=utf8mb4_persian_ci;

-- --------------------------------------------------------

--
-- Table structure for table `percentages`
--

CREATE TABLE `percentages` (
  `id` int(11) NOT NULL,
  `name` varchar(255) NOT NULL,
  `value` float NOT NULL,
  `p_ojrat` int(11) NOT NULL,
  `p_jens` int(11) NOT NULL,
  `status` tinyint(1) NOT NULL DEFAULT 1,
  `created_at_shamsi` varchar(30) NOT NULL
) ENGINE=InnoDB DEFAULT CHARSET=utf8mb4 COLLATE=utf8mb4_unicode_ci;

--
-- Dumping data for table `percentages`
--

INSERT INTO `percentages` (`id`, `name`, `value`, `p_ojrat`, `p_jens`, `status`, `created_at_shamsi`) VALUES
(27, 'PA', 70, 0, 0, 1, '1404/01/09 10:49:23'),
(28, 'PB', 65, 0, 0, 1, '1404/01/09 10:50:13'),
(29, 'PC', 60, 0, 0, 1, '1404/01/09 10:50:31'),
(30, 'AJ', 10, 0, 0, 1, '1404/01/09 10:50:50'),
(31, 'abzar', 5, 0, 0, 1, '1404/01/09 10:53:20'),
(32, 'kalahabama', 5, 0, 0, 1, '1404/01/09 10:54:38'),
(33, 'khadamat', 60, 0, 0, 1, '1404/01/09 10:57:57'),
(34, 'A', 0, 0, 0, 1, '1404/05/06 05:50:19'),
(36, 'B', 0, 0, 0, 1, '1404/05/06 05:50:56'),
(37, 'C', 0, 0, 0, 1, '1404/05/06 05:51:04'),
(38, 'D', 0, 0, 0, 1, '1404/05/06 05:51:11'),
(39, 'E', 0, 0, 0, 1, '1404/05/06 05:51:20'),
(40, 'F', 0, 0, 0, 1, '1404/05/06 05:51:32'),
(41, 'Anbardar', 0, 0, 5, 1, '1404/06/11 06:14:55'),
(42, 'NazerFani', 0, 5, 0, 1, '1404/06/11 06:15:21'),
(43, 'NazerKefi', 0, 5, 0, 1, '1404/06/11 06:15:42'),
(44, 'NazerArshad', 0, 5, 0, 1, '1404/06/11 06:16:08'),
(45, 'Hesabdar', 0, 5, 3, 1, '1404/06/11 06:17:19');

-- --------------------------------------------------------

--
-- Table structure for table `percents`
--

CREATE TABLE `percents` (
  `id` int(11) NOT NULL,
  `name` varchar(100) NOT NULL COMMENT 'نام درصد',
  `value` decimal(5,2) NOT NULL COMMENT 'مقدار درصد (بین 0 تا 100)',
  `created_at` timestamp NOT NULL DEFAULT current_timestamp() COMMENT 'تاریخ ایجاد',
  `updated_at` timestamp NOT NULL DEFAULT current_timestamp() ON UPDATE current_timestamp() COMMENT 'تاریخ آخرین بروزرسانی'
) ENGINE=InnoDB DEFAULT CHARSET=utf8mb4 COLLATE=utf8mb4_persian_ci COMMENT='جدول مدیریت درصدهای سیستم';

-- --------------------------------------------------------

--
-- Table structure for table `permissions`
--

CREATE TABLE `permissions` (
  `id` int(11) NOT NULL,
  `permission_name` varchar(50) NOT NULL
) ENGINE=InnoDB DEFAULT CHARSET=latin1 COLLATE=latin1_swedish_ci;

-- --------------------------------------------------------

--
-- Table structure for table `price_change_log`
--

CREATE TABLE `price_change_log` (
  `id` int(11) NOT NULL,
  `invoice_item_id` int(11) DEFAULT NULL,
  `old_unit_price` double DEFAULT NULL,
  `new_unit_price` double DEFAULT NULL,
  `changed_by` varchar(255) DEFAULT NULL,
  `change_date` datetime DEFAULT NULL
) ENGINE=MyISAM DEFAULT CHARSET=latin1 COLLATE=latin1_swedish_ci;

-- --------------------------------------------------------

--
-- Table structure for table `procurement_invoices`
--

CREATE TABLE `procurement_invoices` (
  `id` int(11) NOT NULL,
  `invoice_date` varchar(10) NOT NULL,
  `due_date` varchar(10) NOT NULL,
  `customer_name` varchar(255) NOT NULL,
  `description` text DEFAULT NULL
) ENGINE=InnoDB DEFAULT CHARSET=utf8mb4 COLLATE=utf8mb4_persian_ci;

-- --------------------------------------------------------

--
-- Table structure for table `procurement_invoice_items`
--

CREATE TABLE `procurement_invoice_items` (
  `id` int(11) NOT NULL,
  `invoice_id` int(11) NOT NULL,
  `barcode` varchar(50) DEFAULT NULL,
  `item_code` varchar(50) DEFAULT NULL,
  `item_name` varchar(255) NOT NULL,
  `unit` varchar(50) DEFAULT NULL,
  `quantity` int(11) NOT NULL,
  `unit_price` decimal(10,2) NOT NULL,
  `total` decimal(10,2) NOT NULL
) ENGINE=InnoDB DEFAULT CHARSET=utf8mb4 COLLATE=utf8mb4_persian_ci;

-- --------------------------------------------------------

--
-- Table structure for table `products`
--

CREATE TABLE `products` (
  `id` int(11) NOT NULL,
  `name` varchar(255) DEFAULT NULL,
  `brand` varchar(255) DEFAULT NULL,
  `unit` varchar(255) NOT NULL,
  `quantity` float DEFAULT NULL,
  `purchase_price` decimal(10,0) DEFAULT NULL,
  `sale_price` decimal(10,0) DEFAULT NULL,
  `status` tinyint(4) DEFAULT 1,
  `description` varchar(255) DEFAULT NULL
) ENGINE=InnoDB DEFAULT CHARSET=utf8mb4 COLLATE=utf8mb4_general_ci COMMENT='جدول انبارجنس‌';

--
-- Dumping data for table `products`
--

INSERT INTO `products` (`id`, `name`, `brand`, `unit`, `quantity`, `purchase_price`, `sale_price`, `status`, `description`) VALUES
(380, 'آداپتور', 'الکترو پاور', '85', 0, 100000, 110000, 1, NULL),
(381, 'آداپتور', 'سوپلی', '85', 0, 100000, 110000, 1, NULL),
(382, 'آژیر', 'ماهان کوچک', '85', -9, 100000, 110000, 1, NULL),
(383, 'آژیر', 'زنگ درب', '85', 1, 14000000, 15400000, 1, NULL),
(384, 'آژیر', 'سون', '85', 0, 14000000, 15400000, 1, NULL),
(385, 'آلارم بیزر', '', '85', -9, 10000, 11000, 1, NULL),
(386, 'آمپرمتر', '96شیوا امواج', '85', 0, 30000, 33000, 1, NULL),
(387, 'آمپرمتر', 'هیوکی', '85', 0, 400000000, 440000000, 1, NULL),
(388, 'اسپری کنتاکتورشور', 'protect', '85', 10, 20000, 22000, 1, NULL),
(389, 'اسپری کنتاکتورشور', 'ناهید', '85', 0, 650000, 715000, 1, NULL),
(390, 'اسپری رنگ مشکی', '', '85', 1, 650000, 715000, 1, NULL),
(391, 'اسپری گاز مایع', '', '85', 0, 650000, 715000, 1, NULL),
(392, 'استپ قارچی', '', '85', 8, 10000, 11000, 1, NULL),
(393, 'الکترود جوش', '', '85', 87, 300000, 330000, 1, NULL),
(394, 'باس بار', 'کارکرده', '85', 1, 1500000, 1650000, 1, NULL),
(395, 'براکت', '40وات', '85', 0, 3000000, 3300000, 1, NULL),
(396, 'بست', 'اسپید 21', '85', 94, 350000, 385000, 1, NULL),
(397, 'بست', 'اسپید 36', '85', 22, 350000, 385000, 1, NULL),
(398, 'بست', 'انتهایی', '85', 148, 109000, 119900, 1, NULL),
(399, 'بست', 'لوله پایه دار', '85', 9, 10000, 11000, 1, NULL),
(400, 'بست p', '20', '85', 100, 500000, 550000, 1, NULL),
(401, 'بست p', '21', '85', 14, 200000, 220000, 1, NULL),
(402, 'بست p', '25', '85', 50, 25000, 27500, 1, NULL),
(403, 'بست p', '36', '85', 27, 350000, 385000, 1, NULL),
(404, 'بست p', '(دپو)10', '85', 400, 280000, 308000, 1, NULL),
(405, 'بست p', '(دپو)11*18', '85', 200, 280000, 308000, 1, NULL),
(406, 'بست p', '(دپو)13*20', '85', 200, 280000, 308000, 1, NULL),
(407, 'بست p', '(دپو)17*25', '85', 200, 280000, 308000, 1, NULL),
(408, 'بست p', '(دپو)6', '85', 300, 280000, 308000, 1, NULL),
(409, 'بست p', '(دپو)8', '85', 200, 280000, 308000, 1, NULL),
(410, 'بست p', '11*16', '85', 90, 35000, 38500, 1, NULL),
(411, 'بست p', '13-18', '85', 87, 65000, 71500, 1, NULL),
(412, 'بست p', '29-36', '85', 28, 940000, 1034000, 1, NULL),
(413, 'بست p', '6*10', '85', 231, 25000, 27500, 1, NULL),
(414, 'بست p', '9*13', '85', 61, 27500, 30250, 1, NULL),
(415, 'بست فلزی', '', '85', 32, 280000, 308000, 1, NULL),
(416, 'بست فلزی', '12', '85', 3, 280000, 308000, 1, NULL),
(417, 'بست کمربندی بزرگ 30 سانت', '', '85', 1703, 12000, 13200, 1, NULL),
(418, 'بست کمربندی کوچک 20 سانت', '', '85', 1900, 12000, 13200, 1, NULL),
(419, 'بی متال کنتاکتور', 'کارکرده', '85', 6, 5000000, 5500000, 1, NULL),
(420, 'پایه رله', '8پایه', '85', 3, 4500000, 4950000, 1, NULL),
(421, 'پایه ریل', 'زاویه دار', '85', 64, 95000, 104500, 1, NULL),
(422, 'پایه کروز', 'تکی', '85', 4, 3500000, 3850000, 1, NULL),
(423, 'پایه کروز', 'سه تایی', '85', 2, 8000000, 8800000, 1, NULL),
(424, 'پایه هالوژن سقفی', '', '85', 30, 350000, 385000, 1, NULL),
(425, 'پروژکتور', '50وات', '85', 4, 2700000, 2970000, 1, NULL),
(426, 'پروژکتور نما', '40وات', '85', 1, 3000000, 3300000, 1, NULL),
(427, 'پریز', 'شبکه', '85', 2, 650000, 715000, 1, NULL),
(428, 'پریز', 'تابلویی ریلی', '85', -14, 10000, 11000, 1, NULL),
(429, 'پریز', 'تابلویی آبی', '85', 8, 650000, 715000, 1, NULL),
(430, 'پریز', 'تابلویی زرد', '85', 5, 650000, 715000, 1, NULL),
(431, 'پریز', 'تابلویی قرمز', '85', 1, 650000, 715000, 1, NULL),
(432, 'پریز', 'آنتن با قاب', '85', 0, 650000, 715000, 1, NULL),
(433, 'پریز', 'کولر گازی', '85', 3, 650000, 715000, 1, NULL),
(434, 'پریز', 'بارانی', '85', 31, 520000, 572000, 1, NULL),
(435, 'پریز', 'تلفن توکار', '85', 3, 650000, 715000, 1, NULL),
(436, 'پریز', 'توکار دلند', '85', 13, 650000, 715000, 1, NULL),
(437, 'پریز', 'روکار دلند', '85', 28, 690000, 759000, 1, NULL),
(438, 'پل کلید اتوماتیک', '', '85', 3, 2000000, 2200000, 1, NULL),
(439, 'پوش باتوم', '', '85', 2, 2500000, 2750000, 1, NULL),
(440, 'پیچ', 'بکسی سرمته 8', '85', 24, 15000, 16500, 1, NULL),
(441, 'پیچ', 'بکسی سرمته متفرقه(3و3.5و5و6سانت)', '85', 20, 20000, 22000, 1, NULL),
(442, 'پیچ', 'بلند آلن (رزوه های متفاوت)', '85', 42, 50000, 55000, 1, NULL),
(443, 'پیچ', 'سرمته ریز واشردار', '85', 723, 24000, 26400, 1, NULL),
(444, 'پیچ', 'بکسی سرمته 1.5 سانت', '85', 144, 24000, 26400, 1, NULL),
(445, 'پیچ', 'بکسی سرمته 2.5', '85', 300, 24000, 26400, 1, NULL),
(446, 'پیچ', 'تا 3 سانتmdf', '85', 775, 24000, 26400, 1, NULL),
(447, 'پیچ', '5سانتmdf', '85', 601, 24000, 26400, 1, NULL),
(448, 'پیچ', 'متفرقهmdf', '85', 27, 24000, 26400, 1, NULL),
(449, 'پیچ', 'بکسی خودکار 5 سانت', '85', 173, 42000, 46200, 1, NULL),
(450, 'پیچ', 'بکسی خودکار 7 سانت', '85', 3, 34000, 37400, 1, NULL),
(451, 'پیچ', 'زرد 5 سانت', '85', 142, 24000, 26400, 1, NULL),
(452, 'پیچ', 'زرد خودکار متفرقه', '85', 12, 18000, 19800, 1, NULL),
(453, 'پیچ قفسه', 'رزوه 1 سانت', '85', 64, 18000, 19800, 1, NULL),
(454, 'پیچ قفسه', 'رزوه 1.5 سانت', '85', 251, 18000, 19800, 1, NULL),
(455, 'پیچ 5', 'رزوه 1 سانت', '85', 12, 18000, 19800, 1, NULL),
(456, 'پیچ 5', 'رزوه 1.5 سانت', '85', 47, 18000, 19800, 1, NULL),
(457, 'پیچ 5', 'رزوه 2 سانت', '85', 114, 18000, 19800, 1, NULL),
(458, 'پیچ 6', 'رزوه 1.5', '85', 15, 60000, 66000, 1, NULL),
(459, 'پیچ 6', 'رزوه 2', '85', 40, 60000, 66000, 1, NULL),
(460, 'پیچ 6', 'رزوه 2.5', '85', 2, 60000, 66000, 1, NULL),
(461, 'پیچ 6', 'رزوه 3', '85', 12, 60000, 66000, 1, NULL),
(462, 'پیچ 6', 'رزوه5', '85', 2, 60000, 66000, 1, NULL),
(463, 'پیچ 8', 'رزوه 1', '85', 4, 80000, 88000, 1, NULL),
(464, 'پیچ 8', 'رزوه 2', '85', 49, 80000, 88000, 1, NULL),
(465, 'پیچ 8', 'رزوه 3', '85', 34, 80000, 88000, 1, NULL),
(466, 'پیچ 8', 'رزوه 4', '85', 19, 80000, 88000, 1, NULL),
(467, 'پیچ 8', 'رزوه 5', '85', 20, 80000, 88000, 1, NULL),
(468, 'پیچ 10', 'رزوه 2 سانت', '85', 20, 80000, 88000, 1, NULL),
(469, 'پیچ 10', 'رزوه 2.5 سانت', '85', 10, 80000, 88000, 1, NULL),
(470, 'پیچ 10', 'رزوه 3 سانت', '85', 3, 80000, 88000, 1, NULL),
(471, 'پیچ 10', 'رزوه 4 سانت', '85', 4, 80000, 88000, 1, NULL),
(472, 'پیچ 10', 'متفرقه', '85', 7, 80000, 88000, 1, NULL),
(473, 'پیچ آلن کلید اتومات', 'سایز6 - 1.5 سانت', '85', 5, 140000, 154000, 1, NULL),
(474, 'پیچ آلن کلید اتومات', 'سایز6 - 2 سانت', '85', 11, 140000, 154000, 1, NULL),
(475, 'پیچ آلن کلید اتومات', 'سایز6 - 2.5 سانت', '85', 3, 140000, 154000, 1, NULL),
(476, 'پیچ آلن کلید اتومات', 'سایز8 - 2 سانت', '85', 27, 140000, 154000, 1, NULL),
(477, 'پیچ آلن کلید اتومات', 'سایز8 - 2.5 سانت', '85', 14, 140000, 154000, 1, NULL),
(478, 'پیچ آلن کلید اتومات', 'سایز8 - 3 سانت', '85', 13, 140000, 154000, 1, NULL),
(479, 'پیچ آلن کلید اتومات', 'سایز10 رزوه2', '85', 10, 140000, 154000, 1, NULL),
(480, 'پیچ آلن کلید اتومات', 'سایز10 رزوه3', '85', 12, 140000, 154000, 1, NULL),
(481, 'پیچ آلن کلید اتومات', 'متفرقه', '85', 9, 140000, 154000, 1, NULL),
(482, 'پیچ متری', 'سایز10', '68', 0.8, 1400000, 1540000, 1, NULL),
(483, 'پیچ متری', 'سایز4', '68', 1, 1400000, 1540000, 1, NULL),
(484, 'پیچ متری', 'سایز6', '68', 2, 1400000, 1540000, 1, NULL),
(485, 'پیچ متری', 'سایز4', '68', 0.5, 1400000, 1540000, 1, NULL),
(486, 'پیچ متفرقه', '', '85', 0, 24000, 26400, 1, NULL),
(487, 'تابلو برق فلزی', '50*70', '85', 1, 14000000, 15400000, 1, NULL),
(488, 'تابلو برق فلزی', '60*80', '85', 1, 18000000, 19800000, 1, NULL),
(489, 'تابلو برق فلزی', '85*100', '85', 1, 18000000, 19800000, 1, NULL),
(490, 'تابلو برق فلزی', 'کوچک قرمز دست دوم', '85', 1, 7000000, 7700000, 1, NULL),
(491, 'تابلو دانوب', '25*35', '85', 0, 6500000, 7150000, 1, NULL),
(492, 'تابلو دانوب', '25*35 کارکرده', '85', 2, 100000, 110000, 1, NULL),
(493, 'تابلو دانوب', '30*40', '85', 6, 8500000, 9350000, 1, NULL),
(494, 'تابلو دانوب', '40*50', '85', 1, 13500000, 14850000, 1, NULL),
(495, 'تابلو دانوب', '50*70', '85', 4, 23000000, 25300000, 1, NULL),
(496, 'تابلو کج', 'تکی', '85', 2, 8500000, 9350000, 1, NULL),
(497, 'تابلو کج', 'دوقلو', '85', 1, 12000000, 13200000, 1, NULL),
(498, 'تایمر', '14jn12', '85', 2, 9500000, 10450000, 1, NULL),
(499, 'تایمر ستاره مثلث', 'شیوا امواج', '85', 1, 14300000, 15730000, 1, NULL),
(500, 'تبدیل سرپیچ', '', '85', 2, 680000, 748000, 1, NULL),
(501, 'تبدیل کلید اتوماتیک', '', '85', 6, 2000000, 2200000, 1, NULL),
(502, 'تبدیل', '10به12', '85', 5, 250000, 275000, 1, NULL),
(503, 'ترانس', 'اف پی ال', '85', 2, 3700000, 4070000, 1, NULL),
(504, 'ترانس CT', 'کارکرده', '85', 4, 1000000, 1100000, 1, NULL),
(505, 'ترانس تغذیه', '12ولت 3 آمپر', '85', 2, 100000, 110000, 1, NULL),
(506, 'ترانس تغذیه', '12ولت 10آمپر', '85', 1, 3500000, 3850000, 1, NULL),
(507, 'ترانس تغذیه', '12ولت 15آمپر', '85', 1, 4500000, 4950000, 1, NULL),
(508, 'ترانس تغذیه', '12ولت 20آمپر', '85', 2, 6500000, 7150000, 1, NULL),
(509, 'ترانس تغذیه', '12ولت 30آمپر', '85', 1, 9500000, 10450000, 1, NULL),
(510, 'ترموستات', 'خارجی 90*70', '85', 0, 0, 0, 1, NULL),
(511, 'ترمینال', 'پلاستیکی سایز 6', '85', 132, 80000, 88000, 1, NULL),
(512, 'ترمینال', 'پلاستیکی سایز 4', '85', 26, 80000, 88000, 1, NULL),
(513, 'ترمینال', 'پلاستیکی سایز 16', '85', 173, 80000, 88000, 1, NULL),
(514, 'ترمینال', 'پلاستیکی سایز 10', '85', 269, 80000, 88000, 1, NULL),
(515, 'ترمینال', 'گوشتی نرم سفید', '85', 22, 650000, 715000, 1, NULL),
(516, 'ترمینال', 'گوشتی خشک مشکی', '85', 4, 450000, 495000, 1, NULL),
(517, 'ترمینال', 'گوشتی 75 آمپر', '85', 2, 1700000, 1870000, 1, NULL),
(518, 'ترمینال', 'rtp10', '85', 38, 350000, 385000, 1, NULL),
(519, 'ترمینال', 'rtp16', '85', 79, 700000, 770000, 1, NULL),
(520, 'ترمینال', 'rtp35', '85', 14, 980000, 1078000, 1, NULL),
(521, 'ترمینال', 'rtp4', '85', 130, 190000, 209000, 1, NULL),
(522, 'ترمینال', 'rtp6', '85', 91, 380000, 418000, 1, NULL),
(523, 'ترمینال', 'پی ال سی', '85', 0, 600000, 660000, 1, NULL),
(524, 'ترمینال', 'کروز اصلی', '85', 8, 9500000, 10450000, 1, NULL),
(525, 'ترمینال', '3به1 فشاری', '85', 15, 3500000, 3850000, 1, NULL),
(526, 'ترمینال', 'فشاری سه خانه', '85', 99, 300000, 330000, 1, NULL),
(527, 'تقسیم برق', '', '85', 61, 19000, 20900, 1, NULL),
(528, 'تیغه کمکی کنتاکتور', '', '85', 0, 2500000, 2750000, 1, NULL),
(529, 'جعبه', 'باکس 15*20', '85', 10, 6000000, 6600000, 1, NULL),
(530, 'جعبه', 'باکس 15*10', '85', 10, 8000000, 8800000, 1, NULL),
(531, 'جعبه تقسیم', 'صنعتی تکی', '85', 0, 3800000, 4180000, 1, NULL),
(532, 'جعبه شاسی', 'سون تک', '85', 5, 3800000, 4180000, 1, NULL),
(533, 'جعبه شاسی', 'تک مشکی', '85', 4, 3800000, 4180000, 1, NULL),
(534, 'جعبه شاسی', 'دوبل', '85', 5, 3800000, 4180000, 1, NULL),
(535, 'جعبه شاسی', 'سه تایی', '85', 1, 3800000, 4180000, 1, NULL),
(536, 'جعبه فیوز', '16تایی', '85', 2, 4000000, 4400000, 1, NULL),
(537, 'جعبه فیوز', '8تایی', '85', 1, 4000000, 4400000, 1, NULL),
(538, 'جعبه فیوز', '4تایی', '85', 2, 4000000, 4400000, 1, NULL),
(539, 'جعبه فیوز', '22تایی', '85', 2, 7900000, 8690000, 1, NULL),
(540, 'جعبه فیوز', '9تایی', '85', 5, 6500000, 7150000, 1, NULL),
(541, 'جنپر', '5تایی', '85', 18, 4000000, 4400000, 1, NULL),
(542, 'جنپر', '3تایی', '85', 36, 250000, 275000, 1, NULL),
(543, 'جنپر', '2تایی', '85', 0, 250000, 275000, 1, NULL),
(544, 'چراغ هالوژن سوزنی', 'ال ای دی 7 وات کوچک', '85', 10, 450000, 495000, 1, NULL),
(545, 'چراغ سیگنال', 'معمولی سفید', '85', 7, 450000, 495000, 1, NULL),
(546, 'چراغ سیگنال', 'معمولی رنگی', '85', 20, 2000000, 2200000, 1, NULL),
(547, 'چسب', 'نسوز برقی', '85', 48, 280000, 308000, 1, NULL),
(548, 'چسب', 'آکواریوم', '85', 1, 1500000, 1650000, 1, NULL),
(549, 'چسب', 'مایع رازی', '85', 1, 3500000, 3850000, 1, NULL),
(550, 'چسب برق', 'مشکی', '85', 46, 160000, 176000, 1, NULL),
(551, 'چسب برق', 'زرد', '85', 20, 160000, 176000, 1, NULL),
(552, 'چسب برق', 'سبز', '85', 10, 160000, 176000, 1, NULL),
(553, 'چسب برق', 'سفید', '85', 15, 160000, 176000, 1, NULL),
(554, 'چسب برق', 'ژله ای دوطرفه 1 سانت', '85', 1, 1250000, 1375000, 1, NULL),
(555, 'چسب برق', 'ژله ای دوطرفه 3 سانت', '85', 1, 1500000, 1650000, 1, NULL),
(556, 'چسب برق', 'دوطرفه مشکی 2 سانت', '85', 1, 1500000, 1650000, 1, NULL),
(557, 'حسگر حرکتی', 'مادون قرمز مدل سقفی روکار', '85', 2, 600000, 660000, 1, NULL),
(558, 'داکت', '2*2', '68', 86, 2000000, 2200000, 1, NULL),
(559, 'داکت', '3*3', '68', 40, 2000000, 2200000, 1, NULL),
(560, 'داکت', '4*4', '68', 26.23, 2000000, 2200000, 1, NULL),
(561, 'داکت', '10*6', '68', 13, 10000, 11000, 1, NULL),
(562, 'داکت شیاردار', '2.5*4', '68', 7, 3500000, 3850000, 1, NULL),
(563, 'داکت شیاردار', '4*4', '68', 6.96, 3500000, 3850000, 1, NULL),
(564, 'داکت شیاردار', 'سفید 4*4', '68', 3.73, 3500000, 3850000, 1, NULL),
(565, 'داکت شیاردار', '4*6', '68', 7.35, 3500000, 3850000, 1, NULL),
(566, 'داکت شیاردار', '6*4', '68', 12, 3500000, 3850000, 1, NULL),
(567, 'داکت شیاردار', '6*6', '68', 1.54, 3500000, 3850000, 1, NULL),
(568, 'داکت شیاردار', '6*8', '68', 4, 3500000, 3850000, 1, NULL),
(569, 'داکت شیاردار', 'سفید 9*4', '68', 1.51, 3500000, 3850000, 1, NULL),
(570, 'داکت', '(دپو)2*2', '68', 252, 2000000, 2200000, 1, NULL),
(571, 'داکت', '(دپو)3*3', '68', 80, 2000000, 2200000, 1, NULL),
(572, 'داکت', '(دپو)4*4', '68', 40, 2000000, 2200000, 1, NULL),
(573, 'داکت', '(دپو)10*6', '68', 12, 2000000, 2200000, 1, NULL),
(574, 'داکت شیاردار', '(دپو)2.5*4', '68', 60, 3500000, 3850000, 1, NULL),
(575, 'داکت شیاردار', '(دپو)4*4', '68', 80, 3500000, 3850000, 1, NULL),
(576, 'داکت شیاردار', '(دپو)4*6', '68', 72, 3500000, 3850000, 1, NULL),
(577, 'داکت شیاردار', '(دپو)6*4', '68', 32, 3500000, 3850000, 1, NULL),
(578, 'داکت شیاردار', '(دپو)6*6', '68', 24, 3500000, 3850000, 1, NULL),
(579, 'داکت شیاردار', '(دپو)6*8', '68', 16, 3500000, 3850000, 1, NULL),
(580, 'دریچه فن', '', '85', 11, 2500000, 2750000, 1, NULL),
(581, 'دسته کلی اتوماتیک', '400آمپر', '85', 2, 1000000, 1100000, 1, NULL),
(582, 'دوشاخه صنعتی', 'نری', '85', 1, 1350000, 1485000, 1, NULL),
(583, 'دوشاخه صنعتی', 'مادگی', '85', 4, 850000, 935000, 1, NULL),
(584, 'دوشاخه معمولی', 'مادگی', '85', 1, 450000, 495000, 1, NULL),
(585, 'دوشاخه معمولی', 'نری', '85', 20, 230000, 253000, 1, NULL),
(586, 'دوشاخه معمولی', 'چراغ دار', '85', -4, 100000, 110000, 1, NULL),
(587, 'رله الکتریکی', 'تایم ایران', '85', 1, 2800000, 3080000, 1, NULL),
(588, 'رله8', 'پایه نارنجی', '85', 3, 4500000, 4950000, 1, NULL),
(589, 'رله8', 'پایه آبی', '85', 3, 4500000, 4950000, 1, NULL),
(590, 'روغن', 'ترمز و کلاج آبی رنگ', '85', 1, 0, 0, 1, NULL),
(591, 'رول پلاک', '5', '85', 932, 10000, 11000, 1, NULL),
(592, 'رول پلاک', '7', '85', 73, 10000, 11000, 1, NULL),
(593, 'رول پلاک', '3', '85', 38, 10000, 11000, 1, NULL),
(594, 'رول پلاک', '2هفتی شکل', '85', 35, 10000, 11000, 1, NULL),
(595, 'رول پلاک', '1ریز', '85', 223, 10000, 11000, 1, NULL),
(596, 'رول پلاک', 'بست مشکی', '85', 31, 10000, 11000, 1, NULL),
(597, 'ریل کشاب', '', '85', 2, 0, 0, 1, NULL),
(598, 'ریل مینیاتوری', 'سایز کوچک', '68', 0.29, 1000000, 1100000, 1, NULL),
(599, 'ریل مینیاتوری', '', '68', 36, 840000, 924000, 1, NULL),
(600, 'زنگ اخبار مدرسه ای', '', '85', 1, 3500000, 3850000, 1, NULL),
(601, 'ساعت فرمان', 'سریn شیوا امواج 20آمپر', '85', 1, 16500000, 18150000, 1, NULL),
(602, 'ساعت نجومی', '6آمپر شیوا امواج', '85', 1, 14300000, 15730000, 1, NULL),
(603, 'سرپیچ آویز مشکی', 'تونلی', '85', 7, 650000, 715000, 1, NULL),
(604, 'سرپیچ چینی', '', '85', 6, 1500000, 1650000, 1, NULL),
(605, 'سرسیم', 'چشمی آبی دوشاخه', '85', 19, 60000, 66000, 1, NULL),
(606, 'سرسیم', 'چشمی آبی کولری', '85', 13, 60000, 66000, 1, NULL),
(607, 'سرسیم', 'چشمی آبی سایز 6', '85', 237, 60000, 66000, 1, NULL),
(608, 'سرسیم', 'چشمی آبی سایز 4', '85', 66, 60000, 66000, 1, NULL),
(609, 'سرسیم', 'چشمی آبی سایز 8', '85', 100, 60000, 66000, 1, NULL),
(610, 'سرسیم', 'چشمی زرد سایز 6', '85', 845, 60000, 66000, 1, NULL),
(611, 'سرسیم', 'چشمی زرد سایز 4', '85', 787, 60000, 66000, 1, NULL),
(612, 'سرسیم', 'چشمی زرد سایز 8', '85', 138, 60000, 66000, 1, NULL),
(613, 'سرسیم', 'چشمی زرد دو شاخه', '85', 297, 60000, 66000, 1, NULL),
(614, 'سرسیم', 'چشمی قرمز دو شاخه', '85', 51, 60000, 66000, 1, NULL),
(615, 'سرسیم', 'چشمی قرمز سایز 2', '85', 103, 60000, 66000, 1, NULL),
(616, 'سرسیم', 'چشمی قرمز سایز 4', '85', 58, 60000, 66000, 1, NULL),
(617, 'سرسیم', 'چشمی قرمز سایز 6', '85', 290, 60000, 66000, 1, NULL),
(618, 'سرسیم', 'چشمی قرمز سایز 8', '85', 2, 60000, 66000, 1, NULL),
(619, 'سرسیم', 'چشمی دوشاخه آبی (دپو)', '85', 300, 60000, 66000, 1, NULL),
(620, 'سرسیم', 'چشمی آبی سایز 6(دپو)', '85', 700, 60000, 66000, 1, NULL),
(621, 'سرسیم', 'چشمی آبی سایز 8(دپو)', '85', 300, 60000, 66000, 1, NULL),
(622, 'سرسیم', '16تک', '85', 0, 100000, 110000, 1, NULL),
(623, 'سرسیم', '10دوبل', '85', 88, 80000, 88000, 1, NULL),
(624, 'سرسیم', '10تک', '85', 0, 65000, 71500, 1, NULL),
(625, 'سرسیم', '6دوبل', '85', 440, 490000, 539000, 1, NULL),
(626, 'سرسیم', '6تک', '85', 801, 490000, 539000, 1, NULL),
(627, 'سرسیم', '4دوبل', '85', 643, 490000, 539000, 1, NULL),
(628, 'سرسیم', '4تک', '85', 757, 490000, 539000, 1, NULL),
(629, 'سرسیم', '2.5دوبل', '85', 1065, 490000, 539000, 1, NULL),
(630, 'سرسیم', '2.5تک', '85', 1779, 490000, 539000, 1, NULL),
(631, 'سرسیم', '1.5دوبل', '85', 776, 490000, 539000, 1, NULL),
(632, 'سرسیم', '1.5تک', '85', 792, 490000, 539000, 1, NULL),
(633, 'سرسیم', '.75 دوبل', '85', 687, 490000, 539000, 1, NULL),
(634, 'سرسیم', '.75 تک', '85', 821, 490000, 539000, 1, NULL),
(635, 'صفحه الماسی', '', '85', 13, 600000, 660000, 1, NULL),
(636, 'سوپر تایمر', 'دیجیتال شیوا امواج', '85', 2, 17000000, 18700000, 1, NULL),
(637, 'سوپرکنترل فاز دیجیتال', 'شیوا امواج سریn', '85', 8, 14000000, 15400000, 1, NULL),
(638, 'سوکت', 'چسبی تلفن دوپرت', '85', 14, 250000, 275000, 1, NULL),
(639, 'سوکت', 'چسبی تلفن تک پرت', '85', 5, 250000, 275000, 1, NULL),
(640, 'سوکت', 'تک کیستون', '85', 11, 270000, 297000, 1, NULL),
(641, 'سوکت', 'تلفن', '85', 54, 100000, 110000, 1, NULL),
(642, 'سوکت', 'تلفن جدید', '85', 100, 15000, 16500, 1, NULL),
(643, 'سوکت', 'شبکه', '85', 32, 100000, 110000, 1, NULL),
(644, 'سوکت', 'شبکه فلزی جدید', '85', 78, 600000, 660000, 1, NULL),
(645, 'سوکت (سرپیچ)', 'هالوژن', '85', 12, 100000, 110000, 1, NULL),
(646, 'سوئیچ', '24پرت', '85', 1, 15000000, 16500000, 1, NULL),
(647, 'سه راهی', 'کله گاوی', '85', 1, 2700000, 2970000, 1, NULL),
(648, 'سه راهی(چهارراهی)', 'بی سیم', '85', 2, 2500000, 2750000, 1, NULL),
(649, 'سیگنال آمپر', 'قرمز دایره', '85', 13, 2200000, 2420000, 1, NULL),
(650, 'سیگنال آمپر', 'سبز مربع', '85', 1, 2200000, 2420000, 1, NULL),
(651, 'سیم', '(ارت)16', '68', 0, 1350000, 1485000, 1, NULL),
(652, 'سیم', '(قرمز)16', '68', 1.2, 1350000, 1485000, 1, NULL),
(653, 'سیم', '(قهوه ای)6', '68', 5.03, 605000, 665500, 1, NULL),
(654, 'سیم', '(قهوه ای)6', '68', 1.35, 605000, 665500, 1, NULL),
(655, 'سیم', '(ارت)6', '68', 0, 605000, 665500, 1, NULL),
(656, 'سیم', '(آبی)4', '68', 4.8, 445000, 489500, 1, NULL),
(657, 'سیم', '(آبی)4', '68', 3.27, 445000, 489500, 1, NULL),
(658, 'سیم', '(آبی)4', '68', 21.23, 445000, 489500, 1, NULL),
(659, 'سیم', '(قرمز)4', '68', 91, 445000, 489500, 1, NULL),
(660, 'سیم', '(سبز)2.5', '68', 90, 276000, 303600, 1, NULL),
(661, 'سیم', '(آبی)2.5', '68', 89, 276000, 303600, 1, NULL),
(662, 'سیم', '(ارت)2.5', '68', 45, 276000, 303600, 1, NULL),
(663, 'سیم', '(قهوه ای)2.5', '68', 85.82, 276000, 303600, 1, NULL),
(664, 'سیم', '(مشکی)1.5', '68', 0.94, 168000, 184800, 1, NULL),
(665, 'سیم', '(سفید)1.5', '68', 100, 168000, 184800, 1, NULL),
(666, 'سیم', '(ارت)1.5', '68', 90, 168000, 184800, 1, NULL),
(667, 'سیم', '(آبی)1.5', '68', 100, 168000, 184800, 1, NULL),
(668, 'سیم', '(قرمز)1.5', '68', 2.3, 168000, 184800, 1, NULL),
(669, 'سیم', '(قهوه ای)1.5', '68', 2.36, 168000, 184800, 1, NULL),
(670, 'سیم', '(قهوه ای)1.5', '68', 2.38, 168000, 184800, 1, NULL),
(671, 'سیم', '(قهوه ای)1.5', '68', 2.21, 168000, 184800, 1, NULL),
(672, 'سیم', '(قهوه ای)1.5', '68', 1, 168000, 184800, 1, NULL),
(673, 'سیم', '(زرد)1.5', '68', 4.65, 168000, 184800, 1, NULL),
(674, 'سیم', '(زرد)1.5', '68', 2.25, 168000, 184800, 1, NULL),
(675, 'سیم', '(زرد)1.5', '68', 2.38, 168000, 184800, 1, NULL),
(676, 'سیم', '(قرمز)0.75', '68', 120, 82000, 90200, 1, NULL),
(677, 'سیم', '(طوسی)0.75', '68', 160, 82000, 90200, 1, NULL),
(678, 'سیم', '(قهوه ای)0.75', '68', 3, 82000, 90200, 1, NULL),
(679, 'سیم', '(قرمز)0.75', '68', 120, 82000, 90200, 1, NULL),
(680, 'سیم', '(طوسی)0.75', '68', 180, 82000, 90200, 1, NULL),
(681, 'سیم', '(سبز)0.75', '68', 100, 82000, 90200, 1, NULL),
(682, 'سیم', '(مشکی)0.75', '68', 60, 82000, 90200, 1, NULL),
(683, 'سیم', '(آبی)0.75', '68', 60, 82000, 90200, 1, NULL),
(684, 'سیم', '25', '68', 1.4, 1250000, 1375000, 1, NULL),
(685, 'سیم', '35', '68', 1.47, 4300000, 4730000, 1, NULL),
(686, 'سیم', '50', '68', 0.79, 6500000, 7150000, 1, NULL),
(687, 'سیم', '70', '68', 6.5, 8500000, 9350000, 1, NULL),
(688, 'سیم بکسل', '', '68', 12.4, 200000, 220000, 1, NULL),
(689, 'سیم تست تلفنی', '', '85', 1, 20000000, 22000000, 1, NULL),
(690, 'سیم مفتول', '', '68', 14, 100000, 110000, 1, NULL),
(691, 'سینی', '10سانت', '68', 32, 1800000, 1980000, 1, NULL),
(692, 'شاستی 0و1', '', '85', 6, 2500000, 2750000, 1, NULL),
(693, 'شاستی 0و1و2', '', '85', 6, 950000, 1045000, 1, NULL),
(694, 'شاسی استارت', '', '85', 10, 2500000, 2750000, 1, NULL),
(695, 'شاسی استپ', '', '85', 11, 2500000, 2750000, 1, NULL),
(696, 'شاسی دوبل چراغ دار', '', '85', 2, 3000000, 3300000, 1, NULL),
(697, 'شاسی دوبل کلیددار و بدون کلید', '', '85', 13, 1100000, 1210000, 1, NULL),
(698, 'شمارنده دیجیتال', 'شیوا امواج', '85', 1, 9500000, 10450000, 1, NULL),
(699, 'شماره سیم', '', '85', 0, 0, 0, 1, NULL),
(700, 'شمش', '20*3', '68', 0.115, 1700000, 1870000, 1, NULL),
(701, 'شینه', 'ارت 12 پیچ', '85', 1, 1700000, 1870000, 1, NULL),
(702, 'شینه', 'نول 6 پیچ', '85', 13, 912000, 1003200, 1, NULL),
(703, 'شینه', 'نول 8 پیچ', '85', 3, 1700000, 1870000, 1, NULL),
(704, 'شینه', 'نول 10 پیچ', '85', 2, 1700000, 1870000, 1, NULL),
(705, 'شینه', 'ارت 4 پیچ', '85', 7, 1700000, 1870000, 1, NULL),
(706, 'شینه', 'ارت 8 پیچ', '85', 1, 1700000, 1870000, 1, NULL),
(707, 'شینه', 'ارت 10 پیچ', '85', 2, 1700000, 1870000, 1, NULL),
(708, 'شینه فانتزی', 'نول 10 پیچ', '85', 19, 650000, 715000, 1, NULL),
(709, 'شینه فانتزی', 'نول 6 پیچ', '85', 32, 400000, 440000, 1, NULL),
(710, 'شینه فانتزی', 'ارت 10 پیچ', '85', 9, 650000, 715000, 1, NULL),
(711, 'شینه فانتزی', 'ارت 6 پیچ', '85', 21, 400000, 440000, 1, NULL),
(712, 'شینه فانتزی', 'ارت 4 پیچ', '85', 1, 400000, 440000, 1, NULL),
(713, 'طلق شفاف', '', '85', 925, 50000, 55000, 1, NULL),
(714, 'طلق کدر', '', '85', 930, 50000, 55000, 1, NULL),
(715, 'فتوسل', 'شیوا امواج 16آمپر', '85', 4, 3800000, 4180000, 1, NULL),
(716, 'فلکسی', '25', '68', 14.6, 680000, 748000, 1, NULL),
(717, 'فلکسی', '10', '68', 0, 680000, 748000, 1, NULL),
(718, 'فلکسی', '29', '68', 17.95, 1356000, 1491600, 1, NULL),
(719, 'فلکسی', '21', '68', 18, 1356000, 1491600, 1, NULL),
(720, 'فلکسی', '13', '68', 17, 680000, 748000, 1, NULL),
(721, 'فلکسی', '13', '68', 25, 680000, 748000, 1, NULL),
(722, 'فلکسی', '29', '68', 25, 1356000, 1491600, 1, NULL),
(723, 'فلکسی', '16', '68', 50, 340000, 374000, 1, NULL),
(724, 'فن اکسیال', '', '85', 6, 2950000, 3245000, 1, NULL),
(725, 'فیش', 'دوربین و سیستم', '85', 19, 150000, 165000, 1, NULL),
(726, 'فیش', 'آنتن', '85', 8, 150000, 165000, 1, NULL),
(727, 'فیش آداپتور', 'نری', '85', 6, 150000, 165000, 1, NULL),
(728, 'فیش آداپتور', 'مادگی', '85', 4, 150000, 165000, 1, NULL),
(729, 'روکش فیش', 'آنتن', '85', 31, 50000, 55000, 1, NULL),
(730, 'فریم', 'تکی استیل', '85', 4, 3500000, 3850000, 1, NULL),
(731, 'فریم', '30زوج استیل', '85', 2, 8000000, 8800000, 1, NULL),
(732, 'فیوز تک فاز هیوندا', '6', '85', 11, 2400000, 2640000, 1, NULL),
(733, 'فیوز تک فاز ال اس', '10', '85', 4, 2400000, 2640000, 1, NULL),
(734, 'فیوز تک فاز هیوندا', '10', '85', 11, 2400000, 2640000, 1, NULL),
(735, 'فیوز تک فاز هیوندا', '16', '85', 12, 2400000, 2640000, 1, NULL),
(736, 'فیوز تک فاز هیوندا', '20', '85', 17, 2104000, 2314400, 1, NULL),
(737, 'فیوز تک فاز ال اس', '25', '85', 1, 2400000, 2640000, 1, NULL),
(738, 'فیوز تک فاز هیوندا', '25', '85', 14, 2400000, 2640000, 1, NULL),
(739, 'فیوز تک فاز ال اس', '32', '85', 1, 2400000, 2640000, 1, NULL),
(740, 'فیوز تک فاز هیوندا', '32', '85', 23, 2400000, 2640000, 1, NULL),
(741, 'فیوز تک فاز هیوندا', '40', '85', 17, 2400000, 2640000, 1, NULL),
(742, 'فیوز تک فاز ال اس', '40', '85', 1, 2400000, 2640000, 1, NULL),
(743, 'فیوز دوبل هیوندا', '25', '85', 3, 2400000, 2640000, 1, NULL),
(744, 'فیوز سه فاز هیوندا', '6', '85', 2, 6900000, 7590000, 1, NULL),
(745, 'فیوز سه فاز ال اس', '10', '85', 2, 6900000, 7590000, 1, NULL),
(746, 'فیوز سه فاز هیوندا', '10', '85', 9, 6610000, 7271000, 1, NULL),
(747, 'فیوز سه فاز هیوندا', '16', '85', 4, 6900000, 7590000, 1, NULL),
(748, 'فیوز سه فاز هیوندا', '20', '85', 5, 6900000, 7590000, 1, NULL),
(749, 'فیوز سه فاز هیوندا', '25', '85', 5, 6900000, 7590000, 1, NULL),
(750, 'فیوز سه فاز هیوندا', '32', '85', 6, 6900000, 7590000, 1, NULL),
(751, 'فیوز سه فاز هیوندا', '50', '85', 3, 6900000, 7590000, 1, NULL),
(752, 'فیوز سه فاز هیوندا', '63', '85', 4, 6900000, 7590000, 1, NULL),
(753, 'فیوز فرمان', 'تابلویی', '85', 6, 1100000, 1210000, 1, NULL),
(754, 'فیوز کارکرده', 'سه فاز 40 آمپرsghvan', '85', 3, 2200000, 2420000, 1, NULL),
(755, 'فیوز کارکرده', 'سه فاز 63 آمپر هیوندا', '85', 1, 2200000, 2420000, 1, NULL),
(756, 'فیوز کارکرده', 'سه فاز 13 آمپرhager', '85', 1, 2200000, 2420000, 1, NULL),
(757, 'فیوز کارکرده', 'سه فاز 10 آمپرhager', '85', 1, 2200000, 2420000, 1, NULL),
(758, 'فیوز کارکرده', 'سه فاز 63 آمپر زاویر', '85', 1, 2200000, 2420000, 1, NULL),
(759, 'فیوز کارکرده', 'چهار فاز 16 آمپر', '85', 1, 2200000, 2420000, 1, NULL),
(760, 'فیوز کارکرده', 'سه فاز 63 آمپر اشنایدر', '85', 1, 2200000, 2420000, 1, NULL),
(761, 'فیوز کارکرده', 'تک فاز 20 آمپر', '85', 2, 1700000, 1870000, 1, NULL),
(762, 'فیوز کارکرده', 'تک فاز 10 آمپر ساسین', '85', 1, 1700000, 1870000, 1, NULL),
(763, 'فیوز کارکرده', 'تک فاز 40 آمپر هیوندا', '85', 1, 1700000, 1870000, 1, NULL),
(764, 'قاب مینیاتوری', 'سه فاز', '85', 1, 3500000, 3850000, 1, NULL),
(765, 'قاب مینیاتوری', 'تکفاز', '85', 3, 3500000, 3850000, 1, NULL),
(766, 'قفل', 'پروانه ای تابلویی', '85', 13, 1906500, 2097150, 1, NULL),
(767, 'کابل', '2*.75', '68', 1.2, 228000, 250800, 1, NULL),
(768, 'کابل', '2*.75', '68', 0.82, 228000, 250800, 1, NULL),
(769, 'کابل', '2*.75', '68', 0.54, 228000, 250800, 1, NULL),
(770, 'کابل', '2*1.5', '68', 1, 380000, 418000, 1, NULL),
(771, 'کابل', '2*2.5', '68', 164, 660000, 726000, 1, NULL),
(772, 'کابل', '2*4', '68', 33, 1042000, 1146200, 1, NULL),
(773, 'کابل', '2*4', '68', 1.15, 1042000, 1146200, 1, NULL),
(774, 'کابل', '2*4', '68', 1.85, 1042000, 1146200, 1, NULL),
(775, 'کابل', '3*1.5', '68', 23, 540000, 594000, 1, NULL),
(776, 'کابل', '3*1.5', '68', 13, 540000, 594000, 1, NULL),
(777, 'کابل', '3*1.5', '68', 100, 540000, 594000, 1, NULL),
(778, 'کابل', '3*1.5', '68', 1.05, 540000, 594000, 1, NULL),
(779, 'کابل', '3*2.5', '68', 9, 890000, 979000, 1, NULL),
(780, 'کابل', '3*4', '68', 100, 1500000, 1650000, 1, NULL),
(781, 'کابل', '3*4', '68', 3.1, 1500000, 1650000, 1, NULL),
(782, 'کابل', '3*4', '68', 5.3, 1500000, 1650000, 1, NULL),
(783, 'کابل', '4*10', '68', 4.8, 4380000, 4818000, 1, NULL),
(784, 'کابل', '4*16', '68', 5.07, 7300000, 8030000, 1, NULL),
(785, 'کابل', '4*2.5', '68', 1.49, 1220000, 1342000, 1, NULL),
(786, 'کابل', '4*4', '68', 22.45, 1870000, 2057000, 1, NULL),
(787, 'کابل', '4*6', '68', 1.5, 2800000, NULL, 1, NULL),
(788, 'کابل', '4*10', '68', 0.5, 4380000, NULL, 1, NULL),
(789, 'کابل', '4*16', '68', 0.8, 7300000, NULL, 1, NULL),
(790, 'کابل', '5*6', '68', 1.2, 3500000, NULL, 1, NULL),
(791, 'کابل', '5*10', '68', 0.7, 5500000, NULL, 1, NULL),
(792, 'کابل', '5*16', '68', 0.9, 9000000, NULL, 1, NULL),
(793, 'کابل', '5*25', '68', 0.6, 14000000, NULL, 1, NULL),
(794, 'کابل', '5*35', '68', 0.4, 20000000, NULL, 1, NULL),
(795, 'کابل آنتن', 'کواکسیال', '68', 50, 150000, NULL, 1, NULL),
(796, 'کابل تلفن', '2زوج', '68', 100, 120000, NULL, 1, NULL),
(797, 'کابل تلفن', '4زوج', '68', 50, 200000, NULL, 1, NULL),
(798, 'کابل شبکه', 'cat6', '68', 30, 350000, NULL, 1, NULL),
(799, 'کابل شبکه', 'cat5', '68', 20, 250000, NULL, 1, NULL),
(800, 'کابلشو', 'سایز 6', '85', 50, 50000, NULL, 1, NULL),
(801, 'کابلشو', 'سایز 10', '85', 30, 70000, NULL, 1, NULL),
(802, 'کابلشو', 'سایز 16', '85', 20, 100000, NULL, 1, NULL),
(803, 'کابلشو', 'سایز 25', '85', 15, 150000, NULL, 1, NULL),
(804, 'کابلشو', 'سایز 35', '85', 10, 200000, NULL, 1, NULL),
(805, 'کابلشو', 'سایز 50', '85', 5, 300000, NULL, 1, NULL),
(806, 'کابلشو', 'سایز 70', '85', 3, 450000, NULL, 1, NULL),
(807, 'کانکتور', 'شبکه RJ45', '85', 50, 50000, NULL, 1, NULL),
(808, 'کانکتور', 'تلفن RJ11', '85', 30, 30000, NULL, 1, NULL),
(809, 'کنتاکتور', '9 آمپر هیوندا', '85', 2, 6000000, NULL, 1, NULL),
(810, 'کنتاکتور', '12 آمپر هیوندا', '85', 3, 6500000, NULL, 1, NULL),
(811, 'کنتاکتور', '18 آمپر هیوندا', '85', 2, 7000000, NULL, 1, NULL),
(812, 'کنتاکتور', '25 آمپر هیوندا', '85', 1, 8000000, NULL, 1, NULL),
(813, 'کنتاکتور', '32 آمپر هیوندا', '85', 11, 20550000, 22605000, 1, NULL),
(814, 'کنتاکتور', '40 آمپر هیوندا', '85', 1, 10000000, NULL, 1, NULL),
(815, 'کنتاکتور', '50 آمپر هیوندا', '85', 1, 12000000, NULL, 1, NULL),
(816, 'کنتاکتور', '65 آمپر هیوندا', '85', 1, 14000000, NULL, 1, NULL),
(817, 'کنتاکتور', 'کارکرده 25 آمپر', '85', 2, 5000000, NULL, 1, NULL),
(818, 'کنتاکتور', 'کارکرده 32 آمپر', '85', 1, 6000000, NULL, 1, NULL),
(819, 'کلید', 'تک پل دلند', '85', 10, 650000, NULL, 1, NULL),
(820, 'کلید', 'دو پل دلند', '85', 5, 750000, NULL, 1, NULL),
(821, 'کلید', 'سه پل دلند', '85', 3, 850000, NULL, 1, NULL),
(822, 'کلید', 'چهار پل دلند', '85', 2, 950000, NULL, 1, NULL),
(823, 'کلید', 'کولری دلند', '85', 4, 1000000, NULL, 1, NULL),
(824, 'کلید', 'تبدیل دلند', '85', 3, 700000, NULL, 1, NULL),
(825, 'کلید', 'تک پل توکار', '85', 10, 600000, NULL, 1, NULL),
(826, 'کلید', 'دو پل توکار', '85', 5, 700000, NULL, 1, NULL),
(827, 'کلید', 'روکار تک پل', '85', 8, 650000, NULL, 1, NULL),
(828, 'کلید', 'روکار دو پل', '85', 4, 750000, NULL, 1, NULL),
(829, 'کلید اتوماتیک', '100 آمپر هیوندا', '85', 1, 25000000, NULL, 1, NULL),
(830, 'کلید اتوماتیک', '160 آمپر هیوندا', '85', 4, 70610000, 77671000, 1, NULL),
(831, 'کلید اتوماتیک', '250 آمپر هیوندا', '85', 1, 35000000, NULL, 1, NULL),
(832, 'کلید اتوماتیک', '400 آمپر هیوندا', '85', 1, 45000000, NULL, 1, NULL),
(833, 'کلید گردان', 'تک پل', '85', 5, 1500000, NULL, 1, NULL),
(834, 'کلید گردان', 'دو پل', '85', 3, 2000000, NULL, 1, NULL),
(835, 'کلید گردان', 'سه پل', '85', 2, 2500000, NULL, 1, NULL),
(836, 'کلید مینیاتوری', '10 آمپر تک فاز', '85', 10, 2400000, NULL, 1, NULL),
(837, 'کلید مینیاتوری', '16 آمپر تک فاز', '85', 8, 2400000, NULL, 1, NULL),
(838, 'کلید مینیاتوری', '25 آمپر تک فاز', '85', 5, 2400000, NULL, 1, NULL),
(839, 'کلید مینیاتوری', '32 آمپر تک فاز', '85', 3, 2400000, NULL, 1, NULL),
(840, 'کلید مینیاتوری', '10 آمپر سه فاز', '85', 2, 6900000, NULL, 1, NULL),
(841, 'کلید مینیاتوری', '16 آمپر سه فاز', '85', 2, 6900000, NULL, 1, NULL),
(842, 'کلید مینیاتوری', '25 آمپر سه فاز', '85', 1, 6900000, NULL, 1, NULL),
(843, 'کلید مینیاتوری', '32 آمپر سه فاز', '85', 1, 6900000, NULL, 1, NULL),
(844, 'لامپ', 'ال ای دی 9 وات', '85', 20, 450000, NULL, 1, NULL),
(845, 'لامپ', 'ال ای دی 12 وات', '85', 15, 500000, NULL, 1, NULL),
(846, 'لامپ', 'ال ای دی 15 وات', '85', 10, 550000, NULL, 1, NULL),
(847, 'لامپ', 'ال ای دی 20 وات', '85', 5, 600000, NULL, 1, NULL),
(848, 'لامپ', 'ال ای دی 30 وات', '85', 3, 800000, NULL, 1, NULL),
(849, 'لامپ', 'ال ای دی 50 وات', '85', 2, 1200000, NULL, 1, NULL),
(850, 'لامپ', 'مهتابی 40 وات', '85', 10, 600000, NULL, 1, NULL),
(851, 'لامپ', 'کم مصرف 23 وات', '85', 5, 500000, NULL, 1, NULL),
(852, 'لامپ', 'هالوژن 50 وات', '85', 10, 400000, NULL, 1, NULL),
(853, 'لوله', 'فلکسی 13', '68', 50, 680000, NULL, 1, NULL),
(854, 'لوله', 'فلکسی 16', '68', 30, 680000, NULL, 1, NULL),
(855, 'لوله', 'فلکسی 21', '68', 20, 1356000, NULL, 1, NULL),
(856, 'لوله', 'فلکسی 25', '68', 15, 1356000, NULL, 1, NULL),
(857, 'لوله', 'فلکسی 29', '68', 10, 1356000, NULL, 1, NULL),
(858, 'لوله', 'پی وی سی 20', '68', 50, 300000, NULL, 1, NULL),
(859, 'لوله', 'پی وی سی 25', '68', 30, 350000, NULL, 1, NULL),
(860, 'لوله', 'پی وی سی 32', '68', 20, 400000, NULL, 1, NULL),
(861, 'لوله', 'گالوانیزه 20', '68', 10, 600000, NULL, 1, NULL),
(862, 'لوله', 'گالوانیزه 25', '68', 5, 700000, NULL, 1, NULL),
(863, 'مهره', 'سایز 6', '85', 100, 20000, NULL, 1, NULL),
(864, 'مهره', 'سایز 8', '85', 50, 30000, NULL, 1, NULL),
(865, 'مهره', 'سایز 10', '85', 30, 40000, NULL, 1, NULL),
(866, 'مهره', 'سایز 12', '85', 20, 50000, NULL, 1, NULL),
(867, 'مهره', 'سایز 16', '85', 10, 70000, NULL, 1, NULL),
(868, 'واشر', 'سایز 6', '85', 100, 10000, NULL, 1, NULL),
(869, 'واشر', 'سایز 8', '85', 50, 15000, NULL, 1, NULL),
(870, 'واشر', 'سایز 10', '85', 30, 20000, NULL, 1, NULL),
(871, 'واشر', 'سایز 12', '85', 20, 25000, NULL, 1, NULL),
(872, 'واشر', 'سایز 16', '85', 10, 30000, NULL, 1, NULL),
(873, 'وایرشو', 'سایز 0.75', '85', 100, 10000, NULL, 1, NULL),
(874, 'وایرشو', 'سایز 1.5', '85', 100, 15000, NULL, 1, NULL),
(875, 'وایرشو', 'سایز 2.5', '85', 50, 20000, NULL, 1, NULL),
(876, 'وایرشو', 'سایز 4', '85', 30, 30000, NULL, 1, NULL),
(877, 'وایرشو', 'سایز 6', '85', 20, 40000, NULL, 1, NULL),
(878, 'وایرشو', 'سایز 10', '85', 10, 50000, NULL, 1, NULL),
(879, 'کابل', '4*4', '68', 0, 1870000, 2057000, 1, NULL),
(880, 'کابل', '4*4', '68', 3.5, 1870000, 2057000, 1, NULL),
(881, 'کابل', '5*1', '68', 0, 1350000, 1485000, 1, NULL),
(882, 'کابل', '5*1.5', '68', 2, 1540000, 1694000, 1, NULL),
(883, 'کابل', '5*4', '68', 2.8, 2530000, 2783000, 1, NULL),
(884, 'کابل', 'آرجی 59', '68', 3, 320000, 352000, 1, NULL),
(885, 'کابل', 'آرجی 59', '68', 8, 320000, 352000, 1, NULL),
(886, 'کابل', 'آنتن1882-1921.63', '68', 39.63, 320000, 352000, 1, NULL),
(887, 'کابل', 'آنتن سفید', '68', 1.8, 320000, 352000, 1, NULL),
(888, 'کابل', 'آنتن مشکی (دور قرقره)', '68', 0, 320000, 352000, 1, NULL),
(889, 'کابل', 'شبکه سبز رنگ', '68', 29, 320000, 352000, 1, NULL),
(890, 'کابل', 'شبکه سبز رنگ دو سر سوکت', '68', 2.57, 320000, 352000, 1, NULL),
(891, 'کابل', 'تلفن', '68', 72.27, 280000, 308000, 1, NULL),
(892, 'کابلشو', '10سوراخ6', '85', 53, 250000, 275000, 1, NULL),
(893, 'کابلشو', '10سوراخ8', '85', 31, 100000, 110000, 1, NULL),
(894, 'کابلشو', '16سوراخ10', '85', 22, 250000, 275000, 1, NULL),
(895, 'کابلشو', '16سوراخ8', '85', 74, 250000, 275000, 1, NULL),
(896, 'کابلشو', '25سوراخ10', '85', 23, 350000, 385000, 1, NULL),
(897, 'کابلشو', '25سوراخ8', '85', 97, 350000, 385000, 1, NULL),
(898, 'کابلشو', '35سوراخ10', '85', 9, 350000, 385000, 1, NULL),
(899, 'کابلشو', '35سوراخ8', '85', 78, 550000, 605000, 1, NULL),
(900, 'کابلشو', '50سوراخ10', '85', 54, 650000, 715000, 1, NULL),
(901, 'کابلشو', '50سوراخ8', '85', 41, 650000, 715000, 1, NULL),
(902, 'کابلشو', '6سوراخ6', '85', 81, 100000, 110000, 1, NULL),
(903, 'کابلشو', '70سوراخ10', '85', 16, 2000000, 2200000, 1, NULL),
(904, 'کابلشو', '70سوراخ12', '85', 10, 2000000, 2200000, 1, NULL),
(905, 'کابلشو', '70سوراخ8', '85', 29, 2000000, 2200000, 1, NULL),
(906, 'کابلشو', '95سوراخ12', '85', 4, 2700000, 2970000, 1, NULL),
(907, 'کابلشو', 'بی متال 16', '85', 9, 1000000, 1100000, 1, NULL),
(908, 'کابلشو', 'بی متال 25', '85', 4, 1000000, 1100000, 1, NULL),
(909, 'کابلشو', 'بی متال 35', '85', 4, 1000000, 1100000, 1, NULL),
(910, 'کابلشو', 'بی متال 50', '85', 4, 1200000, 1320000, 1, NULL),
(911, 'کابلشو', 'بی متال 95', '85', 9, 2000000, 2200000, 1, NULL),
(912, 'کلید', 'کولر آبی', '85', 6, 4000000, 4400000, 1, NULL),
(913, 'کلید', 'میکروسوئیچ', '85', 5, 3500000, 3850000, 1, NULL),
(914, 'کلید', 'خاموش و روشن صنعتی', '85', 1, 18000000, 19800000, 1, NULL),
(915, 'کلید اتوماتیک', '100آمپرهیوندا', '85', 4, 43760000, 48136000, 1, NULL),
(916, 'کلید اتوماتیک', 'کارکرده هیوندا 100 آمپر', '85', 2, 25000000, 27500000, 1, NULL),
(917, 'کلید اتوماتیک', 'کارکرده بریکر 160 آمپر', '85', 1, 25000000, 27500000, 1, NULL),
(918, 'کلید اتوماتیک', 'کارکرده موالر 80-100 آمپر قابل تنظیم', '85', 1, 25000000, 27500000, 1, NULL),
(919, 'کلید اتوماتیک', 'کارکرده آنلک 100 آمپر', '85', -1, 10000000, 11000000, 1, NULL),
(920, 'کلید اتوماتیک', 'کارکرده آنلک 200 آمپر', '85', 1, 45000000, 49500000, 1, NULL),
(921, 'کلید اتوماتیک', 'کارکرده لودلاین', '85', 1, 45000000, 49500000, 1, NULL),
(922, 'کلید تک پل', 'بارانی', '85', 9, 650000, 715000, 1, NULL),
(923, 'کلید تک پل', 'توکار دلند', '85', 6, 680000, 748000, 1, NULL),
(924, 'کلید تک پل', 'توکار', '85', 2, 680000, 748000, 1, NULL),
(925, 'کلید تک پل', 'روکار دلند', '85', 10, 680000, 748000, 1, NULL),
(926, 'کلید تک پل', 'توکار دلند تبدیل', '85', 6, 680000, 748000, 1, NULL),
(927, 'کلید دوپل', 'بارانی', '85', 9, 650000, 715000, 1, NULL),
(928, 'کلید دوپل', 'توکار', '85', 1, 680000, 748000, 1, NULL),
(929, 'کلید دوپل', 'توکار دلند', '85', 10, 680000, 748000, 1, NULL),
(930, 'کلید دوپل', 'روکار دلند', '85', 10, 680000, 748000, 1, NULL),
(931, 'کلید حرارتی', 'کارکرده', '85', 6, 15000000, 16500000, 1, NULL),
(932, 'کلید حرارتی', 'کارکرده سری دوم', '85', 5, 9000000, 9900000, 1, NULL),
(933, 'کلید سه پل', 'توکار', '85', 5, 1250000, 1375000, 1, NULL),
(934, 'کمکی کنتاکتور', '', '85', 11, 1700000, 1870000, 1, NULL),
(935, 'کنتاکتور', '9آمپر', '85', 3, 14000000, 15400000, 1, NULL),
(936, 'کنتاکتور', '22آمپر', '85', 2, 16000000, 17600000, 1, NULL),
(937, 'کنتاکتور', '12آمپر', '85', 1, 16000000, 17600000, 1, NULL),
(938, 'کنترل فاز بار', 'شیوا امواج', '85', 2, 16500000, 18150000, 1, NULL),
(939, 'کنترل فاز', 'کاغذی کارکرده', '85', 2, 6500000, 7150000, 1, NULL),
(940, 'کنترل فاز میکروپروسسوری', 'شیوا امواج', '85', 1, 16500000, 18150000, 1, NULL),
(941, 'کنترل فاز میکروپروسسوری', 'شیوا امواج 13jn4', '85', 1, 16500000, 18150000, 1, NULL),
(942, 'کورکن سیگنال', '', '85', 28, 350000, 385000, 1, NULL),
(943, 'کیستون شبکه', 'تک روکار', '85', 5, 450000, 495000, 1, NULL),
(944, 'گازور درب کابینت', '', '85', 2, 450000, 495000, 1, NULL),
(945, 'گلند پلاستیکی', '16', '85', 22, 940000, 1034000, 1, NULL),
(946, 'گلند پلاستیکی', '29', '85', 11, 940000, 1034000, 1, NULL),
(947, 'گلند پلاستیکی', '36', '85', 10, 940000, 1034000, 1, NULL),
(948, 'گلند پلاستیکی', '25', '85', 28, 500000, 550000, 1, NULL),
(949, 'گلند پلاستیکی', '21', '85', 17, 1200000, 1320000, 1, NULL),
(950, 'گلند پلاستیکی', '13', '85', 27, 500000, 550000, 1, NULL),
(951, 'گلند پلاستیکی', '11', '85', 22, 500000, 550000, 1, NULL),
(952, 'گلند پلاستیکی', '48', '85', 2, 500000, 550000, 1, NULL),
(953, 'گلند فلزی', '21', '85', 2, 940000, 1034000, 1, NULL),
(954, 'گلند فلزی', '29', '85', 9, 940000, 1034000, 1, NULL),
(955, 'گلند فلزی', '36', '85', 1, 940000, 1034000, 1, NULL),
(956, 'گوشواره', 'تابلویی', '85', 15, 750000, 825000, 1, NULL),
(957, 'لامپ', '10وات', '85', 16, 550000, 605000, 1, NULL),
(958, 'لامپ', 'مهتابی ال ای دی 36 وات', '85', 11, 3000000, 3300000, 1, NULL),
(959, 'لامپ', '30وات', '85', 0, 1450000, 1595000, 1, NULL),
(960, 'لامپ', 'اف پی ال', '85', 5, 3500000, 3850000, 1, NULL),
(961, 'لامپ', 'سفینه ای 50 وات', '85', 100, 3000000, 3300000, 1, NULL),
(962, 'لایه محافظ کلید اتوماتیک', 'کارکرده', '85', 32, 5000, 5500, 1, NULL),
(963, 'لوله خرطومی', 'سبز', '68', 3.8, 250000, 275000, 1, NULL),
(964, 'لوله خرطومی', 'طوسی', '68', 3, 250000, 275000, 1, NULL),
(965, 'مادگی', 'تک فاز 3-32(32 آمپر)', '85', 5, 3000000, 3300000, 1, NULL),
(966, 'مادگی', 'سه فاز 5-32(32 آمپر)', '85', 4, 3000000, 3300000, 1, NULL),
(967, 'محافظ برق', 'زیرکنتوری ویام', '85', 24, 8000000, 8800000, 1, NULL),
(968, 'محافظ ولتاژ', 'مکس 30 آمپر', '85', 2, 8500000, 9350000, 1, NULL),
(969, 'مقره', 'چکمه ای آبی', '85', 7, 450000, 495000, 1, NULL),
(970, 'مقره', 'چکمه ای مشکی', '85', 60, 32000, 35200, 1, NULL),
(971, 'مقره', 'دو پیچ 3 سانت', '85', 5, 450000, 495000, 1, NULL),
(972, 'مقره', 'دو پیچ 3.5 سانت', '85', 2, 450000, 495000, 1, NULL),
(973, 'مقره', 'دو پیچ 4 سانت بدون شیار قهوه ای', '85', 1, 350000, 385000, 1, NULL),
(974, 'مقره', 'دوپیچ 4.5 سانت مشکی بدون شیار', '85', 2, 350000, 385000, 1, NULL),
(975, 'مقره', 'دوپیچ 4.5 سانت قهوه ای شیاردار', '85', 20, 350000, 385000, 1, NULL),
(976, 'مقره', 'دوپیچ 6 سانت', '85', 4, 350000, 385000, 1, NULL),
(977, 'موف', '2.5', '85', 99, 80000, 88000, 1, NULL),
(978, 'موف', '6', '85', 93, 90000, 99000, 1, NULL),
(979, 'موف', '10', '85', 27, 100000, 110000, 1, NULL),
(980, 'موف', '16', '85', 21, 100000, 110000, 1, NULL),
(981, 'موف', '25', '85', 20, 600000, 660000, 1, NULL),
(982, 'موف', '35', '85', 8, 600000, 660000, 1, NULL),
(983, 'موف', '50', '85', 18, 600000, 660000, 1, NULL),
(984, 'موف', '70', '85', 3, 900000, 990000, 1, NULL),
(985, 'مولتی تایمر', 'شیوا امواج', '85', 1, 14300000, 15730000, 1, NULL),
(986, 'مهتابی', 'تابلویی کلیددار 30 سانتی', '85', 3, 3800000, 4180000, 1, NULL),
(987, 'مهره', '2', '85', 0, 5000, 5500, 1, NULL),
(988, 'مهره', '3', '85', 17, 5000, 5500, 1, NULL),
(989, 'مهره', '4', '85', 58, 5000, 5500, 1, NULL),
(990, 'مهره', '5', '85', 199, 5000, 5500, 1, NULL),
(991, 'مهره', '6', '85', 99, 5000, 5500, 1, NULL),
(992, 'مهره', '7', '85', 34, 10000, 11000, 1, NULL),
(993, 'مهره', '8', '85', 2, 10000, 11000, 1, NULL),
(994, 'مهره', '9', '85', 3, 10000, 11000, 1, NULL),
(995, 'مهره', '10', '85', 42, 10000, 11000, 1, NULL),
(996, 'مهره', '11', '85', 7, 10000, 11000, 1, NULL),
(997, 'مهره', 'قفسه', '85', 329, 5000, 5500, 1, NULL),
(998, 'مهره', 'متفرقه', '85', 12, 5000, 5500, 1, NULL),
(999, 'مهره', 'خروسکی', '85', 21, 5000, 5500, 1, NULL),
(1000, 'نری صنعتی', '5*32', '85', 8, 2700000, 2970000, 1, NULL),
(1001, 'نری مادگی صنعتی', 'پریز صنعتی سه فاز قدیمی 25 آمپر سبز رنگ قدیمی', '85', 4, 3800000, 4180000, 1, NULL),
(1002, 'نوار', 'ال ای دی', '68', 2, 890000, 979000, 1, NULL),
(1003, 'نوار خطر زرد رنگ', '', '68', 0, 1000000, 1100000, 1, NULL),
(1004, 'نوار دور درب تابلو', '', '68', 2.42, 260000, 286000, 1, NULL),
(1005, 'نوار فرم', 'مشکی', '68', 0, 260000, 286000, 1, NULL),
(1006, 'نوار فرم', 'شفاف', '68', 0, 260000, 286000, 1, NULL),
(1007, 'وارنیش حرارتی', 'سایز 10 آبی', '68', 0.48, 680000, 748000, 1, NULL),
(1008, 'وارنیش حرارتی', 'سایز 10 آبی', '68', 0.11, 680000, 748000, 1, NULL),
(1009, 'وارنیش حرارتی', 'سایز 10 قرمز', '68', 4.33, 680000, 748000, 1, NULL),
(1010, 'وارنیش حرارتی', 'سایز 10 قرمز', '68', 2.35, 680000, 748000, 1, NULL),
(1011, 'وارنیش حرارتی', 'سایز 10 قرمز', '68', 0.08, 680000, 748000, 1, NULL),
(1012, 'وارنیش حرارتی', 'سایز 10 قرمز', '68', 0.28, 680000, 748000, 1, NULL),
(1013, 'وارنیش حرارتی', 'سایز 10 مشکی', '68', 6.78, 680000, 748000, 1, NULL),
(1014, 'وارنیش حرارتی', 'سایز 10 مشکی', '68', 1, 680000, 748000, 1, NULL),
(1015, 'وارنیش حرارتی', 'سایز 10 مشکی', '68', 1.7, 680000, 748000, 1, NULL),
(1016, 'وارنیش حرارتی', 'سایز 10 مشکی', '68', 70, 680000, 748000, 1, NULL),
(1017, 'وارنیش حرارتی', 'سایز 14 زرد', '68', 0.36, 680000, 748000, 1, NULL),
(1018, 'وارنیش حرارتی', 'سایز 14 مشکی', '68', 50, 680000, 748000, 1, NULL),
(1019, 'وارنیش حرارتی', 'سایز 16 مشکی', '68', 0, 680000, 748000, 1, NULL),
(1020, 'وارنیش حرارتی', 'سایز 16 مشکی', '68', 34.8, 680000, 748000, 1, NULL),
(1021, 'وارنیش حرارتی', 'سایز 16 مشکی', '68', 5.2, 680000, 748000, 1, NULL),
(1022, 'وارنیش حرارتی', 'سایز 16 مشکی', '68', 0, 680000, 748000, 1, NULL),
(1023, 'وارنیش حرارتی', 'سایز 16 مشکی', '68', 0.03, 680000, 748000, 1, NULL),
(1024, 'وارنیش حرارتی', 'سایز 18 مشکی', '68', 10, 430000, 473000, 1, NULL),
(1025, 'وارنیش حرارتی', 'سایز 20 قرمز تیکه', '68', 1.5, 680000, 748000, 1, NULL),
(1026, 'وارنیش حرارتی', 'سایز 20 مشکی', '68', 2.84, 680000, 748000, 1, NULL),
(1027, 'وارنیش حرارتی', 'سایز 25 زرد', '68', 1.65, 680000, 748000, 1, NULL),
(1028, 'وارنیش حرارتی', 'سایز 25 زرد', '68', 16, 680000, 748000, 1, NULL),
(1029, 'وارنیش حرارتی', 'سایز 30 آبی', '68', 1.1, 680000, 748000, 1, NULL),
(1030, 'وارنیش حرارتی', 'سایز 30 زرد', '68', 1.23, 680000, 748000, 1, NULL),
(1031, 'وارنیش حرارتی', 'سایز 30 قرمز', '68', 0.34, 680000, 748000, 1, NULL),
(1032, 'وارنیش حرارتی', 'سایز 30 مشکی', '68', 0.16, 680000, 748000, 1, NULL),
(1033, 'وارنیش حرارتی', 'سایز 35 آبی', '68', 2.18, 680000, 748000, 1, NULL),
(1034, 'وارنیش حرارتی', 'سایز 35 آبی', '68', 3, 680000, 748000, 1, NULL),
(1035, 'وارنیش حرارتی', 'سایز 35 آبی تیکه', '68', 0.8, 680000, 748000, 1, NULL),
(1036, 'وارنیش حرارتی', 'سایز 35 زرد', '68', 2.2, 680000, 748000, 1, NULL),
(1037, 'وارنیش حرارتی', 'سایز 35 زرد', '68', 3, 680000, 748000, 1, NULL),
(1038, 'وارنیش حرارتی', 'سایز 35 زرد تیکه', '68', 0.8, 680000, 748000, 1, NULL),
(1039, 'وارنیش حرارتی', 'سایز 35 قرمز', '68', 1.5, 680000, 748000, 1, NULL),
(1040, 'وارنیش حرارتی', 'سایز 35 قرمز', '68', 3, 680000, 748000, 1, NULL),
(1041, 'وارنیش حرارتی', 'سایز 35 مشکی', '68', 0.69, 680000, 748000, 1, NULL),
(1042, 'وارنیش حرارتی', 'سایز 40 مشکی', '68', 0.08, 680000, 748000, 1, NULL),
(1043, 'وارنیش حرارتی', 'سایز 6 مشکی', '68', 0.23, 680000, 748000, 1, NULL),
(1044, 'وارنیش حرارتی', 'سایز 6 مشکی', '68', 9.9, 680000, 748000, 1, NULL),
(1045, 'وارنیش حرارتی', 'سایز 8 مشکی', '68', 60, 680000, 748000, 1, NULL),
(1046, 'واشر', 'نازک دور کوچک', '85', 1015, 6000, 6600, 1, NULL),
(1047, 'واشر', 'ضخیم دور کوچک', '85', 303, 8000, 8800, 1, NULL),
(1048, 'واشر', 'خاص دور بزرگ', '85', 518, 14000, 15400, 1, NULL),
(1049, 'یاتاقان کولر', '', '85', 2, 2500000, 2750000, 1, NULL),
(1051, 'پایه سینی', 'متفرقه', '85', 19, 100, 110, 1, NULL),
(1052, 'پایه سینی', '20 سانت', '85', 20, 100, 110, 1, NULL),
(1053, 'دوشاخه معمولی تخت نری', 'متفرقه ', '85', 20, 2300000, 2530000, 1, NULL),
(1054, 'وارنیش حرارتی سایز 14 زرد', 'متفرقه', '68', 10, 230000, 253000, 1, NULL),
(1055, 'وارنیش حرارتی 14 قرمز', 'متفرقه', '68', 10, 230000, 253000, 1, NULL),
(1056, 'وارنیش حرارتی سایز 20 قرمز', 'متفرقه', '68', 10, 510000, 561000, 1, NULL),
(1057, 'وارنیش حرارتی سایز 20 زرد', 'متفرقه', '68', 10, 510000, 561000, 1, NULL),
(1058, 'وارنیش حرارتی سایز 25 زرد', 'متفرقه', '68', 10, 680000, 748000, 1, NULL),
(1059, 'وارنیش حرارتی سایز 25 قرمز', 'متفرقه', '68', 10, 680000, 748000, 1, NULL),
(1060, 'وارنیش حرارتی سایز 25 مشکی', 'متفرقه', '68', 10, 680000, 748000, 1, NULL),
(1061, 'شماره سیم ec-0', 'متفرقه', '85', 10000, 70, 80, 1, NULL),
(1062, 'شماره سیم ec-3', 'متفرقه', '85', 3500, 200, 220, 1, NULL),
(1063, 'نوار چسب برق لنت برق', 'متفرقه', '85', 1, 220000, 242000, 1, NULL),
(1064, 'لامی حبابی 20 وات مهتابی نوین برتر', 'متفرقه', '85', 20, 920000, 1012000, 1, NULL),
(1065, 'لامپ استوانه 20 وات مهتابی لومکس', 'متفرقه', '85', 20, 1230000, 1353000, 1, NULL),
(1066, 'لامپ شارژی 20 وات مدیا', 'متفرقه', '85', 5, 4700000, 5170000, 1, NULL),
(1067, 'براکت 45 وات نچرال رسا نور', 'متفرقه', '85', 10, 3380000, 3718000, 1, NULL),
(1068, 'چسب برق آبی', 'متفرقه', '85', 20, 160000, 176000, 1, NULL),
(1069, 'چسب برق قرمز', 'متفرقه', '85', 10, 160000, 176000, 1, NULL),
(1070, 'سیم ارت 25', 'متفرقه', '68', 65, 2280000, 250800, 1, NULL),
(1071, 'بست کرپی', 'متفرقه', '85', 4, 50000, 55000, 1, NULL),
(1072, 'شینه ارت', '6 پیچ', '85', 10, 1311000, 1442100, 1, NULL),
(1073, 'شینه نول ', '12 پیچ ', '85', 10, 1341000, 1475100, 1, NULL),
(1074, 'شینه نول ', '18 پیچ', '85', 5, 1735000, 1908500, 1, NULL),
(1075, 'کشو', 'کریستالی', '85', 2, 5000000, 5500000, 1, NULL),
(1076, 'شیلنگ نورانی', 'جعبه مشکي ', '85', 2, 10500000, 11550000, 1, NULL),
(1077, 'ترمینال rtp ارت', 'سایز 6 ', '85', 5, 901000, 991100, 1, NULL),
(1078, 'نوار فرم ', 'سایز 8 شفاف ', '68', 50, 36000, 39600, 1, NULL),
(1079, 'چراغ سیگنال ', '220 ولت رنگی شیلیران', '85', 30, 590000, 649000, 1, NULL),
(1080, 'چرخ ', 'میز', '85', 10, 750000, 825000, 1, NULL),
(1081, 'جاکابلی', 'پلاستیکی مشکی ', '85', 20, 100000, 110000, 1, NULL),
(1082, 'پراب', 'متفرقه', '85', 1, 9500000, 10450000, 1, NULL),
(1083, 'کمکی کلید حرارتی', 'هیوندا', '85', 10, 3300000, 3630000, 1, NULL),
(1084, 'کلید حرارتی ', '24-32 آمپر', '85', 2, 17330000, 19063000, 1, NULL),
(1085, 'کلید حرارتی ', '4-6 آمپر', '85', 3, 17330000, 19063000, 1, NULL),
(1086, 'چراغ سیگنال ', 'Rst شیوا امواج ', '85', 5, 2990000, 3289000, 1, NULL),
(1087, 'مجموعه 96 B  ', 'شیوا امواج', '85', 2, 23150000, 25465000, 1, NULL),
(1088, 'ترموستات تابلویی ', 'فن آبی شیوا امواج ', '85', 5, 4180000, 4598000, 1, NULL),
(1089, 'کنترل بار دیجیتال 25 آمپر ', 'شیوا امواج ', '85', 0, 15040000, 16544000, 1, NULL),
(1090, 'ترانس جریان ct', 'کلاس 3 هریس', '85', 9, 3950000, 4345000, 1, NULL),
(1091, 'محافظ ولتاژ دیجیتال 60 آمپر ', 'شیوا امواج ', '85', 5, 11500000, 12650000, 1, NULL),
(1092, 'آژیر 220 ولت', 'بزرگ آژیران', '85', 2, 10000000, 11000000, 1, NULL),
(1093, 'کنترل فاز نول دار m1_ 13 ', 'شیوا امواج ', '85', 3, 12480000, 13728000, 1, NULL),
(1094, 'کنترل بار دیجیتال 15 آمپر', 'شیوا امواج', '85', 5, 15040000, 16544000, 1, NULL),
(1095, 'سیم کره', 'سایز 16 ', '68', 15, 1750000, 1925000, 1, NULL),
(1096, 'سیم کره', 'سایز 25', '68', 5, 2400000, 2640000, 1, NULL),
(1097, 'قفل برنجی', '50', '85', 1, 2100000, 2310000, 1, NULL),
(1098, 'الکترو پمپ چدنی سه فاز ابارا', 'Cmc300 t-l', '85', 0, 197000000, 216700000, 1, NULL),
(1099, 'سیم 10', 'افشان', '68', 20, 1050000, 1155000, 1, NULL),
(1100, 'وارنیش حرارتی ', 'سایز 18 قرمز', '68', 10, 412000, 453200, 1, NULL),
(1101, 'محافظ برق یخچال', '2 خانه 3 متری پارت', '85', 2, 6105000, 6715500, 1, NULL),
(1102, 'تابلو برق فلزی', '40*30', '85', 2, 100000, 110000, 1, NULL),
(1103, 'لوله پولیکا برق', 'سایز 2', '68', 120, 120000, 132000, 1, NULL),
(1104, 'زانو برق ', 'سایز 2', '85', 50, 50000, 55000, 1, NULL);

-- --------------------------------------------------------

--
-- Table structure for table `product_backups`
--

CREATE TABLE `product_backups` (
  `id` int(11) NOT NULL,
  `product_id` int(11) NOT NULL,
  `name` varchar(255) DEFAULT NULL,
  `brand` varchar(255) DEFAULT NULL,
  `userName` varchar(225) DEFAULT NULL,
  `current_quantity` int(11) DEFAULT NULL,
  `purchase_price` decimal(10,2) DEFAULT NULL,
  `sale_price` decimal(10,2) DEFAULT NULL,
  `backup_time` datetime DEFAULT current_timestamp(),
  `invoice_id` int(11) DEFAULT NULL
) ENGINE=InnoDB DEFAULT CHARSET=utf8mb4 COLLATE=utf8mb4_general_ci;

--
-- Dumping data for table `product_backups`
--

INSERT INTO `product_backups` (`id`, `product_id`, `name`, `brand`, `userName`, `current_quantity`, `purchase_price`, `sale_price`, `backup_time`, `invoice_id`) VALUES
(1, 19, 'تایمر شیوا', 'شیوا', NULL, 44, 100000.00, 110000.00, '2025-04-05 12:39:41', 26),
(2, 19, 'تایمر شیوا', 'شیوا', 'کاکنج', 66, 5000.00, 110000.00, '2025-04-05 13:43:58', 31);

-- --------------------------------------------------------

--
-- Table structure for table `progress`
--

CREATE TABLE `progress` (
  `id` int(6) UNSIGNED NOT NULL,
  `task_status` text NOT NULL,
  `created_at` timestamp NOT NULL DEFAULT current_timestamp()
) ENGINE=MyISAM DEFAULT CHARSET=latin1 COLLATE=latin1_swedish_ci;

--
-- Dumping data for table `progress`
--

INSERT INTO `progress` (`id`, `task_status`, `created_at`) VALUES
(1, '[true,false,false]', '2024-11-24 15:20:46'),
(2, '[true,false,false]', '2024-11-24 15:20:48'),
(3, '[true,false,true]', '2024-11-24 15:20:50'),
(4, '[true,false,true]', '2024-11-24 15:20:53'),
(5, '[true,false,false]', '2024-11-24 15:20:57'),
(6, '[true,false,false]', '2024-11-24 15:20:58'),
(7, '[true,false,false]', '2024-11-24 15:21:37'),
(8, '[true,false,true]', '2024-11-24 15:21:42'),
(9, '[true,false,true]', '2024-11-24 15:21:42'),
(10, '[true,false,true]', '2024-11-24 15:21:42'),
(11, '[true,false,true]', '2024-11-24 15:21:42'),
(12, '[true,false,false]', '2024-11-24 15:23:37'),
(13, '[true,false,false]', '2024-11-24 15:23:38'),
(14, '[true,true,false]', '2024-11-24 15:23:39'),
(15, '[true,true,false]', '2024-11-24 15:23:39'),
(16, '[true,true,true]', '2024-11-24 15:23:41'),
(17, '[true,true,true]', '2024-11-24 15:23:41'),
(18, '[true,true,true]', '2024-11-24 15:23:41'),
(19, '[true,false,true]', '2024-11-24 15:23:46'),
(20, '[true,false,true]', '2024-11-24 15:23:46'),
(21, '[true,false,true]', '2024-11-24 15:23:46'),
(22, '[true,false,false]', '2024-11-24 15:25:12'),
(23, '[true,false,false]', '2024-11-24 15:25:12'),
(24, '[true,false,false]', '2024-11-24 15:25:13'),
(25, '[true,true,false]', '2024-11-24 15:25:14'),
(26, '[true,true,false]', '2024-11-24 15:25:14'),
(27, '[true,true,false]', '2024-11-24 15:25:15'),
(28, '[true,true,false]', '2024-11-24 15:27:50'),
(29, '[true,true,false]', '2024-11-24 15:27:51'),
(30, '[true,true,false]', '2024-11-24 15:27:51'),
(31, '[true,false,false]', '2024-11-24 15:30:14'),
(32, '[true,false,false]', '2024-11-24 15:30:14'),
(33, '[true,false,false]', '2024-11-24 15:30:14'),
(34, '[true,true,false]', '2024-11-24 15:30:16'),
(35, '[true,true,false]', '2024-11-24 15:30:16'),
(36, '[true,true,true]', '2024-11-24 15:30:18'),
(37, '[true,true,true]', '2024-11-24 15:30:18');

-- --------------------------------------------------------

--
-- Table structure for table `projects`
--

CREATE TABLE `projects` (
  `id` int(11) NOT NULL,
  `employer` int(11) NOT NULL COMMENT 'کارفرما',
  `price` varchar(255) NOT NULL COMMENT 'مبلغ',
  `price_ojrat` decimal(10,0) NOT NULL COMMENT 'مبلغ اجرت پیمانکار',
  `finalized` tinyint(1) NOT NULL DEFAULT 0,
  `price_jens` decimal(10,0) DEFAULT 0 COMMENT 'مبلغ جنس',
  `confirmed` tinyint(1) NOT NULL,
  `contractor1` int(11) DEFAULT NULL COMMENT 'پیمانکار اصلی',
  `contractor2` int(11) DEFAULT NULL COMMENT 'وردست اول',
  `contractor3` int(11) DEFAULT NULL COMMENT 'وردست دوم',
  `contractor4` int(11) DEFAULT NULL COMMENT 'وردست سوم',
  `contractor5` int(11) DEFAULT NULL COMMENT 'وردست چهارم',
  `anbardar` int(11) NOT NULL COMMENT 'انباردار',
  `anbardarName` varchar(255) DEFAULT NULL,
  `nazerFaniName` varchar(255) DEFAULT NULL,
  `nazerKeifiName` varchar(255) DEFAULT NULL,
  `nazerArshadName` varchar(255) DEFAULT NULL,
  `hesabdarName` varchar(255) DEFAULT NULL,
  `n_f` int(11) NOT NULL COMMENT 'ناظر فنی',
  `n_k` int(11) NOT NULL COMMENT 'ناظر کیفی',
  `c1p` int(11) DEFAULT NULL COMMENT 'درصد پیمانکار اصلی(پیمانکار1)',
  `c2p` int(11) DEFAULT NULL COMMENT 'درصد وردست اول(پیمانکار2)',
  `c3p` int(11) DEFAULT NULL COMMENT 'درصد وردست دوم (پیمانکار3)',
  `c4p` int(11) DEFAULT NULL COMMENT 'درصد وردست سوم (پیمانکار4)',
  `c5p` int(11) DEFAULT NULL COMMENT 'درصد وردست چهارم(پیمانکار5)',
  `phase_description` text DEFAULT NULL COMMENT 'شرح فاز',
  `nazer_arshad` bit(1) NOT NULL COMMENT 'نظارت ناظر ارشد',
  `nazer_fani` bit(1) NOT NULL COMMENT 'نظارت ناظر فنی',
  `nazer_kefi` bit(1) NOT NULL COMMENT 'نظارت ناظر کیفی',
  `nazer_anbar` bit(1) NOT NULL COMMENT 'نظارت انباردار',
  `nazer_hesabdar` bit(1) NOT NULL COMMENT 'نظارت حسابدار',
  `payment_confirmation` bit(1) NOT NULL COMMENT 'تایید پرداخت',
  `peymankar` bit(1) NOT NULL COMMENT 'ناظارت پیمان کار اصلی',
  `arshad_description` varchar(255) DEFAULT NULL COMMENT 'توضیحات ناظر ارشد ',
  `fani_description` varchar(255) DEFAULT NULL COMMENT 'توضیحات ناظر فنی',
  `kefi_description` varchar(255) DEFAULT NULL COMMENT 'توضیحات ناظر کیفی',
  `anbar_description` varchar(255) DEFAULT NULL COMMENT 'توضیحات انباردار',
  `hesabdar_description` varchar(255) DEFAULT NULL COMMENT 'توضیحات حسابدار',
  `confirmation_description` varchar(255) DEFAULT NULL COMMENT 'توضحیات تایید پرداخت',
  `start_date` date DEFAULT NULL COMMENT 'تاریخ شروع',
  `end_date` date DEFAULT NULL COMMENT 'تاریخ اتمام',
  `client_id` int(11) DEFAULT NULL,
  `status` enum('1','2','3','4','5') DEFAULT '1' COMMENT 'وضعیت پروژه',
  `budget` int(11) DEFAULT NULL COMMENT 'بودجه',
  `class` int(11) DEFAULT NULL COMMENT 'کلاس',
  `progress` int(11) NOT NULL DEFAULT 10 COMMENT 'پیشرفت پروژه',
  `priority` enum('A','B','C','D') DEFAULT 'D' COMMENT 'الویت پروژه',
  `created_at` timestamp NOT NULL DEFAULT current_timestamp() COMMENT 'ایجاد شده در زمان',
  `updated_at` timestamp NOT NULL DEFAULT current_timestamp() COMMENT 'بهروزرسانی شده در زمان',
  `total_wage_amount` decimal(10,0) DEFAULT NULL,
  `total_items_amount` decimal(10,0) DEFAULT NULL,
  `total_wage_amount_employee` decimal(10,0) NOT NULL COMMENT 'مبلغ اجرت کل کازفرما',
  `total_items_amount_contractor` decimal(10,0) NOT NULL COMMENT 'مبلغ اجرت کل پیمانکار',
  `total_contractor_price` decimal(10,0) NOT NULL DEFAULT 0,
  `total_employer_price` decimal(10,0) NOT NULL DEFAULT 0
) ENGINE=MyISAM DEFAULT CHARSET=utf8mb4 COLLATE=utf8mb4_persian_ci COMMENT='جدول پروژه‌ها';

--
-- Dumping data for table `projects`
--

INSERT INTO `projects` (`id`, `employer`, `price`, `price_ojrat`, `finalized`, `price_jens`, `confirmed`, `contractor1`, `contractor2`, `contractor3`, `contractor4`, `contractor5`, `anbardar`, `anbardarName`, `nazerFaniName`, `nazerKeifiName`, `nazerArshadName`, `hesabdarName`, `n_f`, `n_k`, `c1p`, `c2p`, `c3p`, `c4p`, `c5p`, `phase_description`, `nazer_arshad`, `nazer_fani`, `nazer_kefi`, `nazer_anbar`, `nazer_hesabdar`, `payment_confirmation`, `peymankar`, `arshad_description`, `fani_description`, `kefi_description`, `anbar_description`, `hesabdar_description`, `confirmation_description`, `start_date`, `end_date`, `client_id`, `status`, `budget`, `class`, `progress`, `priority`, `created_at`, `updated_at`, `total_wage_amount`, `total_items_amount`, `total_wage_amount_employee`, `total_items_amount_contractor`, `total_contractor_price`, `total_employer_price`) VALUES
(178, 85, '', 10191000, 0, 0, 0, 11, NULL, NULL, NULL, NULL, 0, NULL, NULL, NULL, NULL, NULL, 0, 0, 60, 0, 0, 0, 0, 'نصب سانترال', b'0', b'0', b'0', b'0', b'0', b'0', b'0', NULL, NULL, NULL, NULL, NULL, '', NULL, NULL, NULL, '1', NULL, NULL, 10, 'A', '2025-05-28 10:59:04', '2025-09-10 03:04:06', 0, 0, 0, 0, 0, 0),
(347, 138, '', 0, 0, 0, 0, 14, NULL, NULL, NULL, NULL, 0, NULL, NULL, NULL, NULL, NULL, 0, 0, 60, 0, 0, 0, 0, 'راه اندازی ژنراتور', b'0', b'0', b'0', b'0', b'0', b'0', b'0', NULL, NULL, NULL, NULL, NULL, '', NULL, NULL, NULL, '1', NULL, NULL, 10, 'D', '2025-07-20 01:24:04', '2025-08-01 06:45:49', 0, 0, 0, 0, 0, 0),
(195, 116, '', 0, 0, 0, 0, 13, NULL, NULL, NULL, NULL, 0, NULL, NULL, NULL, NULL, NULL, 0, 0, 60, 0, 0, 0, 0, 'چکاپ دوره هواساز و کلیه تابلوها', b'0', b'0', b'0', b'0', b'0', b'0', b'0', NULL, NULL, NULL, NULL, NULL, '', NULL, NULL, NULL, '1', NULL, NULL, 10, 'C', '2025-05-28 13:23:57', '2025-07-21 18:07:51', 0, 0, 0, 0, 0, 0),
(200, 75, '', 2438000, 0, 0, 0, 11, 18, NULL, NULL, NULL, 0, NULL, NULL, NULL, NULL, NULL, 0, 0, 30, 30, 0, 0, 0, 'کابل کشی اداری 35*3', b'1', b'1', b'1', b'1', b'1', b'0', b'0', '0', '0', 'کابل کشی دونفره خدادادی یزدی و مابقی آیتم تک نفره خدادادی زده شود', '0', '0', '', NULL, NULL, NULL, '2', NULL, NULL, 70, 'A', '2025-05-28 14:02:57', '2025-08-27 11:21:07', 0, 0, 0, 0, 0, 0),
(456, 136, '', 500000, 0, 0, 0, 18, 26, NULL, NULL, NULL, 0, NULL, NULL, NULL, NULL, NULL, 0, 0, 30, 30, 0, 0, 0, '\r\nنصب فن تابلو', b'0', b'1', b'1', b'1', b'0', b'0', b'1', NULL, '0', '0', '0', NULL, NULL, NULL, NULL, NULL, '3', NULL, NULL, 85, 'D', '2025-08-12 05:16:38', '2025-08-13 20:39:55', NULL, NULL, 0, 0, 0, 0),
(214, 75, '', 0, 0, 0, 0, 2, 16, NULL, NULL, NULL, 0, NULL, NULL, NULL, NULL, NULL, 0, 0, 30, 30, 0, 0, 0, 'اصلاح کابل کشی روشنایی محوطه کیورینگ ', b'0', b'0', b'0', b'0', b'0', b'0', b'0', NULL, NULL, NULL, NULL, NULL, '', NULL, NULL, NULL, '1', NULL, NULL, 10, 'B', '2025-05-29 05:41:48', '2025-07-20 02:16:47', 0, 0, 0, 0, 0, 0),
(338, 133, '', 600000, 0, 0, 0, 16, NULL, NULL, NULL, NULL, 0, NULL, NULL, NULL, NULL, NULL, 0, 0, 60, 0, 0, 0, 0, 'نصب کابینت آشپزخانه بالا', b'1', b'1', b'1', b'1', b'1', b'0', b'1', '0', '0', '0', '0', '0', '', NULL, NULL, NULL, '3', NULL, NULL, 95, 'B', '2025-07-19 10:45:21', '2025-08-04 18:30:47', 0, 0, 0, 0, 0, 0),
(359, 82, '', 90720, 0, 0, 0, 11, NULL, NULL, NULL, NULL, 0, NULL, NULL, NULL, NULL, NULL, 0, 0, 60, 0, 0, 0, 0, 'جابجایی سیم کولرگازی', b'1', b'1', b'1', b'1', b'1', b'0', b'1', '0', '0', '0', '0', '0', '', NULL, NULL, NULL, '3', NULL, NULL, 95, 'D', '2025-07-24 06:08:14', '2025-08-06 07:48:43', 0, 0, 0, 0, 0, 0),
(221, 75, '', 0, 0, 0, 0, 21, NULL, NULL, NULL, NULL, 0, NULL, NULL, NULL, NULL, NULL, 0, 0, 60, 0, 0, 0, 0, 'چک آپ ژنراتور', b'0', b'1', b'1', b'1', b'0', b'0', b'1', NULL, '0', '0', '0', NULL, '', NULL, NULL, NULL, '1', NULL, NULL, 10, 'A', '2025-05-29 05:56:31', '2025-08-28 06:27:20', 0, 0, 0, 0, 0, 0),
(225, 75, '', 200000, 0, 0, 0, 23, 27, NULL, NULL, NULL, 0, NULL, NULL, NULL, NULL, NULL, 0, 0, 30, 30, 0, 0, 0, 'جابجایی تابلو کوره های زمینی با ماهیچه کشی', b'1', b'1', b'1', b'1', b'0', b'0', b'1', 'سلام این توضیحات هست برای ناظر ارشد', 'سلام این توضیحات  هست  برای ناظر فنی', 'سلام این توضیحات هست برای ناشر کیفی', 'سلام این توضیحات هست برای انباردار', 'سلام این توضیحات هست برای حسابدار', 'این توضحیات هست برای تایید واریز', NULL, NULL, NULL, '3', NULL, NULL, 80, 'A', '2025-05-29 05:59:06', '2025-08-13 13:27:42', 0, 0, 0, 0, 0, 0),
(348, 75, '', 0, 0, 0, 0, 11, NULL, NULL, NULL, NULL, 0, NULL, NULL, NULL, NULL, NULL, 0, 0, 60, 0, 0, 0, 0, 'همچنان اتاق سرور شلخته هستشمنظم کردن کابلها و بستن درب داکت و وسیله برقی دیگر در انجا نباشد', b'0', b'0', b'0', b'0', b'0', b'0', b'0', NULL, NULL, NULL, NULL, NULL, '', NULL, NULL, NULL, '1', NULL, NULL, 10, 'A', '2025-07-20 02:00:56', '2025-08-10 07:29:35', 0, 0, 0, 0, 0, 0),
(245, 75, '', 67284200, 0, 0, 0, 11, NULL, NULL, NULL, NULL, 0, NULL, NULL, NULL, NULL, NULL, 0, 0, 60, 0, 0, 0, 0, 'کابل کشی وتغییر وضعیت زنگ ناهار', b'1', b'1', b'1', b'1', b'1', b'0', b'1', '0', '0', '0', '0', '0', '', NULL, NULL, NULL, '3', NULL, NULL, 95, 'B', '2025-06-09 01:54:53', '2025-08-10 11:58:59', 0, 0, 0, 0, 0, 0),
(365, 82, '', 0, 0, 0, 0, 16, NULL, NULL, NULL, NULL, 0, NULL, NULL, NULL, NULL, NULL, 0, 0, 60, 0, 0, 0, 0, 'لیبل زنی تابلو بالا اداری', b'0', b'0', b'0', b'0', b'0', b'0', b'0', NULL, NULL, NULL, NULL, NULL, '', NULL, NULL, NULL, '1', NULL, NULL, 10, 'B', '2025-07-26 13:33:17', '2025-07-30 08:20:22', 0, 0, 0, 0, 0, 0),
(366, 82, '', 5926200, 1, 0, 0, 27, NULL, NULL, NULL, NULL, 0, NULL, NULL, NULL, NULL, NULL, 0, 0, 60, 0, 0, 0, 0, 'نصب محافظ زیرکنتر3عدد', b'0', b'0', b'0', b'1', b'0', b'0', b'1', NULL, NULL, NULL, '0', NULL, '', NULL, NULL, NULL, '3', NULL, NULL, 75, 'A', '2025-07-26 13:34:57', '2025-09-11 02:55:53', 0, 0, 0, 0, 0, 0),
(249, 85, '', 152682000, 0, 0, 0, 0, NULL, NULL, NULL, NULL, 0, NULL, NULL, NULL, NULL, NULL, 0, 0, 60, 0, 0, 0, 0, 'اجرای صفرتاصد سوله', b'0', b'0', b'0', b'0', b'0', b'0', b'0', NULL, NULL, NULL, NULL, NULL, '', NULL, NULL, NULL, '1', NULL, NULL, 5, 'D', '2025-06-10 05:46:24', '2025-09-17 17:15:55', 0, 0, 0, 0, 0, 0),
(251, 75, '', 0, 0, 0, 0, 11, NULL, NULL, NULL, NULL, 0, NULL, NULL, NULL, NULL, NULL, 0, 0, 60, 0, 0, 0, 0, 'زدن سرسیم به سیم های تابلو برق اصلی میکسر ', b'0', b'0', b'0', b'0', b'0', b'0', b'0', NULL, NULL, NULL, NULL, NULL, '', NULL, NULL, NULL, '1', NULL, NULL, 10, 'C', '2025-06-11 02:13:31', '2025-07-29 13:56:27', 0, 0, 0, 0, 0, 0),
(363, 140, '', 0, 0, 0, 0, 0, NULL, NULL, NULL, NULL, 0, NULL, NULL, NULL, NULL, NULL, 0, 0, 60, 0, 0, 0, 0, 'راه&zwnj;اندازی سیستم پیجینگ', b'0', b'0', b'0', b'0', b'0', b'0', b'0', NULL, NULL, NULL, NULL, NULL, '', NULL, NULL, NULL, '1', NULL, NULL, 5, 'D', '2025-07-26 12:10:28', '2025-08-15 05:05:37', 0, 0, 0, 0, 0, 0),
(257, 124, '', 0, 0, 0, 0, 21, NULL, NULL, NULL, NULL, 0, NULL, NULL, NULL, NULL, NULL, 0, 0, 60, 0, 0, 0, 0, 'طراحی و برنامه نویسی اتاق ثابت اطفا حریق', b'0', b'0', b'0', b'0', b'0', b'0', b'0', NULL, NULL, NULL, NULL, NULL, '', NULL, NULL, NULL, '1', NULL, NULL, 10, 'A', '2025-07-09 12:29:33', '2025-08-12 02:39:59', 0, 0, 0, 0, 0, 0),
(282, 75, '', 0, 0, 0, 0, 13, NULL, NULL, NULL, NULL, 0, NULL, NULL, NULL, NULL, NULL, 0, 0, 60, 0, 0, 0, 0, 'دینام ماردون ۲', b'0', b'0', b'0', b'0', b'0', b'0', b'0', NULL, NULL, NULL, NULL, NULL, '', NULL, NULL, NULL, '1', NULL, NULL, 10, 'D', '2025-07-11 19:39:53', '2025-07-11 19:39:53', 0, 0, 0, 0, 0, 0),
(277, 85, '', 4202500, 0, 0, 0, 11, 26, NULL, NULL, NULL, 0, NULL, NULL, NULL, NULL, NULL, 0, 0, 30, 30, 0, 0, 0, 'مونتاژتابلو کج سالن', b'1', b'1', b'1', b'1', b'1', b'0', b'1', '0', 'گرد بر زنی جزعی از مونتاژ میباشد و جداگانه لحاظ نشود', '0', '0', '0', '', NULL, NULL, NULL, '3', NULL, NULL, 95, 'A', '2025-07-11 19:22:31', '2025-08-14 11:54:30', 0, 0, 0, 0, 0, 0),
(265, 126, '', 0, 0, 0, 0, 14, NULL, NULL, NULL, NULL, 0, NULL, NULL, NULL, NULL, NULL, 0, 0, 60, 0, 0, 0, 0, 'نصب دوربین', b'0', b'0', b'0', b'0', b'0', b'0', b'0', NULL, NULL, NULL, NULL, NULL, '', NULL, NULL, NULL, '1', NULL, NULL, 10, 'D', '2025-07-10 06:34:15', '2025-08-09 05:57:06', 0, 0, 0, 0, 0, 0),
(267, 131, '', 9720104900, 0, 6600, 0, 16, 11, NULL, NULL, NULL, 0, NULL, NULL, NULL, NULL, NULL, 0, 0, 30, 30, 0, 0, 0, 'پس کشی کابل و کابل کشی', b'1', b'1', b'1', b'1', b'1', b'0', b'1', '0', '0', '0', '0', '0', '', NULL, NULL, NULL, '3', NULL, NULL, 95, 'A', '2025-07-11 12:01:35', '2025-08-04 18:24:52', 0, 0, 0, 0, 0, 0),
(269, 126, '', 0, 0, 0, 0, 5, NULL, NULL, NULL, NULL, 0, NULL, NULL, NULL, NULL, NULL, 0, 0, 60, 0, 0, 0, 0, 'تعویض محافظ کنترل ویام     مشهد', b'0', b'0', b'0', b'0', b'0', b'0', b'0', NULL, NULL, NULL, NULL, NULL, '', NULL, NULL, NULL, '1', NULL, NULL, 10, 'C', '2025-07-11 17:00:59', '2025-08-09 05:54:33', 0, 0, 0, 0, 0, 0),
(400, 125, '', 500000, 0, 0, 0, 11, NULL, NULL, NULL, NULL, 0, NULL, NULL, NULL, NULL, NULL, 0, 0, 60, 0, 0, 0, 0, 'وصل برق تابلو', b'1', b'1', b'1', b'1', b'1', b'0', b'1', '0', '0', '0', '0', '0', '', NULL, NULL, NULL, '3', NULL, NULL, 95, 'D', '2025-07-31 04:43:11', '2025-08-07 18:47:53', 0, 0, 0, 0, 0, 0),
(276, 82, '', 25500000, 0, 0, 0, 27, NULL, NULL, NULL, NULL, 0, NULL, NULL, NULL, NULL, NULL, 0, 0, 60, 0, 0, 0, 0, 'نصب لوله هواکشهای دستشویی', b'0', b'0', b'0', b'0', b'0', b'0', b'1', NULL, NULL, NULL, NULL, NULL, '', NULL, NULL, NULL, '2', NULL, NULL, 70, 'D', '2025-07-11 18:52:38', '2025-08-24 07:06:11', 0, 0, 0, 0, 0, 0),
(286, 72, '', 27000000, 0, 0, 0, 11, 21, NULL, NULL, NULL, 0, NULL, NULL, NULL, NULL, NULL, 0, 0, 30, 30, 0, 0, 0, 'برق خروجی استابلایزر جهت اتاق خود بهادری', b'1', b'1', b'1', b'1', b'1', b'0', b'1', '0', '0', '0', '0', '0', '', NULL, NULL, NULL, '3', NULL, NULL, 95, 'A', '2025-07-11 19:54:30', '2025-09-10 03:11:56', 0, 0, 0, 0, 0, 0),
(289, 132, '', 0, 0, 0, 0, 21, NULL, NULL, NULL, NULL, 0, NULL, NULL, NULL, NULL, NULL, 0, 0, 60, 0, 0, 0, 0, 'بازدید از ارت مجموعه', b'0', b'0', b'0', b'0', b'0', b'0', b'0', NULL, NULL, NULL, NULL, NULL, '', NULL, NULL, NULL, '1', NULL, NULL, 10, 'D', '2025-07-12 06:25:16', '2025-08-10 08:41:55', 0, 0, 0, 0, 0, 0),
(362, 139, '', 2834900, 0, 0, 0, 16, NULL, NULL, NULL, NULL, 0, NULL, NULL, NULL, NULL, NULL, 0, 0, 60, 0, 0, 0, 0, 'نصب سیگنال امپر', b'1', b'1', b'1', b'1', b'1', b'0', b'1', '0', '0گرد بر زنی و سربندی چراغ سیگنال جزعی از نصب چراغ سیگناله', '0', '0', '0', '', NULL, NULL, NULL, '3', NULL, NULL, 95, 'A', '2025-07-26 12:08:38', '2025-08-06 14:11:32', 0, 0, 0, 0, 0, 0),
(375, 131, '', 300000, 0, 0, 0, 16, 21, NULL, NULL, NULL, 0, NULL, NULL, NULL, NULL, NULL, 0, 0, 30, 30, 0, 0, 0, 'نصب کلید اتوماتیک ۱۶۰ آمپری روی تابلو توزیع اصلی کارخانه', b'1', b'1', b'1', b'1', b'1', b'0', b'1', '0', '0', '0', '0', '0', '', NULL, NULL, NULL, '3', NULL, NULL, 95, 'A', '2025-07-30 05:50:48', '2025-08-04 18:25:33', 0, 0, 0, 0, 0, 0),
(353, 121, '', 0, 0, 0, 0, 21, NULL, NULL, NULL, NULL, 0, NULL, NULL, NULL, NULL, NULL, 0, 0, 60, 0, 0, 0, 0, 'تعمیرات اضطراری', b'0', b'0', b'0', b'0', b'0', b'0', b'0', NULL, NULL, NULL, NULL, NULL, '', NULL, NULL, NULL, '1', NULL, NULL, 10, 'D', '2025-07-20 06:20:09', '2025-07-20 09:19:43', 0, 0, 0, 0, 0, 0),
(367, 75, '', 4789500, 0, 0, 0, 16, NULL, NULL, NULL, NULL, 0, NULL, NULL, NULL, NULL, NULL, 0, 0, 60, 0, 0, 0, 0, 'مونتاژ و نصب و راه اندازی پمپهای کولینگ تاور ', b'1', b'1', b'1', b'1', b'1', b'0', b'1', '0', '0', 'این تابلو موقتی نصب شد و بدلایل دیگری بعدا تابلوی دیگری نصب شد.اما موارد مذکور در این برهه انجام و تایید می‌شود.', '0', '0', '', NULL, NULL, NULL, '3', NULL, NULL, 95, 'D', '2025-07-28 05:44:59', '2025-08-10 08:44:25', 0, 0, 0, 0, 0, 0),
(355, 75, '', 137000800, 0, 0, 0, 16, NULL, NULL, NULL, NULL, 0, NULL, NULL, NULL, NULL, NULL, 0, 0, 60, 0, 0, 0, 0, 'نصب محافظ یخچال رستوران', b'1', b'1', b'1', b'1', b'1', b'0', b'1', '0', '0', '0', '0', '0', '', NULL, NULL, NULL, '3', NULL, NULL, 95, 'D', '2025-07-21 17:51:39', '2025-07-31 16:05:33', 14950000, 0, 0, 0, 0, 0),
(356, 75, '', 1783400, 0, 0, 0, 27, NULL, NULL, NULL, NULL, 0, NULL, NULL, NULL, NULL, NULL, 0, 0, 60, 0, 0, 0, 0, 'نصب الارم حد بالا و حد پایین کمپرسورهای باد', b'0', b'0', b'0', b'1', b'0', b'0', b'1', NULL, NULL, NULL, '0', NULL, '', NULL, NULL, NULL, '3', NULL, NULL, 75, 'A', '2025-07-21 17:52:41', '2025-08-13 13:28:04', 0, 0, 0, 0, 0, 0),
(357, 75, '', 4890000000, 0, 0, 0, 11, NULL, NULL, NULL, NULL, 0, NULL, NULL, NULL, NULL, NULL, 0, 0, 60, 0, 0, 0, 0, 'Pm جمع اوری کابل ارت روی سینی حداکثر یکساعت', b'1', b'1', b'1', b'1', b'1', b'0', b'1', '0', '0', '0', '0', '0', '', NULL, NULL, NULL, '3', NULL, NULL, 95, 'D', '2025-07-21 17:54:02', '2025-08-10 12:21:30', 0, 0, 0, 0, 0, 0),
(302, 75, '', 0, 0, 0, 0, 23, NULL, NULL, NULL, NULL, 0, NULL, NULL, NULL, NULL, NULL, 0, 0, 60, 0, 0, 0, 0, 'زدن وایر شو به سیم های بدون سرسیم و اصلاح اتصالات نامتعارف دستگاه شبکه زنی ۱', b'0', b'0', b'0', b'0', b'0', b'0', b'0', NULL, NULL, NULL, NULL, NULL, '', NULL, NULL, NULL, '1', NULL, NULL, 10, 'A', '2025-07-13 13:22:30', '2025-07-28 13:07:19', 0, 0, 0, 0, 0, 0),
(303, 75, '', 0, 0, 0, 0, 23, NULL, NULL, NULL, NULL, 0, NULL, NULL, NULL, NULL, NULL, 0, 0, 60, 0, 0, 0, 0, 'زدن وایر شو به سیم های بدون سرسیم داخل تابلو برق و اصلاح اتصالات نامتعارف دستگاه شبکه زنی ۲', b'0', b'0', b'0', b'0', b'0', b'0', b'0', NULL, NULL, NULL, NULL, NULL, '', NULL, NULL, NULL, '1', NULL, NULL, 10, 'A', '2025-07-13 13:23:59', '2025-07-28 13:08:29', 0, 0, 0, 0, 0, 0),
(304, 75, '', 0, 0, 0, 0, 23, NULL, NULL, NULL, NULL, 0, NULL, NULL, NULL, NULL, NULL, 0, 0, 60, 0, 0, 0, 0, 'زدن وایر شو به سیم های بدون سرسیم داخل تابلو برق و اصلاح اتصالات نامتعارف دستگاه شبکه زنی ۳', b'0', b'0', b'0', b'0', b'0', b'0', b'0', NULL, NULL, NULL, NULL, NULL, '', NULL, NULL, NULL, '1', NULL, NULL, 10, 'A', '2025-07-13 13:24:24', '2025-08-06 09:30:08', 0, 0, 0, 0, 0, 0),
(305, 75, '', 0, 0, 0, 0, 23, NULL, NULL, NULL, NULL, 0, NULL, NULL, NULL, NULL, NULL, 0, 0, 60, 0, 0, 0, 0, 'زدن وایر شو به سیم های بدون سرسیم داخل تابلو برق و اصلاح اتصالات نامتعارف دستگاه شبکه زنی ۴', b'0', b'0', b'0', b'0', b'0', b'0', b'0', NULL, NULL, NULL, NULL, NULL, '', NULL, NULL, NULL, '1', NULL, NULL, 10, 'A', '2025-07-13 13:24:51', '2025-09-06 06:23:40', 0, 0, 0, 0, 0, 0),
(358, 133, '', 150000, 0, 0, 0, 13, NULL, NULL, NULL, NULL, 0, NULL, NULL, NULL, NULL, NULL, 0, 0, 60, 0, 0, 0, 0, 'ساخت چهار پایه ۴۱&times;۶۱ به ارتفاع یک متر\r\nتحمل وزن ۶۰۰ کیلو\r\nاحتمالا قوطی ۴&times;۴ خوب باشه براش', b'1', b'1', b'1', b'1', b'1', b'0', b'1', '0', '0', '0', '0', '0', '', NULL, NULL, NULL, '3', NULL, NULL, 95, 'A', '2025-07-22 00:19:02', '2025-08-13 04:33:01', 0, 0, 0, 0, 0, 0),
(349, 133, '', 7452000, 0, -5550000, 0, 16, NULL, NULL, NULL, NULL, 0, NULL, NULL, NULL, NULL, NULL, 0, 0, 60, 0, 0, 0, 0, 'انتقال سیم های تابلوی برق اصلی مسجد به داخل انبار', b'1', b'1', b'1', b'1', b'1', b'1', b'1', '0', '0', '0', '0', '0', '0', NULL, NULL, NULL, '3', NULL, NULL, 95, 'D', '2025-07-20 04:46:52', '2025-07-31 16:02:24', 0, 0, 0, 0, 0, 0),
(312, 75, '', 30000000, 0, 0, 0, 13, NULL, NULL, NULL, NULL, 0, NULL, NULL, NULL, NULL, NULL, 0, 0, 60, 0, 0, 0, 0, 'روغن ریزی از زیر مخزن روغن کمپرسور A بزرگ', b'0', b'0', b'0', b'0', b'0', b'0', b'0', NULL, NULL, NULL, NULL, NULL, '', NULL, NULL, NULL, '1', NULL, NULL, 10, 'B', '2025-07-15 07:47:05', '2025-07-25 06:48:50', 0, 0, 0, 0, 0, 0),
(334, 75, '', 0, 0, 0, 0, 13, NULL, NULL, NULL, NULL, 0, NULL, NULL, NULL, NULL, NULL, 0, 0, 60, 0, 0, 0, 0, 'تعمیر کمپرسور بزرگ', b'0', b'0', b'0', b'0', b'0', b'0', b'0', NULL, NULL, NULL, NULL, NULL, '', NULL, NULL, NULL, '1', NULL, NULL, 10, 'D', '2025-07-18 06:37:02', '2025-08-09 12:31:52', 0, 0, 0, 0, 0, 0),
(336, 75, '', 0, 0, 0, 0, 13, NULL, NULL, NULL, NULL, 0, NULL, NULL, NULL, NULL, NULL, 0, 0, 60, 0, 0, 0, 0, 'سرویس دوره ای ژنراتور', b'0', b'0', b'0', b'0', b'0', b'0', b'0', NULL, NULL, NULL, NULL, NULL, '', NULL, NULL, NULL, '1', NULL, NULL, 10, 'D', '2025-07-18 06:39:10', '2025-07-18 06:39:10', 0, 0, 0, 0, 0, 0),
(344, 131, '', 2500000, 0, 0, 0, 21, NULL, NULL, NULL, NULL, 0, NULL, NULL, NULL, NULL, NULL, 0, 0, 60, 0, 0, 0, 0, 'دمونتاژ تابلو برق توزیع قدیمی سالن اصلی', b'1', b'1', b'1', b'1', b'1', b'0', b'1', 'بسم الله الرمن الرحیم\nبا مابقی فاکتورها باید بصورت جمعی باشد', '0', '0', '0', '0', '', NULL, NULL, NULL, '3', NULL, NULL, 95, 'A', '2025-07-19 20:23:08', '2025-08-09 08:39:29', 0, 0, 0, 0, 0, 0),
(345, 131, '', 8093820, 0, 0, 0, 21, NULL, NULL, NULL, NULL, 0, NULL, NULL, NULL, NULL, NULL, 0, 0, 60, 0, 0, 0, 0, 'ساخت تابلو برق توزیع سالن تولید اصلی', b'1', b'1', b'1', b'1', b'1', b'0', b'1', '0', '0', '0', '0', '0', '', NULL, NULL, NULL, '3', NULL, NULL, 95, 'A', '2025-07-19 20:23:52', '2025-08-04 18:26:22', 0, 0, 0, 0, 0, 0),
(369, 131, '', 12730800, 0, 0, 0, 21, NULL, NULL, NULL, NULL, 0, NULL, NULL, NULL, NULL, NULL, 0, 0, 60, 0, 0, 0, 0, 'ساخت تابلو برق برای دستگاه مونو پمپ سس کچاپ', b'1', b'1', b'1', b'1', b'1', b'0', b'1', '0 کل فاکتورهای لبن باید در قالب یک پروژه دیده شود', '0', '0', '0', '0', '', NULL, NULL, NULL, '3', NULL, NULL, 95, 'A', '2025-07-28 10:55:17', '2025-08-04 18:26:43', 0, 0, 0, 0, 0, 0),
(370, 131, '', 20933520, 0, 0, 0, 21, NULL, NULL, NULL, NULL, 0, NULL, NULL, NULL, NULL, NULL, 0, 0, 60, 0, 0, 0, 0, 'ساخت تابلو برق کنترل پمپ های آب و روغن و سرکه', b'1', b'1', b'1', b'1', b'1', b'0', b'1', '0', '0', '0', '0', '0', '', NULL, NULL, NULL, '3', NULL, NULL, 95, 'A', '2025-07-28 10:56:11', '2025-08-04 18:27:01', 0, 0, 0, 0, 0, 0),
(371, 131, '', 10681080, 0, 0, 0, 21, NULL, NULL, NULL, NULL, 0, NULL, NULL, NULL, NULL, NULL, 0, 0, 60, 0, 0, 0, 0, 'ساخت تابلو کنترل پمپ روغن دستگاه هموژن', b'1', b'1', b'1', b'1', b'1', b'0', b'1', '0', '0', '0', '0', '0', '', NULL, NULL, NULL, '3', NULL, NULL, 95, 'A', '2025-07-28 10:57:21', '2025-08-04 18:27:24', 0, 0, 0, 0, 0, 0),
(372, 75, '', 4578900, 0, 0, 0, 23, NULL, NULL, NULL, NULL, 0, NULL, NULL, NULL, NULL, NULL, 0, 0, 60, 0, 0, 0, 0, 'جابجایی مجدد تابلو های کوره زمینی ', b'1', b'1', b'1', b'1', b'1', b'0', b'1', '0', '0', '0', '0', '0', '', NULL, NULL, NULL, '3', NULL, NULL, 95, 'A', '2025-07-28 13:05:35', '2025-08-11 09:36:06', 0, 0, 0, 0, 0, 0),
(373, 141, '', 3039200, 0, 0, 0, 11, NULL, NULL, NULL, NULL, 0, NULL, NULL, NULL, NULL, NULL, 0, 0, 60, 0, 0, 0, 0, ' ضریح سازی فازبندی اصلاح خطوط مخابرات', b'1', b'1', b'1', b'1', b'1', b'0', b'1', '0', '0', '0', '0', '0', '', NULL, NULL, NULL, '3', NULL, NULL, 95, 'D', '2025-07-28 14:49:31', '2025-08-07 18:42:23', 0, 0, 0, 0, 0, 0),
(402, 143, '', 6055500, 0, 0, 0, 11, NULL, NULL, NULL, NULL, 0, NULL, NULL, NULL, NULL, NULL, 0, 0, 60, 0, 0, 0, 0, 'خورده کاری منزل مسکونی', b'0', b'0', b'0', b'0', b'0', b'0', b'0', NULL, NULL, NULL, NULL, NULL, '', NULL, NULL, NULL, '1', NULL, NULL, 10, 'A', '2025-07-31 17:13:19', '2025-08-10 12:23:03', NULL, NULL, 0, 0, 0, 0),
(376, 131, '', 2133000, 0, 0, 0, 16, NULL, NULL, NULL, NULL, 0, NULL, NULL, NULL, NULL, NULL, 0, 0, 60, 0, 0, 0, 0, 'نصب پریز و کابلکشی برق موقتی برای دستگاه کاپ ', b'1', b'1', b'1', b'1', b'1', b'0', b'1', '0', '0', '0', '0', '0', '', NULL, NULL, NULL, '3', NULL, NULL, 95, 'A', '2025-07-30 05:52:45', '2025-08-04 18:27:43', 0, 0, 0, 0, 0, 0),
(377, 75, '', 0, 0, 0, 0, 23, NULL, NULL, NULL, NULL, 0, NULL, NULL, NULL, NULL, NULL, 0, 0, 60, 0, 0, 0, 0, 'نصب و راه اندازی استابلایزر ۱۶ آمپری برای دستگاه کوآنتومتر آزمایشگاه', b'0', b'0', b'0', b'0', b'0', b'0', b'0', NULL, NULL, NULL, NULL, NULL, '', NULL, NULL, NULL, '1', NULL, NULL, 10, 'A', '2025-07-30 07:38:22', '2025-08-13 17:09:01', 0, 0, 0, 0, 0, 0),
(381, 131, '', 10000000, 0, 0, 0, 29, 26, NULL, NULL, NULL, 0, NULL, NULL, NULL, NULL, NULL, 0, 0, 30, 30, 0, 0, 0, 'مونتاژ 5 عدد تابلو', b'1', b'1', b'1', b'1', b'1', b'0', b'1', '0', '0', '0', '0', '0', '', NULL, NULL, NULL, '3', NULL, NULL, 95, 'A', '2025-07-30 08:27:30', '2025-08-12 05:16:29', 0, 0, 0, 0, 0, 0),
(380, 131, '', 3350800, 0, 0, 0, 11, 26, NULL, NULL, NULL, 0, NULL, NULL, NULL, NULL, NULL, 0, 0, 35, 25, 0, 0, 0, 'نصب ارت باکس برای تابلو توزیع و سالن کره', b'1', b'1', b'1', b'1', b'1', b'0', b'1', '0', '', '0', '0', '0', '', NULL, NULL, NULL, '4', NULL, NULL, 100, 'A', '2025-07-30 08:21:50', '2025-08-13 13:08:20', 0, 0, 0, 0, 0, 0),
(382, 131, '', 0, 0, 0, 0, 11, 26, NULL, NULL, NULL, 0, NULL, NULL, NULL, NULL, NULL, 0, 0, 30, 30, 0, 0, 0, 'نصب شینه ارت مس ۲۵در۵ داخل تابلو توزیع اصلی و ایجاد سوراخکاری و نصب پیچ و مهره رزرو', b'0', b'0', b'0', b'0', b'0', b'0', b'0', NULL, NULL, NULL, NULL, NULL, '', NULL, NULL, NULL, '1', NULL, NULL, 10, 'A', '2025-07-30 08:30:27', '2025-08-13 04:54:39', 0, 0, 0, 0, 0, 0),
(383, 131, '', 0, 0, 0, 0, 16, NULL, NULL, NULL, NULL, 0, NULL, NULL, NULL, NULL, NULL, 0, 0, 60, 0, 0, 0, 0, 'اصلاح کابل کشی سالن کره و اتصال دستگاههای همان سالن به ارت باکس', b'0', b'0', b'0', b'0', b'0', b'0', b'0', NULL, NULL, NULL, NULL, NULL, '', NULL, NULL, NULL, '1', NULL, NULL, 10, 'A', '2025-07-30 08:31:41', '2025-08-10 17:49:20', 0, 0, 0, 0, 0, 0),
(384, 131, '', 5995500, 0, 0, 0, 16, NULL, NULL, NULL, NULL, 0, NULL, NULL, NULL, NULL, NULL, 0, 0, 60, 0, 0, 0, 0, 'کابلکشی برق اصلی برای دستگاه شرینگ سالن اصلی ', b'0', b'0', b'0', b'0', b'0', b'0', b'1', NULL, NULL, NULL, NULL, NULL, '', NULL, NULL, NULL, '2', NULL, NULL, 70, 'A', '2025-07-30 08:33:33', '2025-08-23 11:51:49', 0, 0, 0, 0, 0, 0),
(385, 131, '', 31006900, 0, 0, 0, 16, NULL, NULL, NULL, NULL, 0, NULL, NULL, NULL, NULL, NULL, 0, 0, 60, 0, 0, 0, 0, 'کابل کشی کابل ۵در۴ برای دستگاه کاپ سالن اصلی و بستن کابل ارت برای شینه ارت تابلو توزیع سالن اصلی', b'0', b'0', b'0', b'0', b'0', b'0', b'1', NULL, NULL, NULL, NULL, NULL, '', NULL, NULL, NULL, '1', NULL, NULL, 70, 'A', '2025-07-30 08:35:44', '2025-08-14 03:08:11', 0, 0, 0, 0, 0, 0),
(386, 131, '', 0, 0, 0, 0, 16, NULL, NULL, NULL, NULL, 0, NULL, NULL, NULL, NULL, NULL, 0, 0, 60, 0, 0, 0, 0, 'کابل کشی برق برای دستگاه رول برگردان و لیزر پرینت سالن انبار', b'0', b'0', b'0', b'0', b'0', b'0', b'0', NULL, NULL, NULL, NULL, NULL, '', NULL, NULL, NULL, '1', NULL, NULL, 10, 'A', '2025-07-30 08:39:12', '2025-07-30 08:39:12', 0, 0, 0, 0, 0, 0),
(387, 131, '', 27857000, 0, 0, 0, 11, 26, NULL, NULL, NULL, 0, NULL, NULL, NULL, NULL, NULL, 0, 0, 30, 30, 0, 0, 0, 'سینی کشی سایز ۴۰ و درب سینی مربوطه در محوطه تابلو توزیع اصلی کارخانه ', b'1', b'1', b'1', b'1', b'1', b'0', b'1', '0', 'آیتم ۴ اصلا کابلکشی نیست فقط مرتب نمودن هست .اصلا کابل کشی نیست و لحاظ نشود', '0', '0', '0', '', NULL, NULL, NULL, '3', NULL, NULL, 95, 'A', '2025-07-30 08:41:17', '2025-08-11 09:05:21', 0, 0, 0, 0, 0, 0),
(411, 110, '', 0, 0, 0, 0, 21, NULL, NULL, NULL, NULL, 0, NULL, NULL, NULL, NULL, NULL, 0, 0, 60, 0, 0, 0, 0, 'بازدید اولیه و تعریف کار', b'0', b'0', b'0', b'0', b'0', b'0', b'0', NULL, NULL, NULL, NULL, NULL, '', NULL, NULL, NULL, '1', NULL, NULL, 10, 'D', '2025-08-04 08:08:58', '2025-08-04 08:08:58', NULL, NULL, 0, 0, 0, 0),
(389, 131, '', 2000000, 0, 0, 0, 11, 26, NULL, NULL, NULL, 0, NULL, NULL, NULL, NULL, NULL, 0, 0, 30, 30, 0, 0, 0, 'نصب درب سینی برای سینی کابل اصلی محوطه بیرون و نصب درب برای سینی تابلو توزیع سالن تولید اصلی', b'1', b'1', b'1', b'1', b'1', b'0', b'1', '0', '0', '0', '0', '0', '', NULL, NULL, NULL, '3', NULL, NULL, 95, 'A', '2025-07-30 08:42:51', '2025-08-09 09:40:36', 0, 0, 0, 0, 0, 0),
(390, 75, '', 32774000, 0, 0, 0, 11, 26, NULL, NULL, NULL, 0, NULL, NULL, NULL, NULL, NULL, 0, 0, 30, 30, 0, 0, 0, 'نصب باکس کج برای پریز های بالای میکسر ', b'1', b'1', b'1', b'1', b'0', b'0', b'1', '0', '0', '0', '0', NULL, '', NULL, NULL, NULL, '1', NULL, NULL, 10, 'B', '2025-07-30 08:45:19', '2025-08-12 17:20:15', 0, 0, 0, 0, 0, 0),
(391, 75, '', 0, 0, 0, 0, 21, NULL, NULL, NULL, NULL, 0, NULL, NULL, NULL, NULL, NULL, 0, 0, 60, 0, 0, 0, 0, 'تعویض کلید سلکتوری قدرت و کنتاکتورهای معیوب دستگاه تراش بزرگ سالن', b'0', b'0', b'0', b'0', b'0', b'0', b'0', NULL, NULL, NULL, NULL, NULL, '', NULL, NULL, NULL, '1', NULL, NULL, 10, 'A', '2025-07-30 08:46:36', '2025-08-04 08:54:59', 0, 0, 0, 0, 0, 0),
(393, 75, '', 2441400, 0, 0, 0, 23, NULL, NULL, NULL, NULL, 0, NULL, NULL, NULL, NULL, NULL, 0, 0, 60, 0, 0, 0, 0, 'نصب و کابلکشی دستگاه لاستیک زنی سپراتور و دستگاهcos ', b'1', b'1', b'1', b'1', b'1', b'0', b'1', '0', '0', '0', '0', '0', '', NULL, NULL, NULL, '3', NULL, NULL, 95, 'C', '2025-07-30 09:13:42', '2025-08-06 14:49:27', 0, 0, 0, 0, 0, 0),
(394, 139, '', 32237200, 0, 0, 0, 16, NULL, NULL, NULL, NULL, 0, NULL, NULL, NULL, NULL, NULL, 0, 0, 60, 0, 0, 0, 0, 'نصب موتوربرق اونیک', b'1', b'1', b'1', b'1', b'1', b'0', b'1', '0', 'گرد بر زنی و  داکت کشی جزعی از کار مونتاژ می باشد و نیز برش سینی جزعی از نصب میباشد.لحاظ نشود', '0', '0', '0', '', NULL, NULL, NULL, '3', NULL, NULL, 95, 'D', '2025-07-30 09:21:40', '2025-08-10 05:39:07', 0, 0, 0, 0, 0, 0),
(395, 131, '', 0, 0, 0, 0, 21, NULL, NULL, NULL, NULL, 0, NULL, NULL, NULL, NULL, NULL, 0, 0, 60, 0, 0, 0, 0, 'لیبل زنی تابلوهای برق توزیع و فرمان اجرا شده', b'0', b'0', b'0', b'0', b'0', b'0', b'0', NULL, NULL, NULL, NULL, NULL, '', NULL, NULL, NULL, '1', NULL, NULL, 10, 'A', '2025-07-30 10:03:56', '2025-07-30 10:03:56', 0, 0, 0, 0, 0, 0),
(398, 131, '', 0, 0, 0, 0, 21, NULL, NULL, NULL, NULL, 0, NULL, NULL, NULL, NULL, NULL, 0, 0, 60, 0, 0, 0, 0, 'ساخت تابلو برق محوطه انبار و سردخانه', b'0', b'0', b'0', b'0', b'0', b'0', b'0', NULL, NULL, NULL, NULL, NULL, '', NULL, NULL, NULL, '1', NULL, NULL, 10, 'A', '2025-07-30 10:27:48', '2025-07-30 10:27:48', 0, 0, 0, 0, 0, 0),
(399, 75, '', 45000000, 0, 0, 0, 11, NULL, NULL, NULL, NULL, 0, NULL, NULL, NULL, NULL, NULL, 0, 0, 60, 0, 0, 0, 0, 'نصب راه به در میزهای کامپیوتر اداری ', b'1', b'1', b'1', b'1', b'1', b'0', b'1', '0', 'از نظر کیفیت نصب و خود تجهیز مورد تایید نیست. اما باتوجه به شرایط و خواست مهندس کاکنج فرمودند تایید شود اما با این حال نصب بد فرم وجود دارد که باعث دفرمگی تجهیز شده است', '0', '0', '0', '', NULL, NULL, NULL, '3', NULL, NULL, 95, 'B', '2025-07-30 11:38:03', '2025-08-08 17:41:26', 0, 0, 0, 0, 0, 0),
(401, 142, '', 595000, 0, 0, 0, 14, NULL, NULL, NULL, NULL, 0, NULL, NULL, NULL, NULL, NULL, 0, 0, 60, 0, 0, 0, 0, 'نصب زیر کنتوری', b'1', b'1', b'1', b'1', b'1', b'0', b'1', '0', '0', '0', '0', '0', '', NULL, NULL, NULL, '3', NULL, NULL, 95, 'D', '2025-07-31 07:43:23', '2025-08-04 18:32:34', 0, 0, 0, 0, 0, 0),
(403, 133, '', 0, 0, 0, 0, 14, NULL, NULL, NULL, NULL, 0, NULL, NULL, NULL, NULL, NULL, 0, 0, 60, 0, 0, 0, 0, 'داکت کشی و سیم بندی برق کنار دستگاه دوربین و میز کار', b'0', b'0', b'0', b'0', b'0', b'0', b'0', NULL, NULL, NULL, NULL, NULL, '', NULL, NULL, NULL, '1', NULL, NULL, 10, 'D', '2025-07-31 18:17:06', '2025-08-01 06:45:27', NULL, NULL, 0, 0, 0, 0),
(410, 145, '', 1931600, 0, 0, 0, 27, NULL, NULL, NULL, NULL, 0, NULL, NULL, NULL, NULL, NULL, 0, 0, 60, 0, 0, 0, 0, 'تعویض کلید اتومات به جای فیوز چاقویی ۱۰۰ آمپر برای تابلو اصلی', b'0', b'1', b'1', b'1', b'0', b'0', b'1', NULL, '0', '0', '0', NULL, '', NULL, NULL, NULL, '3', NULL, NULL, 85, 'D', '2025-08-04 06:32:58', '2025-08-12 11:51:08', NULL, NULL, 0, 0, 0, 0),
(405, 72, '', 56700000, 0, 0, 0, 21, 23, NULL, NULL, NULL, 0, NULL, NULL, NULL, NULL, NULL, 0, 0, 30, 30, 0, 0, 0, 'خرابی اتوماتیک دستی دستگاه بادی۲', b'1', b'1', b'1', b'1', b'1', b'0', b'1', '0', '0', '0', '0', '0', '', NULL, NULL, NULL, '3', NULL, NULL, 95, 'A', '2025-08-02 07:41:37', '2025-08-13 13:08:57', NULL, NULL, 0, 0, 0, 0),
(406, 75, '', 120000000, 0, 0, 0, 21, NULL, NULL, NULL, NULL, 0, NULL, NULL, NULL, NULL, NULL, 0, 0, 60, 0, 0, 0, 0, 'بازرسی وضعیت دستگاه سپراتور و پرس و کولینگ تاور و درآوردن لیست پی ال سی ها برای بک آپ گیری', b'1', b'1', b'1', b'1', b'1', b'0', b'1', '0', '0', '0', '0', 'در قالب نت محاسبه شود', '', NULL, NULL, NULL, '3', NULL, NULL, 95, 'A', '2025-08-02 07:42:59', '2025-08-04 08:48:49', NULL, NULL, 0, 0, 0, 0),
(407, 136, '', 1582000, 0, 0, 0, 11, 26, NULL, NULL, NULL, 0, NULL, NULL, NULL, NULL, NULL, 0, 0, 30, 30, 0, 0, 0, 'اصلاح مدار فرمان اینورتری پمپ روغن', b'1', b'1', b'1', b'1', b'1', b'0', b'1', '0', '0', '0', '0', '0', '', NULL, NULL, NULL, '3', NULL, NULL, 95, 'A', '2025-08-02 16:09:29', '2025-08-14 11:47:13', NULL, NULL, 0, 0, 0, 0),
(408, 136, '', 2316000, 0, 0, 0, 11, 26, NULL, NULL, NULL, 0, NULL, NULL, NULL, NULL, NULL, 0, 0, 30, 30, 0, 0, 0, 'اصلاح تابلو برق توزیع سالن اصلی', b'1', b'1', b'1', b'1', b'1', b'0', b'1', '0', '0', '0', '0', '0', '', NULL, NULL, NULL, '3', NULL, NULL, 95, 'A', '2025-08-02 16:10:42', '2025-08-09 09:36:59', NULL, NULL, 0, 0, 0, 0),
(409, 144, '', 1130000, 0, 330000, 0, 11, NULL, NULL, NULL, NULL, 0, NULL, NULL, NULL, NULL, NULL, 0, 0, 60, 0, 0, 0, 0, 'خرابی دستگاه ازمایشگاه', b'1', b'1', b'1', b'1', b'0', b'0', b'1', '0', '0', '0', '0', NULL, '', NULL, NULL, NULL, '3', NULL, NULL, 85, 'D', '2025-08-03 05:04:09', '2025-08-13 13:30:27', NULL, NULL, 0, 0, 0, 0),
(412, 139, '', 15876300, 0, 0, 0, 16, NULL, NULL, NULL, NULL, 0, NULL, NULL, NULL, NULL, NULL, 0, 0, 60, 0, 0, 0, 0, 'رفع اتصالی و مونتاژ مجدد تابلو اتش گرفته سالن', b'1', b'1', b'1', b'1', b'1', b'0', b'1', '0', '0', '0', '0', '0', '', NULL, NULL, NULL, '3', NULL, NULL, 95, 'D', '2025-08-04 08:46:16', '2025-08-13 06:51:36', NULL, NULL, 0, 0, 0, 0),
(413, 144, '', 0, 0, 0, 0, 16, NULL, NULL, NULL, NULL, 0, NULL, NULL, NULL, NULL, NULL, 0, 0, 60, 0, 0, 0, 0, 'راه اندازی موتوربرق اداری', b'0', b'0', b'0', b'0', b'0', b'0', b'0', NULL, NULL, NULL, NULL, NULL, '', NULL, NULL, NULL, '1', NULL, NULL, 10, 'D', '2025-08-04 08:47:44', '2025-08-10 06:10:08', NULL, NULL, 0, 0, 0, 0),
(414, 75, '', 346000, 0, 0, 0, 27, NULL, NULL, NULL, NULL, 0, NULL, NULL, NULL, NULL, NULL, 0, 0, 60, 0, 0, 0, 0, 'نصب ترموستات بر روی تابلو کولینگ تاور جهت رصد دمای تشت آب', b'1', b'1', b'1', b'1', b'1', b'0', b'1', '0', '0', '0', '0', '0', '', NULL, NULL, NULL, '3', NULL, NULL, 95, 'D', '2025-08-04 08:52:05', '2025-08-10 12:29:27', NULL, NULL, 0, 0, 0, 0),
(415, 75, '', 1500000, 0, 0, 0, 23, 27, NULL, NULL, NULL, 0, NULL, NULL, NULL, NULL, NULL, 0, 0, 30, 30, 0, 0, 0, 'جمع اوری سیم و کابلهای اتاق برق', b'1', b'1', b'1', b'1', b'1', b'0', b'1', '0', '0', '0', '0', '0', '', NULL, NULL, NULL, '3', NULL, NULL, 95, 'D', '2025-08-04 08:59:41', '2025-08-10 12:26:50', NULL, NULL, 0, 0, 0, 0),
(416, 75, '', 9354800, 0, 0, 0, 23, NULL, NULL, NULL, NULL, 0, NULL, NULL, NULL, NULL, NULL, 0, 0, 60, 0, 0, 0, 0, 'نصب چنج اور اداری', b'0', b'0', b'0', b'0', b'0', b'0', b'0', NULL, NULL, NULL, NULL, NULL, '', NULL, NULL, NULL, '1', NULL, NULL, 10, 'D', '2025-08-04 09:01:05', '2025-08-13 17:09:09', NULL, NULL, 0, 0, 0, 0),
(417, 75, '', 1047600, 0, 15000000, 0, 23, 26, 2, NULL, NULL, 0, '6', '10', '10', '5', '4', 0, 0, 20, 20, 20, 0, 0, 'سیم کشی روشنایی و نصب کلید و پریز اتاق کوانتومتر', b'1', b'1', b'1', b'1', b'1', b'0', b'1', '0', 'موارد مربوط به نصب تابلو چنج آور و شبکه داخل آزمایشگاه نیز وارد کردند که استثناعا تایید می‌شود و اینکه نستر شبکه باید زده شود و نتیجه اعلام شود', '0', '0', '0', '', NULL, NULL, NULL, '3', NULL, NULL, 95, 'D', '2025-08-04 09:39:44', '2025-09-02 04:33:37', NULL, NULL, 0, 0, 0, 0),
(418, 144, '', 0, 0, 0, 0, 21, NULL, NULL, NULL, NULL, 0, NULL, NULL, NULL, NULL, NULL, 0, 0, 60, 0, 0, 0, 0, 'تعریف کار به اقای نوروزی', b'0', b'0', b'0', b'0', b'0', b'0', b'0', NULL, NULL, NULL, NULL, NULL, '', NULL, NULL, NULL, '1', NULL, NULL, 10, 'D', '2025-08-04 09:52:10', '2025-08-04 09:52:10', NULL, NULL, 0, 0, 0, 0),
(419, 124, '', 500000, 0, 0, 0, 18, NULL, NULL, NULL, NULL, 0, NULL, NULL, NULL, NULL, NULL, 0, 0, 60, 0, 0, 0, 0, 'مونتاژ تابلو 403/01', b'0', b'1', b'1', b'1', b'0', b'0', b'1', NULL, 'پیمانکار گفته س روز و نیم آیا در هر روز چقدر وقت گذاشته.تابلو طبق خواسته ناظر در مرحله ۸۰ در صدی با ارفاق هست .چون هنوز درب داکت نخورده و سیم کشی مدار فرمان ناقصی کمی دارد .۸۰ در صد لحاظ شود', '0', '0', NULL, '', NULL, NULL, NULL, '3', NULL, NULL, 85, 'D', '2025-08-04 09:57:36', '2025-08-13 20:39:27', NULL, NULL, 0, 0, 0, 0),
(420, 110, '', 1500000, 0, 0, 0, 21, NULL, NULL, NULL, NULL, 0, NULL, NULL, NULL, NULL, NULL, 0, 0, 60, 0, 0, 0, 0, 'بررسی و برآورد پروژه ', b'1', b'1', b'1', b'1', b'1', b'0', b'1', '0', '0', '0', '0', '0', '', NULL, NULL, NULL, '3', NULL, NULL, 95, 'A', '2025-08-04 17:44:32', '2025-08-06 08:05:58', NULL, NULL, 0, 0, 0, 0),
(421, 73, '', 0, 0, 0, 0, 16, NULL, NULL, NULL, NULL, 0, NULL, NULL, NULL, NULL, NULL, 0, 0, 60, 0, 0, 0, 0, 'جابجای دوربین', b'0', b'0', b'0', b'0', b'0', b'0', b'0', NULL, NULL, NULL, NULL, NULL, '', NULL, NULL, NULL, '1', NULL, NULL, 10, 'D', '2025-08-05 16:41:04', '2025-08-10 01:51:57', NULL, NULL, 0, 0, 0, 0),
(422, 117, '', 725000, 0, 0, 0, 27, NULL, NULL, NULL, NULL, 0, NULL, NULL, NULL, NULL, NULL, 0, 0, 60, 0, 0, 0, 0, 'اتصال موتور برق به تابلو', b'1', b'1', b'1', b'1', b'1', b'0', b'1', '0', '0', '0', '0', '0', '', NULL, NULL, NULL, '3', NULL, NULL, 95, 'D', '2025-08-06 05:08:16', '2025-08-07 14:46:29', NULL, NULL, 0, 0, 0, 0),
(423, 83, '', 1874000, 0, 0, 0, 27, NULL, NULL, NULL, NULL, 0, NULL, NULL, NULL, NULL, NULL, 0, 0, 60, 0, 0, 0, 0, 'کابل  کشی و نصب پرژکتور', b'0', b'0', b'0', b'0', b'0', b'0', b'0', NULL, NULL, NULL, NULL, NULL, '', NULL, NULL, NULL, '1', NULL, NULL, 10, 'D', '2025-08-06 09:14:38', '2025-08-07 19:09:54', NULL, NULL, 0, 0, 0, 0),
(424, 75, '', 8845800, 0, 0, 0, 23, NULL, NULL, NULL, NULL, 0, NULL, NULL, NULL, NULL, NULL, 0, 0, 60, 0, 0, 0, 0, 'مونتاژ و نصب و راه اندازی تابلو کولینگ تاور', b'0', b'0', b'0', b'1', b'0', b'0', b'1', NULL, NULL, NULL, '0', NULL, '', NULL, NULL, NULL, '3', NULL, NULL, 75, 'D', '2025-08-07 01:41:29', '2025-08-13 13:33:44', NULL, NULL, 0, 0, 0, 0),
(425, 75, '', 2021500, 0, 0, 0, 23, NULL, NULL, NULL, NULL, 0, NULL, NULL, NULL, NULL, NULL, 0, 0, 60, 0, 0, 0, 0, 'نصب کلید وپریز کنار تابلو کولینگ تاور', b'0', b'0', b'0', b'1', b'0', b'0', b'1', NULL, NULL, NULL, '0', NULL, '', NULL, NULL, NULL, '2', NULL, NULL, 75, 'D', '2025-08-07 01:57:12', '2025-08-12 11:48:54', NULL, NULL, 0, 0, 0, 0),
(426, 75, '', 0, 0, 0, 0, 23, NULL, NULL, NULL, NULL, 0, NULL, NULL, NULL, NULL, NULL, 0, 0, 60, 0, 0, 0, 0, 'قیف خمیر مالی', b'0', b'0', b'0', b'0', b'0', b'0', b'0', NULL, NULL, NULL, NULL, NULL, '', NULL, NULL, NULL, '1', NULL, NULL, 10, 'D', '2025-08-07 03:48:15', '2025-08-07 11:27:19', NULL, NULL, 0, 0, 0, 0),
(427, 140, '', 0, 0, 0, 0, 27, NULL, NULL, NULL, NULL, 0, NULL, NULL, NULL, NULL, NULL, 0, 0, 60, 0, 0, 0, 0, 'راه اندازی سیستم پیجینگ', b'0', b'0', b'0', b'0', b'0', b'0', b'0', NULL, NULL, NULL, NULL, NULL, '', NULL, NULL, NULL, '1', NULL, NULL, 10, 'D', '2025-08-07 05:04:58', '2025-08-07 09:57:45', NULL, NULL, 0, 0, 0, 0),
(428, 139, '', 67238000, 0, 0, 0, 16, NULL, NULL, NULL, NULL, 0, NULL, NULL, NULL, NULL, NULL, 0, 0, 60, 0, 0, 0, 0, 'کابل کشی موتور برق', b'1', b'1', b'1', b'0', b'1', b'0', b'1', '0', 'کابل کشی و سربندی کابل ۵در۶ بدلیل اینکه هدف سه فاز کردن نگهبانی بود اما در نهایت بدلیل کار خودسرانه پیمانکاران و سربندی کردن بصورت تکفاز تا زمان اصلاح آن توسط  پیمانکاران  لحاظ نشود تا بروند و مساله را طبق خواسته ناظر اجرا کنند.بقیه موارد تایید است', '0', NULL, '0', '', NULL, NULL, NULL, '4', NULL, NULL, 100, 'D', '2025-08-07 09:41:39', '2025-09-06 10:22:15', NULL, NULL, 0, 0, 0, 0),
(429, 146, '', 0, 0, 0, 0, 4, NULL, NULL, NULL, NULL, 0, NULL, NULL, NULL, NULL, NULL, 0, 0, 60, 0, 0, 0, 0, '  پیش فاکتور موتور برق ', b'0', b'0', b'0', b'0', b'0', b'0', b'0', NULL, NULL, NULL, NULL, NULL, '', NULL, NULL, NULL, '1', NULL, NULL, 10, 'D', '2025-08-07 09:52:53', '2025-08-07 13:54:54', NULL, NULL, 0, 0, 0, 0),
(431, 125, '', 1796400, 0, 0, 0, 16, NULL, NULL, NULL, NULL, 0, NULL, NULL, NULL, NULL, NULL, 0, 0, 60, 0, 0, 0, 0, 'لوله گذاری و کابل کشی کانکس نگهبانی شهرک', b'0', b'0', b'0', b'0', b'0', b'0', b'0', NULL, NULL, NULL, NULL, NULL, '', NULL, NULL, NULL, '1', NULL, NULL, 10, 'D', '2025-08-07 14:34:50', '2025-08-11 19:29:42', NULL, NULL, 0, 0, 0, 0),
(432, 125, '', 0, 0, 0, 0, 16, NULL, NULL, NULL, NULL, 0, NULL, NULL, NULL, NULL, NULL, 0, 0, 60, 0, 0, 0, 0, 'سیم کشی و لوله گذاری از سقف کاذب کانکس نگهبانی دفتر شهرک', b'0', b'0', b'0', b'0', b'0', b'0', b'0', NULL, NULL, NULL, NULL, NULL, '', NULL, NULL, NULL, '1', NULL, NULL, 10, 'D', '2025-08-07 14:44:07', '2025-08-10 09:01:22', NULL, NULL, 0, 0, 0, 0),
(433, 147, '', 0, 0, 0, 0, 5, NULL, NULL, NULL, NULL, 0, NULL, NULL, NULL, NULL, NULL, 0, 0, 60, 0, 0, 0, 0, 'اجرای منبع 100 لیتری برای سالکی در ایلیا باتری ', b'0', b'0', b'0', b'0', b'0', b'0', b'0', NULL, NULL, NULL, NULL, NULL, '', NULL, NULL, NULL, '1', NULL, NULL, 10, 'D', '2025-08-07 14:54:46', '2025-08-08 01:23:43', NULL, NULL, 0, 0, 0, 0),
(434, 133, '', 0, 0, 0, 0, 14, NULL, NULL, NULL, NULL, 0, NULL, NULL, NULL, NULL, NULL, 0, 0, 60, 0, 0, 0, 0, 'نصب داکت و کابل کشی دوربین برای دپارتمان', b'0', b'0', b'0', b'0', b'0', b'0', b'0', NULL, NULL, NULL, NULL, NULL, '', NULL, NULL, NULL, '1', NULL, NULL, 10, 'D', '2025-08-07 14:57:26', '2025-08-07 16:18:53', NULL, NULL, 0, 0, 0, 0),
(435, 139, '', 74000, 0, 0, 0, 27, NULL, NULL, NULL, NULL, 0, NULL, NULL, NULL, NULL, NULL, 0, 0, 60, 0, 0, 0, 0, 'داکت کشی در پروژه ی اونیک چمران', b'1', b'1', b'1', b'1', b'1', b'0', b'1', '0', 'داکت کشی باقی مانده در اتاق برق در ادامه کار مهدی نوروزی توسط آقای عبدالهی زده و اجرا شده است و تایید است', '0', '0', '0', '', NULL, NULL, NULL, '3', NULL, NULL, 95, 'D', '2025-08-07 15:40:13', '2025-08-13 07:02:34', NULL, NULL, 0, 0, 0, 0),
(436, 149, '', 0, 0, 0, 0, 11, NULL, NULL, NULL, NULL, 0, NULL, NULL, NULL, NULL, NULL, 0, 0, 60, 0, 0, 0, 0, 'نصب محافظ زیر کنتوری و نصب چراغ شارژی', b'0', b'0', b'0', b'0', b'0', b'0', b'0', NULL, NULL, NULL, NULL, NULL, '', NULL, NULL, NULL, '1', NULL, NULL, 10, 'D', '2025-08-08 07:03:46', '2025-08-09 10:23:48', NULL, NULL, 0, 0, 0, 0),
(437, 131, '', 630000, 0, 0, 0, 21, NULL, NULL, NULL, NULL, 0, NULL, NULL, NULL, NULL, NULL, 0, 0, 60, 0, 0, 0, 0, 'رفع خرابی دستگاه کاپ ', b'1', b'1', b'1', b'1', b'1', b'0', b'1', '0', '0', '0', '0', '0', '', NULL, NULL, NULL, '3', NULL, NULL, 95, 'A', '2025-08-09 04:57:00', '2025-08-11 09:25:07', NULL, NULL, 0, 0, 0, 0),
(438, 150, '', 343500, 0, 0, 0, 27, NULL, NULL, NULL, NULL, 0, NULL, NULL, NULL, NULL, NULL, 0, 0, 60, 0, 0, 0, 0, 'تغییر فیوز جگرکی به 50 آمپر ', b'1', b'1', b'1', b'1', b'1', b'0', b'1', '0', '0', '0', '0', '0', '', NULL, NULL, NULL, '3', NULL, NULL, 95, 'D', '2025-08-09 05:25:53', '2025-08-10 11:42:03', NULL, NULL, 0, 0, 0, 0),
(439, 75, '', 0, 0, 0, 0, 4, NULL, NULL, NULL, NULL, 0, NULL, NULL, NULL, NULL, NULL, 0, 0, 60, 0, 0, 0, 0, 'پیش فاکتور سلول چنج اور 800 آمپربرای ایلیا', b'0', b'0', b'0', b'0', b'0', b'0', b'0', NULL, NULL, NULL, NULL, NULL, '', NULL, NULL, NULL, '1', NULL, NULL, 10, 'D', '2025-08-09 05:28:17', '2025-08-09 06:39:25', NULL, NULL, 0, 0, 0, 0),
(440, 140, '', 0, 0, 0, 0, 4, NULL, NULL, NULL, NULL, 0, NULL, NULL, NULL, NULL, NULL, 0, 0, 60, 0, 0, 0, 0, 'پیش فاکتور در مورد سیستم پیجینگ', b'0', b'0', b'0', b'0', b'0', b'0', b'0', NULL, NULL, NULL, NULL, NULL, '', NULL, NULL, NULL, '1', NULL, NULL, 10, 'D', '2025-08-09 05:30:59', '2025-08-09 06:27:18', NULL, NULL, 0, 0, 0, 0),
(441, 83, '', 0, 0, 0, 0, 4, NULL, NULL, NULL, NULL, 0, NULL, NULL, NULL, NULL, NULL, 0, 0, 60, 0, 0, 0, 0, 'پیش فاکتور درب ریلی و پیش فاکتور پنل خورشیدی پرژکتور برای علی عرب ارائه گردد ', b'0', b'0', b'0', b'0', b'0', b'0', b'0', NULL, NULL, NULL, NULL, NULL, '', NULL, NULL, NULL, '1', NULL, NULL, 10, 'D', '2025-08-09 05:37:51', '2025-08-09 06:42:51', NULL, NULL, 0, 0, 0, 0),
(443, 151, '', 0, 0, 0, 0, 11, NULL, NULL, NULL, NULL, 0, NULL, NULL, NULL, NULL, NULL, 0, 0, 60, 0, 0, 0, 0, 'سوکت زنی شبکه ', b'0', b'0', b'0', b'0', b'0', b'0', b'0', NULL, NULL, NULL, NULL, NULL, '', NULL, NULL, NULL, '1', NULL, NULL, 10, 'D', '2025-08-09 07:36:44', '2025-08-09 15:39:04', NULL, NULL, 0, 0, 0, 0),
(451, 131, '', 9214700, 0, 0, 0, 18, 26, NULL, NULL, NULL, 0, NULL, NULL, NULL, NULL, NULL, 0, 0, 30, 30, 0, 0, 0, 'نصب 5 عدد تابلو', b'0', b'1', b'1', b'0', b'0', b'0', b'1', NULL, 'ازسمت تابلو توزیع به نظر کابل ۴در۲۵ کوتاه در نظر گرفته شده .موقع سربندی اگر کوتاه باشد باید اصلاح شود.بقیه موارد تایید است', '0', NULL, NULL, '', NULL, NULL, NULL, '3', NULL, NULL, 80, 'D', '2025-08-10 06:15:01', '2025-08-13 20:40:11', NULL, NULL, 0, 0, 0, 0),
(471, 107, '', 21241600, 1, 660000, 0, 2, NULL, NULL, NULL, NULL, 0, NULL, NULL, NULL, NULL, NULL, 0, 0, 60, 0, 0, 0, 0, 'این تست هست تست تست ', b'1', b'1', b'1', b'1', b'1', b'0', b'1', NULL, NULL, NULL, NULL, '2222', NULL, NULL, NULL, NULL, '4', NULL, NULL, 100, 'D', '2025-09-14 05:25:43', '2025-09-18 15:25:21', NULL, NULL, 0, 0, 10000, 16600),
(445, 153, '', 1000000, 0, 0, 0, 21, 4, NULL, NULL, NULL, 0, NULL, NULL, NULL, NULL, NULL, 0, 0, 30, 30, 0, 0, 0, 'بازدید بابت اجرای کار چنج اور ژنراتور و ثبت پیش فاکتور بعد از بازدید توسط مهندس شاهین انجام گردد', b'1', b'1', b'1', b'1', b'1', b'0', b'1', '0', '0', '0', '0', '0', '', NULL, NULL, NULL, '3', NULL, NULL, 95, 'D', '2025-08-09 10:12:04', '2025-08-10 11:43:48', NULL, NULL, 0, 0, 0, 0),
(446, 133, '', 0, 0, 0, 0, 13, NULL, NULL, NULL, NULL, 0, NULL, NULL, NULL, NULL, NULL, 0, 0, 60, 0, 0, 0, 0, 'ساخت چهار چوب در برای دپارتمان و جوشکاری چهارپایه  ها', b'0', b'0', b'0', b'0', b'0', b'0', b'0', NULL, NULL, NULL, NULL, NULL, '', NULL, NULL, NULL, '1', NULL, NULL, 10, 'D', '2025-08-09 10:26:14', '2025-08-09 10:28:13', NULL, NULL, 0, 0, 0, 0),
(449, 153, '', 0, 0, 0, 0, 27, NULL, NULL, NULL, NULL, 0, NULL, NULL, NULL, NULL, NULL, 0, 0, 60, 0, 0, 0, 0, 'نصب تابلو چنج آور برای چمران 6', b'0', b'0', b'0', b'0', b'0', b'0', b'0', NULL, NULL, NULL, NULL, NULL, '', NULL, NULL, NULL, '1', NULL, NULL, 10, 'D', '2025-08-10 01:59:49', '2025-08-12 09:44:40', NULL, NULL, 0, 0, 0, 0),
(450, 139, '', 342000, 0, 0, 0, 16, 27, NULL, NULL, NULL, 0, NULL, NULL, NULL, NULL, NULL, 0, 0, 30, 30, 0, 0, 0, 'نصب براکت و پریز کرکره', b'0', b'1', b'1', b'0', b'0', b'0', b'1', NULL, '0', '0', NULL, NULL, '', NULL, NULL, NULL, '2', NULL, NULL, 80, 'D', '2025-08-10 04:20:02', '2025-08-14 03:36:18', NULL, NULL, 0, 0, 0, 0),
(452, 133, '', 1382000, 1, 30800000, 0, 18, NULL, NULL, NULL, NULL, 0, NULL, NULL, NULL, NULL, NULL, 0, 0, 60, 0, 0, 0, 0, 'کابل کشی کولرگازی', b'1', b'1', b'1', b'1', b'1', b'0', b'1', '0', 'آیتم ۳ لحاظ نمی‌شود.', '0', NULL, '0', '', NULL, NULL, NULL, '3', NULL, NULL, 90, 'D', '2025-08-10 08:19:54', '2025-09-13 08:01:02', NULL, NULL, 0, 0, 0, 0),
(453, 154, '', 1000000, 0, 0, 0, 21, NULL, NULL, NULL, NULL, 0, NULL, NULL, NULL, NULL, NULL, 0, 0, 60, 0, 0, 0, 0, 'بازدید موتوربرق', b'0', b'1', b'1', b'1', b'0', b'0', b'1', NULL, '0', '0', '0', NULL, '', NULL, NULL, NULL, '3', NULL, NULL, 85, 'D', '2025-08-11 09:31:29', '2025-08-12 11:51:25', NULL, NULL, 0, 0, 0, 0),
(454, 75, '', 353000, 0, 0, 0, 23, NULL, NULL, NULL, NULL, 0, NULL, NULL, NULL, NULL, NULL, 0, 0, 60, 0, 0, 0, 0, 'سیم کشی و نصب گریز آزمایشگاه', b'0', b'1', b'0', b'1', b'0', b'0', b'1', NULL, 'آیتم ۴ در قالب نصب لحاظ می‌شود. پس آیتم ۴ جداگانه لحاظ نشود و حذف شود', NULL, '0', NULL, '', NULL, NULL, NULL, '3', NULL, NULL, 80, 'D', '2025-08-11 12:51:15', '2025-08-12 15:27:18', NULL, NULL, 0, 0, 0, 0),
(455, 75, '', 2174000, 0, 0, 0, 23, NULL, NULL, NULL, NULL, 0, NULL, NULL, NULL, NULL, NULL, 0, 0, 60, 0, 0, 0, 0, 'پریز و کابل کشی تابلو میکسر', b'0', b'1', b'1', b'1', b'0', b'0', b'1', NULL, '0', '0', '0', NULL, '', NULL, NULL, NULL, '3', NULL, NULL, 85, 'D', '2025-08-11 12:53:43', '2025-08-12 11:49:45', NULL, NULL, 0, 0, 0, 0),
(457, 73, '', 0, 0, 0, 0, 26, NULL, NULL, NULL, NULL, 0, NULL, NULL, NULL, NULL, NULL, 0, 0, 60, 0, 0, 0, 0, 'نلترردت', b'0', b'0', b'0', b'0', b'0', b'0', b'0', NULL, NULL, NULL, NULL, NULL, NULL, NULL, NULL, NULL, '1', NULL, NULL, 10, 'D', '2025-08-12 05:17:17', '2025-08-12 06:29:32', NULL, NULL, 0, 0, 0, 0),
(458, 72, '', 45000000, 0, 0, 0, 11, NULL, NULL, NULL, NULL, 0, NULL, NULL, NULL, NULL, NULL, 0, 0, 60, 0, 0, 0, 0, 'PM', b'0', b'0', b'0', b'0', b'0', b'0', b'1', NULL, NULL, NULL, NULL, NULL, NULL, NULL, NULL, NULL, '2', NULL, NULL, 70, 'D', '2025-08-12 14:47:24', '2025-08-12 17:20:00', NULL, NULL, 0, 0, 0, 0),
(459, 133, '', 3034500, 0, 0, 0, 11, NULL, NULL, NULL, NULL, 0, NULL, NULL, NULL, NULL, NULL, 0, 0, 60, 0, 0, 0, 0, 'اصلاح تابلو برق دپارتمان', b'0', b'0', b'0', b'0', b'0', b'0', b'0', NULL, NULL, NULL, NULL, NULL, NULL, NULL, NULL, NULL, '1', NULL, NULL, 10, 'D', '2025-08-12 14:49:17', '2025-08-13 12:53:18', NULL, NULL, 0, 0, 0, 0),
(460, 133, '', 1500000, 0, 0, 0, 16, NULL, NULL, NULL, NULL, 0, NULL, NULL, NULL, NULL, NULL, 0, 0, 60, 0, 0, 0, 0, 'فرز کاری', b'0', b'0', b'0', b'0', b'0', b'0', b'1', NULL, NULL, NULL, NULL, NULL, NULL, NULL, NULL, NULL, '1', NULL, NULL, 70, 'D', '2025-08-12 16:13:08', '2025-08-14 03:32:25', NULL, NULL, 0, 0, 0, 0),
(461, 124, '', 0, 0, 0, 0, 29, NULL, NULL, NULL, NULL, 0, NULL, NULL, NULL, NULL, NULL, 0, 0, 60, 0, 0, 0, 0, 'اصلاح تابلوی ایمن صنعت و راه اندازی اولیه آن', b'0', b'0', b'0', b'0', b'0', b'0', b'0', NULL, NULL, NULL, NULL, NULL, NULL, NULL, NULL, NULL, '1', NULL, NULL, 10, 'D', '2025-08-13 15:05:50', '2025-08-13 15:05:50', NULL, NULL, 0, 0, 0, 0),
(462, 75, '', 1651500, 0, 0, 0, 13, 2, NULL, NULL, NULL, 0, NULL, NULL, NULL, NULL, NULL, 0, 0, 30, 30, 0, 0, 0, 'تست این برای تست است لطفا کاری بهش نداشته باشید ', b'0', b'0', b'0', b'0', b'0', b'0', b'0', NULL, NULL, NULL, NULL, NULL, NULL, NULL, NULL, NULL, '1', NULL, NULL, 10, 'D', '2025-08-24 16:11:56', '2025-08-25 04:57:45', NULL, NULL, 0, 0, 0, 0),
(463, 86, '', 0, 0, 0, 0, 13, NULL, NULL, NULL, NULL, 0, NULL, NULL, NULL, NULL, NULL, 0, 0, 60, 0, 0, 0, 0, 'تست فکر نکنم کار کند ', b'0', b'0', b'0', b'0', b'0', b'0', b'0', NULL, NULL, NULL, NULL, NULL, NULL, NULL, NULL, NULL, '1', NULL, NULL, 10, 'D', '2025-08-24 19:36:51', '2025-08-24 19:36:51', NULL, NULL, 0, 0, 0, 0),
(464, 75, '', 0, 0, 0, 0, 2, NULL, NULL, NULL, NULL, 0, NULL, NULL, NULL, NULL, NULL, 0, 0, 60, 0, 0, 0, 0, 'تست این برای تست هست فقط و فقط ', b'0', b'0', b'0', b'0', b'0', b'0', b'0', NULL, NULL, NULL, NULL, NULL, NULL, NULL, NULL, NULL, '1', NULL, NULL, 10, 'D', '2025-08-24 19:41:29', '2025-08-24 19:41:29', NULL, NULL, 0, 0, 0, 0),
(465, 75, '', 0, 0, 0, 0, 2, NULL, NULL, NULL, NULL, 0, NULL, NULL, NULL, NULL, NULL, 0, 0, 60, 0, 0, 0, 0, 'تستیبتسیتبستتس', b'0', b'0', b'0', b'0', b'0', b'0', b'0', NULL, NULL, NULL, NULL, NULL, NULL, NULL, NULL, NULL, '1', NULL, NULL, 10, 'D', '2025-08-24 20:52:15', '2025-08-24 20:52:15', NULL, NULL, 0, 0, 0, 0),
(466, 107, '', 1725000, 0, 907500, 0, 2, NULL, NULL, NULL, NULL, 0, '8', '21', '21', NULL, NULL, 0, 0, 60, 0, 0, 0, 0, 'تست این برای تست است امید وارم کار کند ', b'1', b'1', b'1', b'1', b'1', b'0', b'1', 'تست ارشد', 'تست فنی', 'تست کیفی', 'تست', 'تست حسابدار', NULL, NULL, NULL, NULL, '2', NULL, NULL, 95, 'D', '2025-08-25 09:34:23', '2025-08-30 11:11:28', NULL, NULL, 0, 0, 0, 0),
(468, 107, '', 35739480, 1, 0, 0, 2, 16, NULL, NULL, NULL, 0, '6', '10', '10', NULL, '4', 0, 0, 30, 30, 0, 0, 0, 'تستی', b'1', b'1', b'1', b'1', b'1', b'0', b'1', '0', '0', '0', '0', '1', NULL, NULL, NULL, NULL, '3', NULL, NULL, 95, 'D', '2025-09-02 19:55:04', '2025-09-13 12:19:16', NULL, NULL, 0, 0, 0, 0),
(469, 107, '', 0, 0, 0, 0, 2, NULL, NULL, NULL, NULL, 0, '6', '10', '10', NULL, '4', 0, 0, 60, 0, 0, 0, 0, 'زود پاکش می کنم', b'0', b'0', b'0', b'0', b'0', b'0', b'0', NULL, NULL, NULL, NULL, NULL, NULL, NULL, NULL, NULL, '1', NULL, NULL, 10, 'D', '2025-09-03 06:23:29', '2025-09-04 05:04:49', NULL, NULL, 0, 0, 0, 0),
(470, 0, '', 0, 0, 0, 0, 0, NULL, NULL, NULL, NULL, 0, NULL, NULL, NULL, NULL, NULL, 0, 0, 60, 0, 0, 0, 0, '', b'0', b'0', b'0', b'0', b'0', b'0', b'0', NULL, NULL, NULL, NULL, NULL, NULL, NULL, NULL, NULL, '1', NULL, NULL, 0, 'D', '2025-09-10 04:15:43', '2025-09-10 04:15:43', NULL, NULL, 0, 0, 0, 0);

-- --------------------------------------------------------

--
-- Table structure for table `project_expenses`
--

CREATE TABLE `project_expenses` (
  `id` int(11) NOT NULL,
  `project_id` int(11) DEFAULT NULL,
  `expense_description` text DEFAULT NULL,
  `amount` decimal(10,2) NOT NULL,
  `expense_date` date NOT NULL,
  `category` enum('مواد','حمل و نقل','تجهیزات','نیروی کار','سایر') DEFAULT 'سایر',
  `created_at` timestamp NOT NULL DEFAULT current_timestamp(),
  `updated_at` timestamp NOT NULL DEFAULT current_timestamp() ON UPDATE current_timestamp()
) ENGINE=MyISAM DEFAULT CHARSET=utf8mb4 COLLATE=utf8mb4_persian_ci;

-- --------------------------------------------------------

--
-- Table structure for table `purchase_invoices`
--

CREATE TABLE `purchase_invoices` (
  `id` int(11) NOT NULL,
  `userName` varchar(255) NOT NULL,
  `supplier_name` varchar(255) NOT NULL,
  `total_amount` decimal(10,0) NOT NULL,
  `created_at` timestamp NOT NULL DEFAULT current_timestamp(),
  `invoice_id` int(11) NOT NULL,
  `due_date` varchar(10) NOT NULL,
  `description` text DEFAULT NULL
) ENGINE=InnoDB DEFAULT CHARSET=utf8mb4 COLLATE=utf8mb4_general_ci;

--
-- Dumping data for table `purchase_invoices`
--

INSERT INTO `purchase_invoices` (`id`, `userName`, `supplier_name`, `total_amount`, `created_at`, `invoice_id`, `due_date`, `description`) VALUES
(34, 'سید مهدی', 'بهشتی', 900000, '2025-07-20 02:17:06', 0, '', NULL),
(35, 'مهندس شاهین', 'متفرقه', 2000000, '2025-07-23 02:05:03', 0, '', NULL),
(41, 'کاربر تست', 'تأمین‌کننده تست', 10010, '2025-07-23 20:30:00', 0, '', 'توضیحات تست'),
(42, 'آقای رحیمی', 'متفرقه', 23700000, '2025-07-26 05:05:05', 0, '', NULL),
(43, 'آقای رحیمی', 'متفرقه', 26800000, '2025-07-26 05:50:13', 0, '', NULL),
(44, 'آقای رحیمی', 'متفرقه', 4800000, '2025-07-26 05:54:42', 0, '', NULL),
(45, 'آقای رحیمی', 'متفرقه', 278000, '2025-07-26 06:24:46', 0, '', NULL),
(46, 'آقای رحیمی', 'متفرقه', 29978000, '2025-07-26 07:15:11', 0, '', NULL),
(47, 'آقای رحیمی', 'متفرقه', 7636000, '2025-07-26 07:39:40', 0, '', NULL),
(48, 'آقای رحیمی', 'متفرقه', 10000000, '2025-07-26 07:41:07', 0, '', NULL),
(49, 'آقای رحیمی', 'متفرقه', 21000000, '2025-07-26 07:45:03', 0, '', NULL),
(50, 'آقای رحیمی', 'متفرقه', 27700000, '2025-07-26 07:46:29', 0, '', NULL),
(51, 'آقای رحیمی', 'متفرقه', 23505000, '2025-07-26 07:52:15', 0, '', NULL),
(52, 'آقای رحیمی', 'متفرقه', 1800000, '2025-07-26 08:05:48', 0, '', NULL),
(53, 'آقای رحیمی', 'متفرقه', 17700000, '2025-07-26 08:10:12', 0, '', NULL),
(54, 'آقای رحیمی', 'متفرقه', 9500000, '2025-07-26 08:14:23', 0, '', NULL),
(55, 'آقای رحیمی', 'بنی جمالی', 139208000, '2025-07-26 08:18:00', 0, '', NULL),
(56, 'آقای رحیمی', 'بنی جمالی', 546480000, '2025-07-26 08:31:28', 0, '', NULL),
(57, 'آقای رحیمی', 'متفرقه', 307840000, '2025-07-26 09:23:07', 0, '', NULL),
(58, 'آقای رحیمی', 'متفرقه', 160000000, '2025-07-26 09:24:56', 0, '', NULL),
(59, 'آقای رحیمی', 'متفرقه', 38250000, '2025-07-26 09:30:24', 0, '', NULL),
(60, 'آقای رحیمی', 'ابزار مهدی', 2100000, '2025-07-26 09:50:07', 0, '', NULL),
(61, 'آقای رحیمی', 'متفرقه', 6000000, '2025-07-26 12:01:03', 0, '', NULL),
(62, 'آقای رحیمی', 'متفرقه', 197000000, '2025-07-26 12:03:09', 0, '', NULL),
(63, 'آقای رحیمی', 'فرهاد شررخواه', 760000, '2025-07-26 12:04:23', 0, '', NULL),
(64, 'آقای رحیمی', 'فرهاد شررخواه', 25120000, '2025-07-26 12:11:13', 0, '', NULL),
(65, 'آقای رحیمی', 'فرهاد شررخواه', 12210000, '2025-07-26 12:15:18', 0, '', NULL),
(66, 'آقای رحیمی', 'فرهاد شررخواه', 10637, '2025-07-26 12:17:28', 0, '', NULL),
(67, 'آقای رحیمی', 'فرهاد شررخواه', 16900000, '2025-07-26 12:24:43', 0, '', NULL);

-- --------------------------------------------------------

--
-- Table structure for table `purchase_invoice_items`
--

CREATE TABLE `purchase_invoice_items` (
  `id` int(11) NOT NULL,
  `invoice_id` int(11) NOT NULL,
  `product_id` int(11) DEFAULT NULL,
  `product_name` varchar(255) NOT NULL,
  `product_brand` varchar(255) NOT NULL,
  `quantity` int(11) NOT NULL,
  `purchase_price` decimal(10,0) NOT NULL,
  `sale_price` decimal(10,0) NOT NULL,
  `total_price` decimal(10,0) NOT NULL
) ENGINE=InnoDB DEFAULT CHARSET=utf8mb4 COLLATE=utf8mb4_general_ci;

--
-- Dumping data for table `purchase_invoice_items`
--

INSERT INTO `purchase_invoice_items` (`id`, `invoice_id`, `product_id`, `product_name`, `product_brand`, `quantity`, `purchase_price`, `sale_price`, `total_price`) VALUES
(35, 34, NULL, 'آآآ', 'آ', 5, 30000, 33000, 165000),
(36, 35, NULL, 'آآآ', 'آ', 10, 20000, 22000, 200000),
(37, 42, 585, 'دوشاخه معمولی', 'نری', 20, 23000, 25300, 460000),
(38, 42, 724, 'فن اکسیال', '', 3, 295000, 324500, 885000),
(39, 42, 693, 'شاستی 0و1و2', '', 5, 95000, 104500, 475000),
(40, 42, 697, 'شاسی دوبل کلیددار و بدون کلید', '', 5, 110000, 121000, 550000),
(41, 43, 550, 'چسب برق', 'مشکی', 40, 16000, 17600, 640000),
(42, 43, 553, 'چسب برق', 'سفید', 10, 16000, 17600, 160000),
(43, 43, 552, 'چسب برق', 'سبز', 10, 16000, 17600, 160000),
(44, 43, 551, 'چسب برق', 'زرد', 10, 16000, 17600, 160000),
(45, 43, 434, 'پریز', 'بارانی', 30, 52000, 57200, 1560000),
(46, 44, 1068, 'چسب برق آبی', 'متفرقه', 20, 16000, 17600, 320000),
(47, 44, 1069, 'چسب برق قرمز', 'متفرقه', 10, 16000, 17600, 160000),
(48, 45, 1070, 'سیم ارت 25', '1', 1, 228000, 250800, 228000),
(49, 45, 1071, 'بست کرپی', '1', 1, 50000, 55000, 50000),
(50, 46, 766, 'قفل', 'پروانه ای تابلویی', 10, 1906500, 2097150, 19065000),
(51, 46, 970, 'مقره', 'چکمه ای مشکی', 40, 32000, 35200, 1280000),
(52, 46, 702, 'شینه', 'نول 6 پیچ', 6, 912000, 1003200, 5472000),
(53, 46, 1072, 'شینه ارت', '6 پیچ', 1, 1311000, 1442100, 1311000),
(54, 46, 421, 'پایه ریل', 'زاویه دار', 30, 95000, 104500, 2850000),
(55, 47, 702, 'شینه', 'نول 6 پیچ', 5, 912000, 1003200, 4560000),
(56, 47, 1073, 'شینه نول ', '12 پیچ ', 1, 1341000, 1475100, 1341000),
(57, 47, 1074, 'شینه نول ', '18 پیچ', 1, 1735000, 1908500, 1735000),
(58, 48, 1075, 'کشو', 'کریستالی', 2, 5000000, 5500000, 10000000),
(59, 49, 1076, 'شیلنگ نورانی', 'جعبه مشکي ', 2, 10500000, 11550000, 21000000),
(60, 50, 398, 'بست', 'انتهایی', 100, 109000, 119900, 10900000),
(61, 50, 599, 'ریل مینیاتوری', '', 20, 840000, 924000, 16800000),
(62, 51, 1077, 'ترمینال rtp ارت', 'سایز 6 ', 5, 901000, 991100, 4505000),
(63, 51, 521, 'ترمینال', 'rtp4', 100, 190000, 209000, 19000000),
(64, 52, 1078, 'نوار فرم ', 'سایز 8 شفاف ', 50, 36000, 39600, 1800000),
(65, 53, 1079, 'چراغ سیگنال ', '220 ولت رنگی شیلیران', 30, 590000, 649000, 17700000),
(66, 54, 1080, 'چرخ ', 'میز', 10, 750000, 825000, 7500000),
(67, 54, 1081, 'جاکابلی', 'پلاستیکی مشکی ', 20, 100000, 110000, 2000000),
(68, 55, 915, 'کلید اتوماتیک', '100آمپرهیوندا', 2, 43760000, 48136000, 87520000),
(69, 55, 736, 'فیوز تک فاز هیوندا', '20', 12, 2104000, 2314400, 25248000),
(70, 55, 746, 'فیوز سه فاز هیوندا', '10', 4, 6610000, 7271000, 26440000),
(71, 56, 813, 'کنتاکتور', '32 آمپر هیوندا', 10, 20550000, 22605000, 205500000),
(72, 56, 1082, 'پراب', 'متفرقه', 1, 9500000, 10450000, 9500000),
(73, 56, 1083, 'کمکی کلید حرارتی', 'هیوندا', 10, 3300000, 3630000, 33000000),
(74, 56, 1084, 'کلید حرارتی ', '24-32 آمپر', 2, 17330000, 19063000, 34660000),
(75, 56, 1085, 'کلید حرارتی ', '4-6 آمپر', 3, 17330000, 19063000, 51990000),
(76, 56, 830, 'کلید اتوماتیک', '160 آمپر هیوندا', 3, 70610000, 77671000, 211830000),
(77, 57, 1086, 'چراغ سیگنال ', 'Rst شیوا امواج ', 5, 2990000, 3289000, 14950000),
(78, 57, 1087, 'مجموعه 96 B  ', 'شیوا امواج', 2, 23150000, 25465000, 46300000),
(79, 57, 1088, 'ترموستات تابلویی ', 'فن آبی شیوا امواج ', 5, 4180000, 4598000, 20900000),
(80, 57, 1094, 'کنترل بار دیجیتال 15 آمپر', 'شیوا امواج', 5, 15040000, 16544000, 75200000),
(81, 57, 1090, 'ترانس جریان ct', 'کلاس 3 هریس', 9, 3950000, 4345000, 35550000),
(82, 57, 1091, 'محافظ ولتاژ دیجیتال 60 آمپر ', 'شیوا امواج ', 5, 11500000, 12650000, 57500000),
(83, 57, 1092, 'آژیر 220 ولت', 'بزرگ آژیران', 2, 10000000, 11000000, 20000000),
(84, 57, 1093, 'کنترل فاز نول دار m1_ 13 ', 'شیوا امواج ', 3, 12480000, 13728000, 37440000),
(85, 58, 967, 'محافظ برق', 'زیرکنتوری ویام', 20, 8000000, 8800000, 160000000),
(86, 59, 1095, 'سیم کره', 'سایز 16 ', 15, 1750000, 1925000, 26250000),
(87, 59, 1096, 'سیم کره', 'سایز 25', 5, 2400000, 2640000, 12000000),
(88, 60, 1097, 'قفل برنجی', '50', 1, 2100000, 2310000, 2100000),
(89, 61, 388, 'اسپری کنتاکتورشور', 'protect', 10, 600000, 660000, 6000000),
(90, 62, 1098, 'الکترو پمپ چدنی سه فاز ابارا', 'Cmc300 t-l', 1, 197000000, 216700000, 197000000),
(91, 63, 527, 'تقسیم برق', '', 40, 19000, 20900, 760000),
(92, 64, 1099, 'سیم 10', 'افشان', 20, 1050000, 1155000, 21000000),
(93, 64, 1100, 'وارنیش حرارتی ', 'سایز 18 قرمز', 10, 412000, 453200, 4120000),
(94, 65, 1101, 'محافظ برق یخچال', '2 خانه 3 متری پارت', 2, 6105000, 6715500, 12210000),
(95, 66, 1102, 'تابلو برق فلزی', '40*30', 1, 10637, 11701, 10637),
(96, 67, 1103, 'لوله پولیکا برق', 'سایز 2', 120, 120000, 132000, 14400000),
(97, 67, 1104, 'زانو برق ', 'سایز 2', 50, 50000, 55000, 2500000);

-- --------------------------------------------------------

--
-- Table structure for table `roles`
--

CREATE TABLE `roles` (
  `id` int(11) NOT NULL,
  `title` varchar(50) NOT NULL
) ENGINE=InnoDB DEFAULT CHARSET=utf8mb4 COLLATE=utf8mb4_persian_ci;

--
-- Dumping data for table `roles`
--

INSERT INTO `roles` (`id`, `title`) VALUES
(1, 'مدیر'),
(2, 'ناظر ارشد'),
(3, 'ناظر فنی'),
(4, 'ناظر کیفی'),
(5, 'حسابدار'),
(6, 'انباردار'),
(7, 'پیمانکار'),
(8, 'منشی');

-- --------------------------------------------------------

--
-- Table structure for table `sales_return_invoices`
--

CREATE TABLE `sales_return_invoices` (
  `id` int(11) NOT NULL,
  `invoice_date` varchar(10) NOT NULL,
  `due_date` varchar(10) NOT NULL,
  `customer_name` varchar(255) NOT NULL,
  `description` text DEFAULT NULL
) ENGINE=InnoDB DEFAULT CHARSET=utf8mb4 COLLATE=utf8mb4_persian_ci;

-- --------------------------------------------------------

--
-- Table structure for table `sales_return_invoice_items`
--

CREATE TABLE `sales_return_invoice_items` (
  `id` int(11) NOT NULL,
  `invoice_id` int(11) NOT NULL,
  `barcode` varchar(50) DEFAULT NULL,
  `item_code` varchar(50) DEFAULT NULL,
  `item_name` varchar(255) NOT NULL,
  `unit` varchar(50) DEFAULT NULL,
  `quantity` int(11) NOT NULL,
  `unit_price` decimal(10,2) NOT NULL,
  `total` decimal(10,2) NOT NULL
) ENGINE=InnoDB DEFAULT CHARSET=utf8mb4 COLLATE=utf8mb4_persian_ci;

-- --------------------------------------------------------

--
-- Table structure for table `sale_invoices`
--

CREATE TABLE `sale_invoices` (
  `id` int(11) NOT NULL,
  `invoice_date` varchar(10) NOT NULL,
  `due_date` varchar(10) NOT NULL,
  `customer_name` varchar(255) NOT NULL,
  `description` text DEFAULT NULL,
  `is_factor` tinyint(1) DEFAULT 1
) ENGINE=InnoDB DEFAULT CHARSET=utf8mb4 COLLATE=utf8mb4_general_ci;

-- --------------------------------------------------------

--
-- Table structure for table `sale_invoice_items`
--

CREATE TABLE `sale_invoice_items` (
  `id` int(11) NOT NULL,
  `invoice_id` int(11) DEFAULT NULL,
  `barcode` varchar(50) DEFAULT NULL,
  `item_code` varchar(50) DEFAULT NULL,
  `item_name` varchar(255) NOT NULL,
  `unit` varchar(50) DEFAULT NULL,
  `quantity` int(11) NOT NULL,
  `unit_price` decimal(10,0) NOT NULL,
  `total` decimal(10,0) NOT NULL,
  `product_id` int(11) DEFAULT NULL
) ENGINE=InnoDB DEFAULT CHARSET=utf8mb4 COLLATE=utf8mb4_general_ci;

--
-- Dumping data for table `sale_invoice_items`
--

INSERT INTO `sale_invoice_items` (`id`, `invoice_id`, `barcode`, `item_code`, `item_name`, `unit`, `quantity`, `unit_price`, `total`, `product_id`) VALUES
(1, NULL, NULL, NULL, 'تایمر', 'عدد', 10, 20000, 200000, NULL);

-- --------------------------------------------------------

--
-- Table structure for table `service_requests`
--

CREATE TABLE `service_requests` (
  `id` int(11) NOT NULL,
  `project_id` int(11) DEFAULT NULL,
  `client_id` int(11) DEFAULT NULL,
  `description` text DEFAULT NULL,
  `request_date` date NOT NULL,
  `status` enum('باز','در حال انجام','بسته شده') DEFAULT 'باز',
  `assigned_to` int(11) DEFAULT NULL,
  `created_at` timestamp NOT NULL DEFAULT current_timestamp(),
  `updated_at` timestamp NOT NULL DEFAULT current_timestamp() ON UPDATE current_timestamp()
) ENGINE=MyISAM DEFAULT CHARSET=utf8mb4 COLLATE=utf8mb4_persian_ci;

-- --------------------------------------------------------

--
-- Table structure for table `staff`
--

CREATE TABLE `staff` (
  `id` int(11) NOT NULL,
  `name` varchar(50) CHARACTER SET utf8mb4 COLLATE utf8mb4_persian_ci NOT NULL,
  `phone` varchar(15) CHARACTER SET utf8mb4 COLLATE utf8mb4_persian_ci DEFAULT NULL,
  `address` varchar(255) CHARACTER SET utf8mb4 COLLATE utf8mb4_persian_ci NOT NULL,
  `role` enum('مدیر','ناظر فنی','ناظر ارشد','انبار دار','حسابدار','ناظر کیفی') CHARACTER SET utf8mb4 COLLATE utf8mb4_persian_ci DEFAULT NULL,
  `salary` decimal(10,2) DEFAULT NULL,
  `department` varchar(100) CHARACTER SET utf8mb4 COLLATE utf8mb4_persian_ci DEFAULT NULL,
  `project_id` int(11) DEFAULT NULL,
  `created_at` timestamp NOT NULL DEFAULT current_timestamp(),
  `updated_at` timestamp NOT NULL DEFAULT current_timestamp() ON UPDATE current_timestamp()
) ENGINE=MyISAM DEFAULT CHARSET=latin1 COLLATE=latin1_swedish_ci;

--
-- Dumping data for table `staff`
--

INSERT INTO `staff` (`id`, `name`, `phone`, `address`, `role`, `salary`, `department`, `project_id`, `created_at`, `updated_at`) VALUES
(1, 'مهندس کاکنج', '09192096926', 'پردیسان', 'مدیر', NULL, NULL, 1, '2024-11-20 05:04:43', '2024-12-10 23:03:13'),
(14, 'کاکنج', '۰۹۱۹۲۰۹۶', 'پردیسان', 'ناظر فنی', NULL, NULL, 4, '2024-12-10 23:07:03', '2024-12-17 02:04:41'),
(3, 'شاهین', '', 'قدوسی', 'حسابدار', NULL, NULL, 2, '2024-11-20 05:56:54', '2024-12-06 00:36:39'),
(15, 'سید مهدی', '09921917694', 'قنوات', 'انبار دار', NULL, NULL, 5, '2024-12-10 23:07:30', '2024-12-10 23:07:30'),
(17, 'مهندس.', 'کاکنج .', 'پردیسان', 'ناظر کیفی', NULL, NULL, 6, '2024-12-18 21:02:16', '2024-12-18 21:02:16'),
(18, 'کارگنج', '۶۵۵۶۷', 'پردیسان\r\n', 'ناظر فنی', NULL, NULL, 7, '2024-12-20 08:35:48', '2024-12-20 08:35:48'),
(20, 'مهندس شاهین', '09090909', 'قم', '', NULL, NULL, 8, '2025-02-12 01:10:07', '2025-03-22 16:08:21');

-- --------------------------------------------------------

--
-- Table structure for table `suppliers`
--

CREATE TABLE `suppliers` (
  `id` int(11) NOT NULL,
  `name` varchar(100) DEFAULT NULL,
  `phone` varchar(15) DEFAULT NULL,
  `address` text DEFAULT NULL
) ENGINE=InnoDB DEFAULT CHARSET=utf8mb4 COLLATE=utf8mb4_general_ci;

--
-- Dumping data for table `suppliers`
--

INSERT INTO `suppliers` (`id`, `name`, `phone`, `address`) VALUES
(1, 'مبین صنعت', '02536623290', 'میدان خمینی'),
(3, 'فرهاد شررخواه', '09191541540', 'شکوهیه بابایی'),
(4, 'سیمپود', '09125521131', 'خیابان بهشتی'),
(5, 'بنی جمالی', '09121898808', 'لاله زار'),
(6, 'جنت پور', '09121511529', 'خیابون بهشتی'),
(7, 'بهشتی', '09125536786', 'میدان مخابرات'),
(8, 'نتاج', '09936946474', 'میدان تیراژه'),
(9, 'الفا الکترونیک', '09193548958', 'بلوار محمودنژاد'),
(10, 'سیم پیچ احمدی', '09126526809', 'میدان مخابرات'),
(11, 'ابزار مهدی', '09124512362', 'میدان مخابرات'),
(12, 'سیدصادقزاده', '09122536225', 'صفاشهر'),
(13, 'سید موسوی گرماتاب', '09125532887', 'شکوهیه'),
(14, 'جیگرکی حیدری', '09911131180', 'میدان همت'),
(16, 'حیدرزاده محمدحسن', '09192951865', 'میدان بابایی'),
(17, 'رضا صفا', '۰۲۵۳۳۳۴۲۸۹۲', 'میدان مخابرات'),
(18, 'عاشقی', '۰۹۱۲۴۵۲۷۵۸۲', 'جنب هییت مدیره'),
(19, 'متفرقه', NULL, NULL);

-- --------------------------------------------------------

--
-- Table structure for table `tasks`
--

CREATE TABLE `tasks` (
  `id` int(11) NOT NULL,
  `role` varchar(50) DEFAULT NULL,
  `task_description` text NOT NULL,
  `created_at` timestamp NOT NULL DEFAULT current_timestamp()
) ENGINE=InnoDB DEFAULT CHARSET=utf8mb4 COLLATE=utf8mb4_unicode_ci;

--
-- Dumping data for table `tasks`
--

INSERT INTO `tasks` (`id`, `role`, `task_description`, `created_at`) VALUES
(16, 'پیمانکار', 'نصب تابلو برق اصلی در ساختمان A', '2025-08-22 15:27:36'),
(17, 'انباردار', 'بررسی موجودی قطعات الکتریکی و تهیه گزارش', '2025-08-22 15:27:36'),
(18, 'ناظر فنی', 'بررسی پیشرفت کارهای برقی در طبقه سوم', '2025-08-22 15:27:36'),
(19, 'حسابدار', 'صدور فاکتور برای خدمات انجام‌شده\n1', '2025-08-22 15:27:36'),
(20, 'ناظر کیفی', 'بررسی استانداردهای نصب سیم‌کشی\nتست', '2025-08-22 15:27:36');

-- --------------------------------------------------------

--
-- Table structure for table `tickets`
--

CREATE TABLE `tickets` (
  `id` int(11) NOT NULL,
  `project_id` int(11) NOT NULL,
  `subject` varchar(255) NOT NULL,
  `message` text NOT NULL,
  `sender_id` int(11) NOT NULL,
  `target_role` enum('manager','anbardar','nazer_fani','nazer_keyfi','nazer_arshad','hesabdar') NOT NULL,
  `status` enum('open','in_progress','closed') DEFAULT 'open',
  `created_at` datetime DEFAULT current_timestamp(),
  `parent_id` int(11) DEFAULT NULL,
  `is_closed` tinyint(1) DEFAULT 0
) ENGINE=InnoDB DEFAULT CHARSET=utf8mb4 COLLATE=utf8mb4_general_ci;

--
-- Dumping data for table `tickets`
--

INSERT INTO `tickets` (`id`, `project_id`, `subject`, `message`, `sender_id`, `target_role`, `status`, `created_at`, `parent_id`, `is_closed`) VALUES
(12, 383, 'سلام', 'تست', 8, 'manager', 'open', '2025-09-10 19:29:04', NULL, 0),
(13, 366, 'تست', 'متن تست', 8, 'manager', 'open', '2025-09-10 19:55:15', NULL, 0),
(14, 471, 'عنوان', 'تست', 8, 'manager', 'open', '2025-09-14 03:58:47', NULL, 0);

-- --------------------------------------------------------

--
-- Table structure for table `ticket_recipients`
--

CREATE TABLE `ticket_recipients` (
  `id` int(11) NOT NULL,
  `ticket_id` int(11) NOT NULL,
  `user_id` int(11) NOT NULL,
  `created_at` timestamp NOT NULL DEFAULT current_timestamp()
) ENGINE=InnoDB DEFAULT CHARSET=utf8mb4 COLLATE=utf8mb4_general_ci;

--
-- Dumping data for table `ticket_recipients`
--

INSERT INTO `ticket_recipients` (`id`, `ticket_id`, `user_id`, `created_at`) VALUES
(1, 12, 4, '2025-09-11 02:29:04'),
(2, 12, 17, '2025-09-11 02:29:04'),
(3, 12, 22, '2025-09-11 02:29:04'),
(4, 12, 27, '2025-09-11 02:29:04'),
(5, 13, 2, '2025-09-11 02:55:15'),
(6, 13, 3, '2025-09-11 02:55:15'),
(7, 13, 4, '2025-09-11 02:55:15'),
(8, 13, 13, '2025-09-11 02:55:15'),
(9, 13, 16, '2025-09-11 02:55:15'),
(10, 13, 21, '2025-09-11 02:55:15'),
(11, 14, 2, '2025-09-14 10:58:47'),
(12, 14, 5, '2025-09-14 10:58:47'),
(13, 14, 11, '2025-09-14 10:58:47');

-- --------------------------------------------------------

--
-- Table structure for table `ticket_replies`
--

CREATE TABLE `ticket_replies` (
  `id` int(11) NOT NULL,
  `ticket_id` int(11) DEFAULT NULL,
  `sender_id` int(11) DEFAULT NULL,
  `project_id` int(11) NOT NULL,
  `message` text DEFAULT NULL,
  `created_at` datetime DEFAULT current_timestamp()
) ENGINE=MyISAM DEFAULT CHARSET=utf8mb4 COLLATE=utf8mb4_unicode_ci;

--
-- Dumping data for table `ticket_replies`
--

INSERT INTO `ticket_replies` (`id`, `ticket_id`, `sender_id`, `project_id`, `message`, `created_at`) VALUES
(1, 2, 8, 0, 'سلام', '2025-07-06 08:44:38'),
(2, 2, 8, 0, 'سلام', '2025-07-06 08:45:33'),
(3, 2, 8, 0, 'سلام وقتتان بخیر', '2025-07-06 09:33:16'),
(4, 2, 8, 0, 'سلام وقتتان بخیر', '2025-07-06 09:35:36'),
(5, 2, 8, 0, 'سوالتان را بفرماییذ؟', '2025-07-06 09:36:03'),
(6, 2, 8, 0, 'تست', '2025-07-06 10:33:35'),
(7, 2, 8, 0, 'تست', '2025-07-06 10:33:39'),
(8, 2, 8, 0, 'سلام', '2025-07-06 10:33:44'),
(9, 2, 8, 0, 'این', '2025-07-06 10:34:06'),
(10, 2, 8, 0, 'این', '2025-07-06 10:34:48'),
(11, 2, 8, 0, '1', '2025-07-06 10:35:09'),
(12, 2, 8, 0, 'تست', '2025-07-06 10:40:41'),
(13, 2, 8, 0, 'تست', '2025-07-06 10:44:36'),
(14, 2, 8, 0, 'تست', '2025-07-06 10:47:26'),
(15, 2, 8, 0, 'تست', '2025-07-06 10:50:28'),
(16, 2, 8, 0, 'تست', '2025-07-06 11:17:32'),
(17, 2, 8, 0, 'تست', '2025-07-06 11:22:11'),
(18, 6, 8, 232, 'سلام', '2025-07-06 11:38:21'),
(19, 2, 8, 0, 'hdk', '2025-07-06 13:09:46'),
(20, 1, 8, 0, 'سلام وقت بخیر', '2025-07-10 14:07:25'),
(21, 1, 8, 232, 'تستی', '2025-07-10 15:21:14'),
(22, 1, 8, 232, 'تستی', '2025-07-10 15:21:47');

-- --------------------------------------------------------

--
-- Table structure for table `timesheets`
--

CREATE TABLE `timesheets` (
  `id` int(11) NOT NULL,
  `employee_id` int(11) DEFAULT NULL,
  `project_id` int(11) DEFAULT NULL,
  `work_date` date NOT NULL,
  `hours_worked` decimal(5,2) DEFAULT NULL,
  `created_at` timestamp NOT NULL DEFAULT current_timestamp(),
  `updated_at` timestamp NOT NULL DEFAULT current_timestamp() ON UPDATE current_timestamp()
) ENGINE=MyISAM DEFAULT CHARSET=utf8mb4 COLLATE=utf8mb4_persian_ci;

-- --------------------------------------------------------

--
-- Table structure for table `units`
--

CREATE TABLE `units` (
  `id` int(11) NOT NULL,
  `name` varchar(100) NOT NULL
) ENGINE=InnoDB DEFAULT CHARSET=utf8mb4 COLLATE=utf8mb4_unicode_ci;

--
-- Dumping data for table `units`
--

INSERT INTO `units` (`id`, `name`) VALUES
(72, 'آمپر'),
(79, 'بسته'),
(77, 'جلسه'),
(82, 'حلقه'),
(70, 'دستگاه'),
(78, 'روز'),
(69, 'ساعت'),
(75, 'سربندی'),
(71, 'سرویس'),
(83, 'سری'),
(80, 'شاخه'),
(76, 'شعله'),
(85, 'عدد'),
(68, 'متر'),
(81, 'مورد'),
(73, 'نفر'),
(74, 'نفر ساعت');

-- --------------------------------------------------------

--
-- Table structure for table `uploads`
--

CREATE TABLE `uploads` (
  `id` int(11) NOT NULL,
  `file_name` varchar(255) NOT NULL,
  `file_path` varchar(255) NOT NULL,
  `upload_time` timestamp NOT NULL DEFAULT current_timestamp(),
  `is_private` bigint(20) NOT NULL DEFAULT 0
) ENGINE=MyISAM DEFAULT CHARSET=latin1 COLLATE=latin1_swedish_ci;

-- --------------------------------------------------------

--
-- Table structure for table `users`
--

CREATE TABLE `users` (
  `id` int(11) NOT NULL,
  `name` varchar(255) NOT NULL,
  `family` varchar(255) NOT NULL,
  `level` enum('A','B','C') NOT NULL DEFAULT 'C',
  `role` varchar(50) DEFAULT NULL,
  `phone` varchar(15) DEFAULT NULL,
  `license_key` varchar(255) NOT NULL,
  `national_id` varchar(20) DEFAULT NULL,
  `is_active` tinyint(1) NOT NULL DEFAULT 1,
  `access_dashboard` tinyint(1) DEFAULT 0 COMMENT 'دسترسی به داشبورد',
  `access_reports` tinyint(1) DEFAULT 0 COMMENT 'دسترسی به گزارشات',
  `access_attendance_view` tinyint(1) DEFAULT 0 COMMENT 'مشاهده حضور و غیاب',
  `access_attendance_edit` tinyint(1) DEFAULT 0 COMMENT 'ویرایش حضور و غیاب',
  `access_attendance_delete` tinyint(1) DEFAULT 0 COMMENT 'حذف رکوردهای حضور',
  `access_contractor_add` tinyint(1) DEFAULT 0,
  `access_contractor_edit` tinyint(1) DEFAULT 0,
  `access_contractor_delete` tinyint(1) DEFAULT 0,
  `access_employee_add` tinyint(1) DEFAULT 0,
  `access_employee_edit` tinyint(1) DEFAULT 0,
  `access_employee_delete` tinyint(1) DEFAULT 0,
  `access_project_add` tinyint(1) DEFAULT 0,
  `access_project_edit` tinyint(1) DEFAULT 0,
  `access_project_delete` tinyint(1) DEFAULT 0,
  `access_settings_view` tinyint(1) DEFAULT 0,
  `access_settings_edit` tinyint(1) DEFAULT 0,
  `access_image_view` tinyint(1) DEFAULT 0,
  `access_image_upload` tinyint(1) DEFAULT 0,
  `access_image_delete` tinyint(1) DEFAULT 0,
  `ip_address` varchar(45) DEFAULT NULL,
  `created_at` timestamp NOT NULL DEFAULT current_timestamp(),
  `updated_at` timestamp NOT NULL DEFAULT current_timestamp() ON UPDATE current_timestamp(),
  `start_time` time DEFAULT NULL,
  `duration` int(11) DEFAULT NULL,
  `end_time` time DEFAULT NULL,
  `access_add_contractor` tinyint(1) DEFAULT 0,
  `access_edit_contractor` tinyint(1) DEFAULT 0,
  `access_delete_contractor` tinyint(1) DEFAULT 0,
  `access_add_employee` tinyint(1) DEFAULT 0,
  `access_edit_employee` tinyint(1) DEFAULT 0,
  `access_delete_employee` tinyint(1) DEFAULT 0,
  `access_add_employer` tinyint(1) DEFAULT 0,
  `access_edit_employer` tinyint(1) DEFAULT 0,
  `access_delete_employer` tinyint(1) DEFAULT 0,
  `access_view_settings` tinyint(1) DEFAULT 0,
  `access_enter_settings` tinyint(1) DEFAULT 0,
  `access_edit_theme` tinyint(1) DEFAULT 0,
  `access_view_image` tinyint(1) DEFAULT 0,
  `access_add_image` tinyint(1) DEFAULT 0,
  `access_edit_image` tinyint(1) DEFAULT 0,
  `access_delete_image` tinyint(1) DEFAULT 0,
  `form` varchar(255) DEFAULT NULL,
  `profile_image` varchar(255) DEFAULT NULL COMMENT 'مسیر ذخیره سازی تصویر پروفایل کاربر',
  `address` text DEFAULT NULL,
  `project_id` int(11) DEFAULT NULL,
  `login` varchar(100) DEFAULT NULL,
  `is_add` tinyint(1) DEFAULT 0,
  `user_ip` varchar(50) DEFAULT NULL,
  `date_of_birth` date DEFAULT NULL,
  `marital_status` varchar(20) DEFAULT NULL,
  `account_status` varchar(20) DEFAULT NULL,
  `bio` text DEFAULT NULL,
  `subscription_plan` varchar(50) DEFAULT NULL,
  `subscription_start` date DEFAULT NULL,
  `subscription_end` date DEFAULT NULL,
  `credit` decimal(10,2) DEFAULT 0.00,
  `security_question` varchar(255) DEFAULT NULL,
  `security_answer` varchar(255) DEFAULT NULL,
  `last_password_change` datetime DEFAULT NULL,
  `browser_info` varchar(255) DEFAULT NULL,
  `device_info` varchar(255) DEFAULT NULL,
  `last_login` datetime DEFAULT NULL,
  `last_check_in` datetime DEFAULT NULL,
  `last_check_out` datetime DEFAULT NULL,
  `total_work_hours` decimal(10,2) DEFAULT 0.00,
  `attendance_status` varchar(20) DEFAULT NULL,
  `access_add_project` tinyint(1) DEFAULT 0,
  `access_edit_project` tinyint(1) DEFAULT 0,
  `access_delete_project` tinyint(1) DEFAULT 0
) ENGINE=InnoDB DEFAULT CHARSET=utf8mb4 COLLATE=utf8mb4_persian_ci;

--
-- Dumping data for table `users`
--

INSERT INTO `users` (`id`, `name`, `family`, `level`, `role`, `phone`, `license_key`, `national_id`, `is_active`, `access_dashboard`, `access_reports`, `access_attendance_view`, `access_attendance_edit`, `access_attendance_delete`, `access_contractor_add`, `access_contractor_edit`, `access_contractor_delete`, `access_employee_add`, `access_employee_edit`, `access_employee_delete`, `access_project_add`, `access_project_edit`, `access_project_delete`, `access_settings_view`, `access_settings_edit`, `access_image_view`, `access_image_upload`, `access_image_delete`, `ip_address`, `created_at`, `updated_at`, `start_time`, `duration`, `end_time`, `access_add_contractor`, `access_edit_contractor`, `access_delete_contractor`, `access_add_employee`, `access_edit_employee`, `access_delete_employee`, `access_add_employer`, `access_edit_employer`, `access_delete_employer`, `access_view_settings`, `access_enter_settings`, `access_edit_theme`, `access_view_image`, `access_add_image`, `access_edit_image`, `access_delete_image`, `form`, `profile_image`, `address`, `project_id`, `login`, `is_add`, `user_ip`, `date_of_birth`, `marital_status`, `account_status`, `bio`, `subscription_plan`, `subscription_start`, `subscription_end`, `credit`, `security_question`, `security_answer`, `last_password_change`, `browser_info`, `device_info`, `last_login`, `last_check_in`, `last_check_out`, `total_work_hours`, `attendance_status`, `access_add_project`, `access_edit_project`, `access_delete_project`) VALUES
(2, 'علی ', 'کاکنج', 'C', 'پیمانکار', '09192096925', 'df3da17536f8bc86e363c9573208b1aac745392521100583fc3b88065e4fc32d', NULL, 1, 0, 0, 0, 0, 0, 0, 0, 0, 0, 0, 0, 0, 0, 0, 0, 0, 0, 0, 0, NULL, '2025-03-28 23:46:15', '2025-09-14 14:49:13', NULL, NULL, NULL, 0, 0, 0, 0, 0, 0, 0, 0, 0, 0, 0, 0, 0, 0, 0, 0, 'پیمانکاران', NULL, 'پردیسان هویزه', 4, '0', 0, '', NULL, 'single', 'inactive', NULL, 'free', NULL, NULL, 0.00, NULL, NULL, NULL, NULL, NULL, NULL, NULL, NULL, 0.00, 'absent', 0, 0, 0),
(3, 'حامد ', 'احمدیان', 'C', 'پیمانکار', '989127521391', 'b1a5df1d911ce43d60a5b8c8eec9f0a471a48803014f60bc44d315e2acfeadab', NULL, 0, 0, 0, 0, 0, 0, 0, 0, 0, 0, 0, 0, 0, 0, 0, 0, 0, 0, 0, 0, NULL, '2025-03-28 23:48:14', '2025-05-23 15:02:20', NULL, NULL, NULL, 0, 0, 0, 0, 0, 0, 0, 0, 0, 0, 0, 0, 0, 0, 0, 0, 'پیمانکاران', NULL, 'سمیه ۳۳', 5, '0', 0, '', NULL, 'single', 'inactive', NULL, 'free', NULL, NULL, 0.00, NULL, NULL, NULL, NULL, NULL, NULL, NULL, NULL, 0.00, 'absent', 0, 0, 0),
(4, 'مهندس شاهین', '', 'C', 'حسابدار', '09128515988', 'd13de8433673e498d1831991e3a642f09e06936dbfd541ad0e4eaa0d60a3949a', NULL, 1, 0, 0, 0, 0, 0, 0, 0, 0, 0, 0, 0, 0, 0, 0, 0, 0, 0, 0, 0, NULL, '2025-03-28 23:41:08', '2025-05-23 15:25:38', NULL, NULL, NULL, 1, 1, 1, 1, 1, 1, 1, 1, 1, 1, 1, 1, 1, 1, 1, 1, 'کارمندان', NULL, 'زنبیل اباد', 6, '0', 0, '', NULL, 'single', 'inactive', NULL, 'free', NULL, NULL, 0.00, NULL, NULL, NULL, NULL, NULL, NULL, NULL, NULL, 0.00, 'absent', 1, 1, 1),
(5, 'مهندس', 'کاکنج', 'C', 'مدیر', '09192096926', 'efe2301ece7b76ff35afb64cfd08247db8fa47124957c7349873a20e42ff7e04', NULL, 1, 0, 0, 0, 0, 0, 0, 0, 0, 0, 0, 0, 0, 0, 0, 0, 0, 0, 0, 0, NULL, '2025-03-23 18:42:19', '2025-07-17 10:12:22', NULL, NULL, NULL, 1, 1, 1, 1, 1, 1, 1, 1, 1, 1, 1, 1, 1, 1, 1, 1, 'کارمندان', NULL, 'پردیسان', 8, '0', 0, '', NULL, 'single', 'inactive', NULL, 'free', NULL, NULL, 0.00, NULL, NULL, NULL, NULL, NULL, NULL, NULL, NULL, 0.00, 'absent', 1, 1, 1),
(6, 'آقای رحیمی', '', 'C', 'انباردار', '09132307076', 'f125fb12cad125d604905c43f1282c7c748d97d517f820b0df21fe55d02543c3', NULL, 1, 0, 0, 0, 0, 0, 0, 0, 0, 0, 0, 0, 0, 0, 0, 0, 0, 0, 0, 0, NULL, '2025-03-28 23:42:10', '2025-07-31 07:51:36', NULL, NULL, NULL, 0, 0, 0, 0, 0, 0, 0, 0, 0, 0, 0, 0, 0, 0, 0, 0, 'کارمندان', NULL, 'پردیسان بلوار بصیرت', 7, '0', 0, '', NULL, 'single', 'inactive', NULL, 'free', NULL, NULL, 0.00, NULL, NULL, NULL, NULL, NULL, NULL, NULL, NULL, 0.00, 'absent', 0, 0, 0),
(8, 'سید مهدی', '', 'C', 'انباردار', '09921917694', '45ae4515fd97fe9dbd4c297f300216c585eaca74388258b204db0a54c21ba38a', NULL, 1, 0, 0, 0, 0, 0, 0, 0, 0, 0, 0, 0, 0, 0, 0, 0, 0, 0, 0, 0, NULL, '2025-04-30 09:59:56', '2025-05-20 04:11:40', NULL, NULL, NULL, 1, 1, 1, 1, 1, 1, 1, 1, 1, 1, 1, 1, 1, 1, 1, 1, 'کارمندان', NULL, 'قنوات', 7, NULL, 0, NULL, NULL, NULL, NULL, NULL, NULL, NULL, NULL, 0.00, NULL, NULL, NULL, NULL, NULL, NULL, NULL, NULL, 0.00, NULL, 1, 1, 1),
(10, 'مجید', 'امیدی', 'C', 'پیمانکار', '09197811575', '77aeebccbaec806e4967dcf100be9e9b56c21bd405fc7cd2d35d1b8fc9c30c49', NULL, 0, 0, 0, 0, 0, 0, 0, 0, 0, 0, 0, 0, 0, 0, 0, 0, 0, 0, 0, 0, NULL, '2025-04-30 10:05:02', '2025-07-31 07:51:52', NULL, NULL, NULL, 0, 0, 0, 0, 0, 0, 0, 0, 0, 0, 0, 0, 0, 0, 0, 0, 'پیمانکاران', NULL, 'نیروگاه', 7, NULL, 0, NULL, NULL, NULL, NULL, NULL, NULL, NULL, NULL, 0.00, NULL, NULL, NULL, NULL, NULL, NULL, NULL, NULL, 0.00, NULL, 0, 0, 0),
(11, 'امین ', 'خدادادی', 'C', 'پیمانکار', '09216441856', 'c2cc28ab8ac5c0b1afdc37472a6ce1ad949a40c3e7ae97039610ee79ba75dde3', NULL, 1, 0, 0, 0, 0, 0, 0, 0, 0, 0, 0, 0, 0, 0, 0, 0, 0, 0, 0, 0, NULL, '2025-04-30 10:07:07', '2025-09-14 14:49:30', NULL, NULL, NULL, 0, 0, 0, 0, 0, 0, 0, 0, 0, 0, 0, 0, 0, 0, 0, 0, 'پیمانکاران', NULL, 'پردیسان', 9, NULL, 0, NULL, NULL, NULL, NULL, NULL, NULL, NULL, NULL, 0.00, NULL, NULL, NULL, NULL, NULL, NULL, NULL, NULL, 0.00, NULL, 0, 0, 0),
(12, 'سجاد ', 'دماوندی', 'C', 'پیمانکار', '09118618472', 'acaf062304d25442506d514aa928e07413d736103bf9d222949a239e76c4c690', NULL, 1, 0, 0, 0, 0, 0, 0, 0, 0, 0, 0, 0, 0, 0, 0, 0, 0, 0, 0, 0, NULL, '2025-04-30 10:10:35', '2025-09-14 14:49:22', NULL, NULL, NULL, 0, 0, 0, 0, 0, 0, 0, 0, 0, 0, 0, 0, 0, 0, 0, 0, 'پیمانکاران', NULL, 'شومالی', 9, NULL, 0, NULL, NULL, NULL, NULL, NULL, NULL, NULL, NULL, 0.00, NULL, NULL, NULL, NULL, NULL, NULL, NULL, NULL, 0.00, NULL, 0, 0, 0),
(13, 'مجید ', 'جواهری', 'C', 'پیمانکار', '09053818511', '049763e2a2f6d87b620ada7061358aaf8f7e75cf9ba053c939b74864cd36abd2', NULL, 1, 0, 0, 0, 0, 0, 0, 0, 0, 0, 0, 0, 0, 0, 0, 0, 0, 0, 0, 0, NULL, '2025-04-30 10:13:35', '2025-07-31 07:53:35', NULL, NULL, NULL, 0, 0, 0, 0, 0, 0, 0, 0, 0, 0, 0, 0, 0, 0, 0, 0, 'پیمانکاران', NULL, 'توحید', 10, NULL, 0, NULL, NULL, NULL, NULL, NULL, NULL, NULL, NULL, 0.00, NULL, NULL, NULL, NULL, NULL, NULL, NULL, NULL, 0.00, NULL, 0, 0, 0),
(14, 'محمد', 'شمس', 'C', 'پیمانکار', '09120984800', '4545a4ccb531875ef547a72b71fe16715ae116fe387dce3a3308676fb031b411', NULL, 1, 0, 0, 0, 0, 0, 0, 0, 0, 0, 0, 0, 0, 0, 0, 0, 0, 0, 0, 0, NULL, '2025-04-30 13:34:36', '2025-07-31 07:50:46', NULL, NULL, NULL, 0, 0, 0, 0, 0, 0, 0, 0, 0, 0, 0, 0, 0, 0, 0, 0, 'پیمانکاران', NULL, 'پردیسان البرز', 11, NULL, 0, NULL, NULL, NULL, NULL, NULL, NULL, NULL, NULL, 0.00, NULL, NULL, NULL, NULL, NULL, NULL, NULL, NULL, 0.00, NULL, 0, 0, 0),
(16, 'مهدی ', 'نوروزی ', 'C', 'پیمانکار', '09902530350', '4e9d92e43ffe2f870a37457cfb6e96ba34e9614273ec081b7999707778c9e035', NULL, 1, 0, 0, 0, 0, 0, 0, 0, 0, 0, 0, 0, 0, 0, 0, 0, 0, 0, 0, 0, NULL, '2025-05-16 14:46:27', '2025-07-31 07:55:01', NULL, NULL, NULL, 0, 0, 0, 0, 0, 0, 0, 0, 0, 0, 0, 0, 0, 0, 0, 0, 'پیمانکاران', NULL, 'نیروگاه', 13, NULL, 0, NULL, NULL, NULL, NULL, NULL, NULL, NULL, NULL, 0.00, NULL, NULL, NULL, NULL, NULL, NULL, NULL, NULL, 0.00, NULL, 0, 0, 0),
(17, 'روح الله ', 'رشنو', 'C', 'پیمانکار', '09338054433', '2627f556fc61203791a750d1ac7764b2629a074b903e4af8f204bcb36ed1fa78', NULL, 1, 0, 0, 0, 0, 0, 0, 0, 0, 0, 0, 0, 0, 0, 0, 0, 0, 0, 0, 0, NULL, '2025-05-16 14:49:28', '2025-07-31 07:55:32', NULL, NULL, NULL, 0, 0, 0, 0, 0, 0, 0, 0, 0, 0, 0, 0, 0, 0, 0, 0, 'پیمانکاران', NULL, 'توحید', 14, NULL, 0, NULL, NULL, NULL, NULL, NULL, NULL, NULL, NULL, 0.00, NULL, NULL, NULL, NULL, NULL, NULL, NULL, NULL, 0.00, NULL, 0, 0, 0),
(18, 'محمد', 'یزدی', 'C', 'پیمانکار', '09386613075', 'ab8d7dabb36a10f5b9893e45ed8c0c83d8efed02a11e1a5029c05a448bf945c9', NULL, 1, 0, 0, 0, 0, 0, 0, 0, 0, 0, 0, 0, 0, 0, 0, 0, 0, 0, 0, 0, NULL, '2025-05-16 14:51:40', '2025-07-31 07:56:40', NULL, NULL, NULL, 0, 0, 0, 0, 0, 0, 0, 0, 0, 0, 0, 0, 0, 0, 0, 0, 'پیمانکاران', NULL, 'نمیدونم', 15, NULL, 0, NULL, NULL, NULL, NULL, NULL, NULL, NULL, NULL, 0.00, NULL, NULL, NULL, NULL, NULL, NULL, NULL, NULL, 0.00, NULL, 0, 0, 0),
(21, 'مهندس ', 'امیدی', 'C', 'ناظر فنی', '09197811575', '6d599a43b1ded40ee4713f829566bdbf8f98acc8cc04b66ec19b70104989b1e5', NULL, 1, 0, 0, 0, 0, 0, 0, 0, 0, 0, 0, 0, 0, 0, 0, 0, 0, 0, 0, 0, NULL, '2025-05-16 15:12:37', '2025-07-20 02:04:10', NULL, NULL, NULL, 0, 0, 0, 0, 0, 0, 0, 0, 0, 0, 0, 0, 0, 0, 0, 0, 'کارمندان', NULL, 'نیروگاه', 17, NULL, 0, NULL, NULL, NULL, NULL, NULL, NULL, NULL, NULL, 0.00, NULL, NULL, NULL, NULL, NULL, NULL, NULL, NULL, 0.00, NULL, 0, 0, 0),
(22, 'مرتضی', 'دلیری', 'C', 'پیمانکار', '09184985546', '608cfbdd955077d598d02f4614ea8a8d6313168b2e740561366f748785bd06bc', NULL, 0, 0, 0, 0, 0, 0, 0, 0, 0, 0, 0, 0, 0, 0, 0, 0, 0, 0, 0, 0, NULL, '2025-05-29 05:53:44', '2025-08-03 17:14:27', NULL, NULL, NULL, 0, 0, 0, 0, 0, 0, 0, 0, 0, 0, 0, 0, 0, 0, 0, 0, 'پیمانکاران', NULL, 'شکوهیه', 18, NULL, 0, NULL, NULL, NULL, NULL, NULL, NULL, NULL, NULL, 0.00, NULL, NULL, NULL, NULL, NULL, NULL, NULL, NULL, 0.00, NULL, 0, 0, 0),
(23, 'امیر عباس', 'حیرت', 'C', 'پیمانکار', '09120696099', '1246c2c6c181fea03eb571fbb7069f765e6092e51c472da50403c658b0667dd4', NULL, 1, 0, 0, 0, 0, 0, 0, 0, 0, 0, 0, 0, 0, 0, 0, 0, 0, 0, 0, 0, NULL, '2025-07-23 12:18:27', '2025-07-30 09:11:20', NULL, NULL, NULL, 0, 0, 0, 0, 0, 0, 0, 0, 0, 0, 0, 0, 0, 0, 0, 0, 'پیمانکاران', NULL, '30متری هنرستان نبش کوچه 25 پلاک یک', 19, NULL, 0, NULL, NULL, NULL, NULL, NULL, NULL, NULL, NULL, 0.00, NULL, NULL, NULL, NULL, NULL, NULL, NULL, NULL, 0.00, NULL, 0, 0, 0),
(26, 'مصطفی', 'کهکی', 'C', 'پیمانکار', '09109701269', 'f9c2f50cf904569ecd7f3999503390d4276953b1efc799a53ab6438c4116d3f3', NULL, 1, 0, 0, 0, 0, 0, 0, 0, 0, 0, 0, 0, 0, 0, 0, 0, 0, 0, 0, 0, NULL, '2025-07-31 05:01:06', '2025-07-31 07:59:03', NULL, NULL, NULL, 0, 0, 0, 0, 0, 0, 0, 0, 0, 0, 0, 0, 0, 0, 0, 0, 'پیمانکاران', NULL, 'بلوار شهید بهشتی کوچه 5 پلاک 370', 22, NULL, 0, NULL, NULL, NULL, NULL, NULL, NULL, NULL, NULL, 0.00, NULL, NULL, NULL, NULL, NULL, NULL, NULL, NULL, 0.00, NULL, 0, 0, 0),
(27, 'امیرحسین', 'عبدالهی', 'C', 'پیمانکار', '09127470529', 'c7fb60be6ae5d45e94161f3be44a0ab9329b480cdae3af165dd05e5ff78a4e10', NULL, 1, 0, 0, 0, 0, 0, 0, 0, 0, 0, 0, 0, 0, 0, 0, 0, 0, 0, 0, 0, NULL, '2025-08-04 05:02:02', '2025-08-04 11:57:06', NULL, NULL, NULL, 0, 0, 0, 0, 0, 0, 0, 0, 0, 0, 0, 0, 0, 0, 0, 0, 'پیمانکاران', NULL, 'مدرس کوچه 2 پلاک 114', 19, NULL, 0, NULL, NULL, NULL, NULL, NULL, NULL, NULL, NULL, 0.00, NULL, NULL, NULL, NULL, NULL, NULL, NULL, NULL, 0.00, NULL, 0, 0, 0),
(28, 'مهدی یار ', 'ناظری', 'C', 'پیمانکار', '9391102784', 'e62976f149a1b6c07efb46b83558a0d4a15e84bf040d7084bbced537aaee2d4e', NULL, 1, 0, 0, 0, 0, 0, 0, 0, 0, 0, 0, 0, 0, 0, 0, 0, 0, 0, 0, 0, NULL, '2025-08-07 03:58:50', '2025-08-07 03:58:50', NULL, NULL, NULL, 0, 0, 0, 0, 0, 0, 0, 0, 0, 0, 0, 0, 0, 0, 0, 0, 'پیمانکاران', NULL, 'قم شهرک قدس خیابان هدایت 3', 20, NULL, 0, NULL, NULL, NULL, NULL, NULL, NULL, NULL, NULL, 0.00, NULL, NULL, NULL, NULL, NULL, NULL, NULL, NULL, 0.00, NULL, 0, 0, 0),
(29, 'آفای', 'مروتی', 'C', 'پیمانکار', '2342000', 'ca65c57f710e1bc3d78f7354b1b3f80d68d2faf41838bc20a99605421dcf3087', NULL, 1, 0, 0, 0, 0, 0, 0, 0, 0, 0, 0, 0, 0, 0, 0, 0, 0, 0, 0, 0, NULL, '2025-08-09 08:48:35', '2025-08-09 08:48:35', NULL, NULL, NULL, 0, 0, 0, 0, 0, 0, 0, 0, 0, 0, 0, 0, 0, 0, 0, 0, 'پیمانکاران', NULL, 'قم ', 21, NULL, 0, NULL, NULL, NULL, NULL, NULL, NULL, NULL, NULL, 0.00, NULL, NULL, NULL, NULL, NULL, NULL, NULL, NULL, 0.00, NULL, 0, 0, 0);

-- --------------------------------------------------------

--
-- Table structure for table `user_roles`
--

CREATE TABLE `user_roles` (
  `user_id` int(11) NOT NULL,
  `role_id` int(11) NOT NULL
) ENGINE=InnoDB DEFAULT CHARSET=utf8mb4 COLLATE=utf8mb4_persian_ci;

--
-- Dumping data for table `user_roles`
--

INSERT INTO `user_roles` (`user_id`, `role_id`) VALUES
(2, 7),
(4, 5),
(4, 7),
(5, 1),
(5, 7),
(6, 6),
(8, 1),
(8, 6),
(8, 7),
(10, 7),
(11, 7),
(13, 7),
(14, 7),
(16, 7),
(18, 7),
(21, 3),
(21, 4),
(21, 7),
(23, 7),
(26, 7),
(27, 7),
(28, 7),
(28, 8),
(29, 7);

--
-- Indexes for dumped tables
--

--
-- Indexes for table `abzar`
--
ALTER TABLE `abzar`
  ADD PRIMARY KEY (`id`);

--
-- Indexes for table `accounts`
--
ALTER TABLE `accounts`
  ADD PRIMARY KEY (`id`);

--
-- Indexes for table `account_ledgers`
--
ALTER TABLE `account_ledgers`
  ADD PRIMARY KEY (`id`),
  ADD KEY `idx_customer_name` (`customer_name`(250)),
  ADD KEY `idx_invoice_id` (`invoice_id`);

--
-- Indexes for table `ap`
--
ALTER TABLE `ap`
  ADD PRIMARY KEY (`id`);

--
-- Indexes for table `ap_accounts`
--
ALTER TABLE `ap_accounts`
  ADD PRIMARY KEY (`id`);

--
-- Indexes for table `attendance`
--
ALTER TABLE `attendance`
  ADD PRIMARY KEY (`id`),
  ADD KEY `idx_date` (`date`),
  ADD KEY `idx_user_date` (`user_id`,`date`);

--
-- Indexes for table `banks`
--
ALTER TABLE `banks`
  ADD PRIMARY KEY (`id`);

--
-- Indexes for table `checks`
--
ALTER TABLE `checks`
  ADD PRIMARY KEY (`id`),
  ADD KEY `bank_id` (`bank_id`);

--
-- Indexes for table `clients`
--
ALTER TABLE `clients`
  ADD PRIMARY KEY (`id`),
  ADD UNIQUE KEY `email` (`email`);

--
-- Indexes for table `contractors`
--
ALTER TABLE `contractors`
  ADD PRIMARY KEY (`id`);

--
-- Indexes for table `direct_sales`
--
ALTER TABLE `direct_sales`
  ADD PRIMARY KEY (`id`);

--
-- Indexes for table `direct_sales_items`
--
ALTER TABLE `direct_sales_items`
  ADD PRIMARY KEY (`id`),
  ADD KEY `invoice_id` (`invoice_id`),
  ADD KEY `product_id` (`product_id`);

--
-- Indexes for table `employees`
--
ALTER TABLE `employees`
  ADD PRIMARY KEY (`id`),
  ADD KEY `project_id` (`project_id`);

--
-- Indexes for table `events`
--
ALTER TABLE `events`
  ADD PRIMARY KEY (`id`);

--
-- Indexes for table `expenses`
--
ALTER TABLE `expenses`
  ADD PRIMARY KEY (`id`);

--
-- Indexes for table `hazineha`
--
ALTER TABLE `hazineha`
  ADD PRIMARY KEY (`id`);

--
-- Indexes for table `images`
--
ALTER TABLE `images`
  ADD PRIMARY KEY (`id`);

--
-- Indexes for table `invoice`
--
ALTER TABLE `invoice`
  ADD PRIMARY KEY (`id`);

--
-- Indexes for table `invoices`
--
ALTER TABLE `invoices`
  ADD PRIMARY KEY (`id`);

--
-- Indexes for table `invoice_items`
--
ALTER TABLE `invoice_items`
  ADD PRIMARY KEY (`id`);

--
-- Indexes for table `invoice_wage`
--
ALTER TABLE `invoice_wage`
  ADD PRIMARY KEY (`id`);

--
-- Indexes for table `khadamat`
--
ALTER TABLE `khadamat`
  ADD PRIMARY KEY (`id`);

--
-- Indexes for table `orders`
--
ALTER TABLE `orders`
  ADD PRIMARY KEY (`id`),
  ADD KEY `product_id` (`product_id`),
  ADD KEY `supplier_id` (`supplier_id`),
  ADD KEY `project_id` (`project_id`);

--
-- Indexes for table `payments`
--
ALTER TABLE `payments`
  ADD PRIMARY KEY (`id`),
  ADD KEY `employee_id` (`employee_id`);

--
-- Indexes for table `percentages`
--
ALTER TABLE `percentages`
  ADD PRIMARY KEY (`id`);

--
-- Indexes for table `percents`
--
ALTER TABLE `percents`
  ADD PRIMARY KEY (`id`),
  ADD UNIQUE KEY `unique_percent_name` (`name`);

--
-- Indexes for table `permissions`
--
ALTER TABLE `permissions`
  ADD PRIMARY KEY (`id`);

--
-- Indexes for table `price_change_log`
--
ALTER TABLE `price_change_log`
  ADD PRIMARY KEY (`id`);

--
-- Indexes for table `procurement_invoices`
--
ALTER TABLE `procurement_invoices`
  ADD PRIMARY KEY (`id`),
  ADD KEY `idx_customer_name` (`customer_name`),
  ADD KEY `idx_invoice_date` (`invoice_date`);

--
-- Indexes for table `procurement_invoice_items`
--
ALTER TABLE `procurement_invoice_items`
  ADD PRIMARY KEY (`id`),
  ADD KEY `invoice_id` (`invoice_id`);

--
-- Indexes for table `products`
--
ALTER TABLE `products`
  ADD PRIMARY KEY (`id`);

--
-- Indexes for table `product_backups`
--
ALTER TABLE `product_backups`
  ADD PRIMARY KEY (`id`);

--
-- Indexes for table `progress`
--
ALTER TABLE `progress`
  ADD PRIMARY KEY (`id`);

--
-- Indexes for table `projects`
--
ALTER TABLE `projects`
  ADD PRIMARY KEY (`id`),
  ADD KEY `client_id` (`client_id`);

--
-- Indexes for table `project_expenses`
--
ALTER TABLE `project_expenses`
  ADD PRIMARY KEY (`id`),
  ADD KEY `project_id` (`project_id`);

--
-- Indexes for table `purchase_invoices`
--
ALTER TABLE `purchase_invoices`
  ADD PRIMARY KEY (`id`),
  ADD KEY `idx_invoice_date` (`invoice_id`);

--
-- Indexes for table `purchase_invoice_items`
--
ALTER TABLE `purchase_invoice_items`
  ADD PRIMARY KEY (`id`),
  ADD KEY `invoice_id` (`invoice_id`),
  ADD KEY `product_id` (`product_id`);

--
-- Indexes for table `roles`
--
ALTER TABLE `roles`
  ADD PRIMARY KEY (`id`);

--
-- Indexes for table `sales_return_invoices`
--
ALTER TABLE `sales_return_invoices`
  ADD PRIMARY KEY (`id`),
  ADD KEY `idx_customer_name` (`customer_name`),
  ADD KEY `idx_invoice_date` (`invoice_date`);

--
-- Indexes for table `sales_return_invoice_items`
--
ALTER TABLE `sales_return_invoice_items`
  ADD PRIMARY KEY (`id`),
  ADD KEY `invoice_id` (`invoice_id`);

--
-- Indexes for table `sale_invoices`
--
ALTER TABLE `sale_invoices`
  ADD PRIMARY KEY (`id`),
  ADD KEY `idx_customer_name` (`customer_name`),
  ADD KEY `idx_invoice_date` (`invoice_date`);

--
-- Indexes for table `sale_invoice_items`
--
ALTER TABLE `sale_invoice_items`
  ADD PRIMARY KEY (`id`),
  ADD KEY `invoice_id` (`invoice_id`),
  ADD KEY `fk_sale_product_id` (`product_id`);

--
-- Indexes for table `service_requests`
--
ALTER TABLE `service_requests`
  ADD PRIMARY KEY (`id`),
  ADD KEY `project_id` (`project_id`),
  ADD KEY `client_id` (`client_id`),
  ADD KEY `assigned_to` (`assigned_to`);

--
-- Indexes for table `staff`
--
ALTER TABLE `staff`
  ADD PRIMARY KEY (`id`);

--
-- Indexes for table `suppliers`
--
ALTER TABLE `suppliers`
  ADD PRIMARY KEY (`id`);

--
-- Indexes for table `tasks`
--
ALTER TABLE `tasks`
  ADD PRIMARY KEY (`id`);

--
-- Indexes for table `tickets`
--
ALTER TABLE `tickets`
  ADD PRIMARY KEY (`id`);

--
-- Indexes for table `ticket_recipients`
--
ALTER TABLE `ticket_recipients`
  ADD PRIMARY KEY (`id`),
  ADD KEY `ticket_id` (`ticket_id`),
  ADD KEY `user_id` (`user_id`);

--
-- Indexes for table `ticket_replies`
--
ALTER TABLE `ticket_replies`
  ADD PRIMARY KEY (`id`),
  ADD KEY `ticket_id` (`ticket_id`),
  ADD KEY `sender_id` (`sender_id`);

--
-- Indexes for table `timesheets`
--
ALTER TABLE `timesheets`
  ADD PRIMARY KEY (`id`),
  ADD KEY `employee_id` (`employee_id`),
  ADD KEY `project_id` (`project_id`);

--
-- Indexes for table `units`
--
ALTER TABLE `units`
  ADD PRIMARY KEY (`id`),
  ADD UNIQUE KEY `name` (`name`);

--
-- Indexes for table `uploads`
--
ALTER TABLE `uploads`
  ADD PRIMARY KEY (`id`);

--
-- Indexes for table `users`
--
ALTER TABLE `users`
  ADD PRIMARY KEY (`id`);

--
-- Indexes for table `user_roles`
--
ALTER TABLE `user_roles`
  ADD PRIMARY KEY (`user_id`,`role_id`),
  ADD KEY `role_id` (`role_id`);

--
-- AUTO_INCREMENT for dumped tables
--

--
-- AUTO_INCREMENT for table `abzar`
--
ALTER TABLE `abzar`
  MODIFY `id` int(11) NOT NULL AUTO_INCREMENT, AUTO_INCREMENT=8;

--
-- AUTO_INCREMENT for table `accounts`
--
ALTER TABLE `accounts`
  MODIFY `id` int(11) NOT NULL AUTO_INCREMENT, AUTO_INCREMENT=108;

--
-- AUTO_INCREMENT for table `account_ledgers`
--
ALTER TABLE `account_ledgers`
  MODIFY `id` int(11) NOT NULL AUTO_INCREMENT;

--
-- AUTO_INCREMENT for table `ap`
--
ALTER TABLE `ap`
  MODIFY `id` int(11) NOT NULL AUTO_INCREMENT, AUTO_INCREMENT=66;

--
-- AUTO_INCREMENT for table `ap_accounts`
--
ALTER TABLE `ap_accounts`
  MODIFY `id` int(11) NOT NULL AUTO_INCREMENT, AUTO_INCREMENT=1215;

--
-- AUTO_INCREMENT for table `attendance`
--
ALTER TABLE `attendance`
  MODIFY `id` int(11) NOT NULL AUTO_INCREMENT, AUTO_INCREMENT=34;

--
-- AUTO_INCREMENT for table `banks`
--
ALTER TABLE `banks`
  MODIFY `id` int(11) NOT NULL AUTO_INCREMENT, AUTO_INCREMENT=5;

--
-- AUTO_INCREMENT for table `checks`
--
ALTER TABLE `checks`
  MODIFY `id` int(11) NOT NULL AUTO_INCREMENT, AUTO_INCREMENT=15;

--
-- AUTO_INCREMENT for table `clients`
--
ALTER TABLE `clients`
  MODIFY `id` int(11) NOT NULL AUTO_INCREMENT;

--
-- AUTO_INCREMENT for table `contractors`
--
ALTER TABLE `contractors`
  MODIFY `id` int(11) NOT NULL AUTO_INCREMENT, AUTO_INCREMENT=28;

--
-- AUTO_INCREMENT for table `direct_sales`
--
ALTER TABLE `direct_sales`
  MODIFY `id` int(11) NOT NULL AUTO_INCREMENT, AUTO_INCREMENT=32;

--
-- AUTO_INCREMENT for table `direct_sales_items`
--
ALTER TABLE `direct_sales_items`
  MODIFY `id` int(11) NOT NULL AUTO_INCREMENT, AUTO_INCREMENT=30;

--
-- AUTO_INCREMENT for table `employees`
--
ALTER TABLE `employees`
  MODIFY `id` int(11) NOT NULL AUTO_INCREMENT, AUTO_INCREMENT=156;

--
-- AUTO_INCREMENT for table `events`
--
ALTER TABLE `events`
  MODIFY `id` int(11) NOT NULL AUTO_INCREMENT, AUTO_INCREMENT=2;

--
-- AUTO_INCREMENT for table `expenses`
--
ALTER TABLE `expenses`
  MODIFY `id` int(11) NOT NULL AUTO_INCREMENT, AUTO_INCREMENT=3;

--
-- AUTO_INCREMENT for table `hazineha`
--
ALTER TABLE `hazineha`
  MODIFY `id` int(11) NOT NULL AUTO_INCREMENT, AUTO_INCREMENT=7;

--
-- AUTO_INCREMENT for table `images`
--
ALTER TABLE `images`
  MODIFY `id` int(11) NOT NULL AUTO_INCREMENT, AUTO_INCREMENT=62;

--
-- AUTO_INCREMENT for table `invoice`
--
ALTER TABLE `invoice`
  MODIFY `id` int(11) NOT NULL AUTO_INCREMENT;

--
-- AUTO_INCREMENT for table `invoices`
--
ALTER TABLE `invoices`
  MODIFY `id` int(11) NOT NULL AUTO_INCREMENT;

--
-- AUTO_INCREMENT for table `invoice_items`
--
ALTER TABLE `invoice_items`
  MODIFY `id` int(11) NOT NULL AUTO_INCREMENT, AUTO_INCREMENT=239;

--
-- AUTO_INCREMENT for table `invoice_wage`
--
ALTER TABLE `invoice_wage`
  MODIFY `id` int(11) NOT NULL AUTO_INCREMENT, AUTO_INCREMENT=709;

--
-- AUTO_INCREMENT for table `khadamat`
--
ALTER TABLE `khadamat`
  MODIFY `id` int(11) NOT NULL AUTO_INCREMENT, AUTO_INCREMENT=126;

--
-- AUTO_INCREMENT for table `orders`
--
ALTER TABLE `orders`
  MODIFY `id` int(11) NOT NULL AUTO_INCREMENT;

--
-- AUTO_INCREMENT for table `payments`
--
ALTER TABLE `payments`
  MODIFY `id` int(11) NOT NULL AUTO_INCREMENT;

--
-- AUTO_INCREMENT for table `percentages`
--
ALTER TABLE `percentages`
  MODIFY `id` int(11) NOT NULL AUTO_INCREMENT, AUTO_INCREMENT=46;

--
-- AUTO_INCREMENT for table `percents`
--
ALTER TABLE `percents`
  MODIFY `id` int(11) NOT NULL AUTO_INCREMENT;

--
-- AUTO_INCREMENT for table `permissions`
--
ALTER TABLE `permissions`
  MODIFY `id` int(11) NOT NULL AUTO_INCREMENT;

--
-- AUTO_INCREMENT for table `price_change_log`
--
ALTER TABLE `price_change_log`
  MODIFY `id` int(11) NOT NULL AUTO_INCREMENT;

--
-- AUTO_INCREMENT for table `procurement_invoices`
--
ALTER TABLE `procurement_invoices`
  MODIFY `id` int(11) NOT NULL AUTO_INCREMENT;

--
-- AUTO_INCREMENT for table `procurement_invoice_items`
--
ALTER TABLE `procurement_invoice_items`
  MODIFY `id` int(11) NOT NULL AUTO_INCREMENT;

--
-- AUTO_INCREMENT for table `products`
--
ALTER TABLE `products`
  MODIFY `id` int(11) NOT NULL AUTO_INCREMENT, AUTO_INCREMENT=1106;

--
-- AUTO_INCREMENT for table `product_backups`
--
ALTER TABLE `product_backups`
  MODIFY `id` int(11) NOT NULL AUTO_INCREMENT, AUTO_INCREMENT=3;

--
-- AUTO_INCREMENT for table `progress`
--
ALTER TABLE `progress`
  MODIFY `id` int(6) UNSIGNED NOT NULL AUTO_INCREMENT, AUTO_INCREMENT=38;

--
-- AUTO_INCREMENT for table `projects`
--
ALTER TABLE `projects`
  MODIFY `id` int(11) NOT NULL AUTO_INCREMENT, AUTO_INCREMENT=472;

--
-- AUTO_INCREMENT for table `project_expenses`
--
ALTER TABLE `project_expenses`
  MODIFY `id` int(11) NOT NULL AUTO_INCREMENT;

--
-- AUTO_INCREMENT for table `purchase_invoices`
--
ALTER TABLE `purchase_invoices`
  MODIFY `id` int(11) NOT NULL AUTO_INCREMENT, AUTO_INCREMENT=68;

--
-- AUTO_INCREMENT for table `purchase_invoice_items`
--
ALTER TABLE `purchase_invoice_items`
  MODIFY `id` int(11) NOT NULL AUTO_INCREMENT, AUTO_INCREMENT=98;

--
-- AUTO_INCREMENT for table `roles`
--
ALTER TABLE `roles`
  MODIFY `id` int(11) NOT NULL AUTO_INCREMENT, AUTO_INCREMENT=9;

--
-- AUTO_INCREMENT for table `sales_return_invoices`
--
ALTER TABLE `sales_return_invoices`
  MODIFY `id` int(11) NOT NULL AUTO_INCREMENT;

--
-- AUTO_INCREMENT for table `sales_return_invoice_items`
--
ALTER TABLE `sales_return_invoice_items`
  MODIFY `id` int(11) NOT NULL AUTO_INCREMENT;

--
-- AUTO_INCREMENT for table `sale_invoices`
--
ALTER TABLE `sale_invoices`
  MODIFY `id` int(11) NOT NULL AUTO_INCREMENT;

--
-- AUTO_INCREMENT for table `sale_invoice_items`
--
ALTER TABLE `sale_invoice_items`
  MODIFY `id` int(11) NOT NULL AUTO_INCREMENT, AUTO_INCREMENT=2;

--
-- AUTO_INCREMENT for table `service_requests`
--
ALTER TABLE `service_requests`
  MODIFY `id` int(11) NOT NULL AUTO_INCREMENT;

--
-- AUTO_INCREMENT for table `staff`
--
ALTER TABLE `staff`
  MODIFY `id` int(11) NOT NULL AUTO_INCREMENT, AUTO_INCREMENT=21;

--
-- AUTO_INCREMENT for table `suppliers`
--
ALTER TABLE `suppliers`
  MODIFY `id` int(11) NOT NULL AUTO_INCREMENT, AUTO_INCREMENT=20;

--
-- AUTO_INCREMENT for table `tasks`
--
ALTER TABLE `tasks`
  MODIFY `id` int(11) NOT NULL AUTO_INCREMENT, AUTO_INCREMENT=21;

--
-- AUTO_INCREMENT for table `tickets`
--
ALTER TABLE `tickets`
  MODIFY `id` int(11) NOT NULL AUTO_INCREMENT, AUTO_INCREMENT=15;

--
-- AUTO_INCREMENT for table `ticket_recipients`
--
ALTER TABLE `ticket_recipients`
  MODIFY `id` int(11) NOT NULL AUTO_INCREMENT, AUTO_INCREMENT=14;

--
-- AUTO_INCREMENT for table `ticket_replies`
--
ALTER TABLE `ticket_replies`
  MODIFY `id` int(11) NOT NULL AUTO_INCREMENT, AUTO_INCREMENT=23;

--
-- AUTO_INCREMENT for table `timesheets`
--
ALTER TABLE `timesheets`
  MODIFY `id` int(11) NOT NULL AUTO_INCREMENT;

--
-- AUTO_INCREMENT for table `units`
--
ALTER TABLE `units`
  MODIFY `id` int(11) NOT NULL AUTO_INCREMENT, AUTO_INCREMENT=86;

--
-- AUTO_INCREMENT for table `uploads`
--
ALTER TABLE `uploads`
  MODIFY `id` int(11) NOT NULL AUTO_INCREMENT, AUTO_INCREMENT=17;

--
-- AUTO_INCREMENT for table `users`
--
ALTER TABLE `users`
  MODIFY `id` int(11) NOT NULL AUTO_INCREMENT, AUTO_INCREMENT=30;

--
-- Constraints for dumped tables
--

--
-- Constraints for table `direct_sales_items`
--
ALTER TABLE `direct_sales_items`
  ADD CONSTRAINT `fk_invoice_id` FOREIGN KEY (`invoice_id`) REFERENCES `direct_sales` (`id`) ON DELETE CASCADE;

--
-- Constraints for table `procurement_invoice_items`
--
ALTER TABLE `procurement_invoice_items`
  ADD CONSTRAINT `procurement_invoice_items_ibfk_1` FOREIGN KEY (`invoice_id`) REFERENCES `procurement_invoices` (`id`) ON DELETE CASCADE;

--
-- Constraints for table `purchase_invoice_items`
--
ALTER TABLE `purchase_invoice_items`
  ADD CONSTRAINT `fk_purchase_product_id` FOREIGN KEY (`product_id`) REFERENCES `products` (`id`) ON DELETE SET NULL,
  ADD CONSTRAINT `purchase_invoice_items_ibfk_1` FOREIGN KEY (`invoice_id`) REFERENCES `purchase_invoices` (`id`) ON DELETE CASCADE,
  ADD CONSTRAINT `purchase_invoice_items_ibfk_2` FOREIGN KEY (`product_id`) REFERENCES `products` (`id`) ON DELETE CASCADE;

--
-- Constraints for table `sales_return_invoice_items`
--
ALTER TABLE `sales_return_invoice_items`
  ADD CONSTRAINT `sales_return_invoice_items_ibfk_1` FOREIGN KEY (`invoice_id`) REFERENCES `sales_return_invoices` (`id`) ON DELETE CASCADE;

--
-- Constraints for table `sale_invoice_items`
--
ALTER TABLE `sale_invoice_items`
  ADD CONSTRAINT `fk_sale_invoice_id` FOREIGN KEY (`invoice_id`) REFERENCES `sale_invoices` (`id`) ON DELETE SET NULL,
  ADD CONSTRAINT `fk_sale_product_id` FOREIGN KEY (`product_id`) REFERENCES `products` (`id`) ON DELETE SET NULL,
  ADD CONSTRAINT `sale_invoice_items_ibfk_1` FOREIGN KEY (`invoice_id`) REFERENCES `sale_invoices` (`id`) ON DELETE CASCADE;

--
-- Constraints for table `ticket_recipients`
--
ALTER TABLE `ticket_recipients`
  ADD CONSTRAINT `ticket_recipients_ibfk_1` FOREIGN KEY (`ticket_id`) REFERENCES `tickets` (`id`) ON DELETE CASCADE,
  ADD CONSTRAINT `ticket_recipients_ibfk_2` FOREIGN KEY (`user_id`) REFERENCES `users` (`id`) ON DELETE CASCADE;

--
-- Constraints for table `user_roles`
--
ALTER TABLE `user_roles`
  ADD CONSTRAINT `user_roles_ibfk_1` FOREIGN KEY (`user_id`) REFERENCES `users` (`id`) ON DELETE CASCADE,
  ADD CONSTRAINT `user_roles_ibfk_2` FOREIGN KEY (`role_id`) REFERENCES `roles` (`id`) ON DELETE CASCADE;
COMMIT;

/*!40101 SET CHARACTER_SET_CLIENT=@OLD_CHARACTER_SET_CLIENT */;
/*!40101 SET CHARACTER_SET_RESULTS=@OLD_CHARACTER_SET_RESULTS */;
/*!40101 SET COLLATION_CONNECTION=@OLD_COLLATION_CONNECTION */;
